geoid,cr_geoid,name,original_id,pop100,hu100,state_place_fips
421010041011000,1254,Greenwich,,135,45,4260000
421010041011001,1254,Greenwich,,124,44,4260000
421010041011002,1254,Greenwich,,57,27,4260000
421010041011003,1254,Greenwich,,129,45,4260000
421010041011004,1254,Greenwich,,64,32,4260000
421010041011005,1254,Greenwich,,60,29,4260000
421010041011006,1254,Greenwich,,106,31,4260000
421010041011007,1254,Greenwich,,77,37,4260000
421010041011008,1254,Greenwich,,27,8,4260000
421010041011009,1254,Greenwich,,85,35,4260000
421010041011010,1254,Greenwich,,60,32,4260000
421010041011011,1254,Greenwich,,105,43,4260000
421010041014000,1254,Greenwich,,150,52,4260000
421010041014001,1254,Greenwich,,0,0,4260000
421010041014005,1254,Greenwich,,141,56,4260000
421010041014006,1254,Greenwich,,52,29,4260000
421010041014007,1254,Greenwich,,92,40,4260000
421010041014010,1254,Greenwich,,145,46,4260000
421010041014011,1254,Greenwich,,88,43,4260000
421010041014012,1254,Greenwich,,59,15,4260000
421010041014013,1254,Greenwich,,69,23,4260000
421010041014014,1254,Greenwich,,176,52,4260000
421010041014015,1254,Greenwich,,120,51,4260000
421010042014004,1254,Greenwich,,125,56,4260000
421010042014005,1254,Greenwich,,93,43,4260000
421010042014006,1254,Greenwich,,137,53,4260000
421010042014007,1254,Greenwich,,123,45,4260000
421010042014008,1254,Greenwich,,70,33,4260000
421010042014015,1254,Greenwich,,113,45,4260000
421010029001007,1301,Newbold,,0,0,4260000
421010029001008,1301,Newbold,,0,0,4260000
421010029001009,1301,Newbold,,0,0,4260000
421010029001010,1301,Newbold,,0,0,4260000
421010029001011,1301,Newbold,,4,1,4260000
421010029001022,1301,Newbold,,0,0,4260000
421010029001023,1301,Newbold,,0,0,4260000
421010029002006,1301,Newbold,,0,0,4260000
421010029002010,1301,Newbold,,0,0,4260000
421010030011000,1301,Newbold,,101,72,4260000
421010030011001,1301,Newbold,,187,62,4260000
421010030011002,1301,Newbold,,172,57,4260000
421010030011003,1301,Newbold,,208,63,4260000
421010030011004,1301,Newbold,,134,58,4260000
421010030012000,1301,Newbold,,0,0,4260000
421010030012001,1301,Newbold,,163,57,4260000
421010030012002,1301,Newbold,,72,33,4260000
421010030012003,1301,Newbold,,0,0,4260000
421010030012004,1301,Newbold,,147,71,4260000
421010030012005,1301,Newbold,,116,56,4260000
421010030012006,1301,Newbold,,116,51,4260000
421010030012007,1301,Newbold,,164,63,4260000
421010030013000,1301,Newbold,,125,56,4260000
421010030013001,1301,Newbold,,163,58,4260000
421010030013002,1301,Newbold,,164,59,4260000
421010030013003,1301,Newbold,,149,56,4260000
421010030013004,1301,Newbold,,120,44,4260000
421010030013005,1301,Newbold,,92,42,4260000
421010030013006,1301,Newbold,,175,68,4260000
421010030013007,1301,Newbold,,119,54,4260000
421010030014000,1301,Newbold,,186,57,4260000
421010030014001,1301,Newbold,,140,55,4260000
421010030014002,1301,Newbold,,141,56,4260000
421010030014003,1301,Newbold,,163,56,4260000
421010030014004,1301,Newbold,,159,54,4260000
421010030014005,1301,Newbold,,169,55,4260000
421010030014006,1301,Newbold,,160,55,4260000
421010030014007,1301,Newbold,,148,68,4260000
421010030015000,1301,Newbold,,189,58,4260000
421010030015001,1301,Newbold,,123,52,4260000
421010030015002,1301,Newbold,,155,56,4260000
421010030015003,1301,Newbold,,133,53,4260000
421010030015004,1301,Newbold,,109,48,4260000
421010030015005,1301,Newbold,,2,0,4260000
421010039011000,1301,Newbold,,0,0,4260000
421010039011001,1301,Newbold,,144,65,4260000
421010039011002,1301,Newbold,,140,59,4260000
421010039011003,1301,Newbold,,149,55,4260000
421010039011004,1301,Newbold,,99,50,4260000
421010039011005,1301,Newbold,,44,28,4260000
421010039011006,1301,Newbold,,102,49,4260000
421010039011007,1301,Newbold,,0,0,4260000
421010039011008,1301,Newbold,,19,11,4260000
421010039011009,1301,Newbold,,98,57,4260000
421010039011010,1301,Newbold,,134,71,4260000
421010039011011,1301,Newbold,,143,75,4260000
421010039011012,1301,Newbold,,99,61,4260000
421010039011013,1301,Newbold,,100,61,4260000
421010039011014,1301,Newbold,,102,66,4260000
421010039012000,1301,Newbold,,94,59,4260000
421010039012001,1301,Newbold,,105,56,4260000
421010039012002,1301,Newbold,,167,86,4260000
421010039012003,1301,Newbold,,149,91,4260000
421010039012004,1301,Newbold,,59,27,4260000
421010039013000,1301,Newbold,,137,60,4260000
421010039013001,1301,Newbold,,131,54,4260000
421010039013002,1301,Newbold,,136,56,4260000
421010039013003,1301,Newbold,,120,50,4260000
421010039013004,1301,Newbold,,90,54,4260000
421010039013005,1301,Newbold,,69,45,4260000
421010039014000,1301,Newbold,,40,17,4260000
421010039014001,1301,Newbold,,37,18,4260000
421010039014002,1301,Newbold,,98,35,4260000
421010039014003,1301,Newbold,,219,109,4260000
421010039014004,1301,Newbold,,132,48,4260000
421010039014005,1301,Newbold,,154,45,4260000
421010039014006,1301,Newbold,,110,54,4260000
421010039014007,1301,Newbold,,139,60,4260000
421010039014008,1301,Newbold,,112,48,4260000
421010039014009,1301,Newbold,,12,8,4260000
421010039014010,1301,Newbold,,108,41,4260000
421010039014011,1301,Newbold,,4,3,4260000
421010039014012,1301,Newbold,,0,0,4260000
421010039014013,1301,Newbold,,89,47,4260000
421010039014014,1301,Newbold,,79,31,4260000
421010039014015,1301,Newbold,,18,12,4260000
421010039014016,1301,Newbold,,13,13,4260000
421010039014017,1301,Newbold,,69,28,4260000
421010039014018,1301,Newbold,,22,11,4260000
421010039014019,1301,Newbold,,63,32,4260000
421010039014020,1301,Newbold,,63,35,4260000
421010040013003,1301,Newbold,,0,0,4260000
421010040013004,1301,Newbold,,0,0,4260000
421010040013005,1301,Newbold,,0,0,4260000
421010040013006,1301,Newbold,,0,0,4260000
421010040014007,1301,Newbold,,0,0,4260000
421010040014008,1301,Newbold,,0,0,4260000
421010040014009,1301,Newbold,,0,0,4260000
421010040014010,1301,Newbold,,0,0,4260000
421010037011000,1302,West Passyunk,,106,49,4260000
421010037011001,1302,West Passyunk,,97,44,4260000
421010037011002,1302,West Passyunk,,91,46,4260000
421010037011003,1302,West Passyunk,,110,48,4260000
421010037011004,1302,West Passyunk,,155,56,4260000
421010037011005,1302,West Passyunk,,142,54,4260000
421010037011006,1302,West Passyunk,,142,54,4260000
421010037011007,1302,West Passyunk,,85,49,4260000
421010037011008,1302,West Passyunk,,154,57,4260000
421010037011009,1302,West Passyunk,,119,56,4260000
421010037012000,1302,West Passyunk,,150,53,4260000
421010037012001,1302,West Passyunk,,121,51,4260000
421010037012002,1302,West Passyunk,,117,54,4260000
421010037012003,1302,West Passyunk,,120,48,4260000
421010037012004,1302,West Passyunk,,148,52,4260000
421010037012005,1302,West Passyunk,,147,53,4260000
421010037012006,1302,West Passyunk,,101,39,4260000
421010037012007,1302,West Passyunk,,140,53,4260000
421010037013000,1302,West Passyunk,,84,35,4260000
421010037013001,1302,West Passyunk,,139,55,4260000
421010037013002,1302,West Passyunk,,140,54,4260000
421010037013003,1302,West Passyunk,,114,50,4260000
421010037013004,1302,West Passyunk,,134,44,4260000
421010037013005,1302,West Passyunk,,143,52,4260000
421010037013006,1302,West Passyunk,,138,54,4260000
421010037013007,1302,West Passyunk,,135,54,4260000
421010037013008,1302,West Passyunk,,154,57,4260000
421010037013009,1302,West Passyunk,,134,54,4260000
421010037013010,1302,West Passyunk,,134,55,4260000
421010037013011,1302,West Passyunk,,191,72,4260000
421010037013012,1302,West Passyunk,,184,70,4260000
421010037013013,1302,West Passyunk,,173,70,4260000
421010037014000,1302,West Passyunk,,90,33,4260000
421010037014001,1302,West Passyunk,,107,40,4260000
421010037014002,1302,West Passyunk,,66,34,4260000
421010037014003,1302,West Passyunk,,34,12,4260000
421010037014004,1302,West Passyunk,,73,37,4260000
421010037014005,1302,West Passyunk,,125,54,4260000
421010037014006,1302,West Passyunk,,64,24,4260000
421010037014007,1302,West Passyunk,,139,54,4260000
421010037014008,1302,West Passyunk,,146,60,4260000
421010037014009,1302,West Passyunk,,125,51,4260000
421010037014010,1302,West Passyunk,,104,40,4260000
421010037014011,1302,West Passyunk,,155,49,4260000
421010037014012,1302,West Passyunk,,155,48,4260000
421010037015000,1302,West Passyunk,,134,68,4260000
421010037015001,1302,West Passyunk,,0,0,4260000
421010037015002,1302,West Passyunk,,119,52,4260000
421010037015003,1302,West Passyunk,,109,51,4260000
421010037015004,1302,West Passyunk,,119,47,4260000
421010037015005,1302,West Passyunk,,120,62,4260000
421010037015006,1302,West Passyunk,,128,61,4260000
421010037015007,1302,West Passyunk,,92,42,4260000
421010037015008,1302,West Passyunk,,163,52,4260000
421010037021000,1302,West Passyunk,,0,0,4260000
421010037021001,1302,West Passyunk,,139,53,4260000
421010037021002,1302,West Passyunk,,93,44,4260000
421010037021003,1302,West Passyunk,,154,55,4260000
421010037021004,1302,West Passyunk,,149,51,4260000
421010037021005,1302,West Passyunk,,160,52,4260000
421010037021006,1302,West Passyunk,,134,55,4260000
421010037021007,1302,West Passyunk,,149,52,4260000
421010037021008,1302,West Passyunk,,1,0,4260000
421010037021009,1302,West Passyunk,,117,50,4260000
421010037021010,1302,West Passyunk,,155,50,4260000
421010037021011,1302,West Passyunk,,107,41,4260000
421010037021012,1302,West Passyunk,,89,33,4260000
421010037021013,1302,West Passyunk,,86,40,4260000
421010037021014,1302,West Passyunk,,0,0,4260000
421010037021015,1302,West Passyunk,,0,0,4260000
421010037021016,1302,West Passyunk,,50,20,4260000
421010037022000,1302,West Passyunk,,115,49,4260000
421010037022001,1302,West Passyunk,,145,55,4260000
421010037022002,1302,West Passyunk,,112,48,4260000
421010037022003,1302,West Passyunk,,118,62,4260000
421010037022004,1302,West Passyunk,,127,58,4260000
421010037022005,1302,West Passyunk,,133,55,4260000
421010037022006,1302,West Passyunk,,132,54,4260000
421010037022007,1302,West Passyunk,,144,57,4260000
421010037022008,1302,West Passyunk,,134,53,4260000
421010037022009,1302,West Passyunk,,63,21,4260000
421010037022010,1302,West Passyunk,,73,33,4260000
421010037022011,1302,West Passyunk,,47,27,4260000
421010037022012,1302,West Passyunk,,129,57,4260000
421010037023000,1302,West Passyunk,,0,0,4260000
421010037023001,1302,West Passyunk,,147,57,4260000
421010037023002,1302,West Passyunk,,158,56,4260000
421010037023003,1302,West Passyunk,,179,55,4260000
421010037023004,1302,West Passyunk,,83,45,4260000
421010037023005,1302,West Passyunk,,85,48,4260000
421010037023006,1302,West Passyunk,,0,0,4260000
421010037023007,1302,West Passyunk,,0,0,4260000
421010028011005,1303,East Passyunk,,103,54,4260000
421010028011006,1303,East Passyunk,,79,42,4260000
421010028011007,1303,East Passyunk,,274,111,4260000
421010028012001,1303,East Passyunk,,161,54,4260000
421010028012002,1303,East Passyunk,,108,50,4260000
421010028012004,1303,East Passyunk,,141,49,4260000
421010028012007,1303,East Passyunk,,132,47,4260000
421010028012008,1303,East Passyunk,,130,53,4260000
421010028012011,1303,East Passyunk,,130,46,4260000
421010028021000,1303,East Passyunk,,135,49,4260000
421010028021001,1303,East Passyunk,,88,33,4260000
421010028021002,1303,East Passyunk,,105,44,4260000
421010028021003,1303,East Passyunk,,151,55,4260000
421010028021004,1303,East Passyunk,,120,57,4260000
421010028021005,1303,East Passyunk,,125,55,4260000
421010028021006,1303,East Passyunk,,148,60,4260000
421010028021007,1303,East Passyunk,,46,28,4260000
421010028021008,1303,East Passyunk,,138,57,4260000
421010028022000,1303,East Passyunk,,165,74,4260000
421010028022001,1303,East Passyunk,,119,51,4260000
421010028022002,1303,East Passyunk,,45,26,4260000
421010028022003,1303,East Passyunk,,88,43,4260000
421010028022004,1303,East Passyunk,,74,28,4260000
421010028022005,1303,East Passyunk,,113,54,4260000
421010028022006,1303,East Passyunk,,139,57,4260000
421010028022007,1303,East Passyunk,,130,63,4260000
421010028022008,1303,East Passyunk,,50,37,4260000
421010028022009,1303,East Passyunk,,0,0,4260000
421010028022010,1303,East Passyunk,,20,12,4260000
421010028023002,1303,East Passyunk,,76,41,4260000
421010028023003,1303,East Passyunk,,62,31,4260000
421010028023004,1303,East Passyunk,,100,49,4260000
421010028023005,1303,East Passyunk,,124,53,4260000
421010028023006,1303,East Passyunk,,119,57,4260000
421010028023007,1303,East Passyunk,,118,45,4260000
421010028023008,1303,East Passyunk,,118,44,4260000
421010028023009,1303,East Passyunk,,130,52,4260000
421010028024005,1303,East Passyunk,,145,75,4260000
421010028024006,1303,East Passyunk,,111,60,4260000
421010028024007,1303,East Passyunk,,87,51,4260000
421010028024008,1303,East Passyunk,,115,62,4260000
421010028024009,1303,East Passyunk,,107,59,4260000
421010028024010,1303,East Passyunk,,95,45,4260000
421010029001000,1303,East Passyunk,,67,44,4260000
421010029001001,1303,East Passyunk,,95,46,4260000
421010029001002,1303,East Passyunk,,94,58,4260000
421010029001003,1303,East Passyunk,,114,47,4260000
421010029001004,1303,East Passyunk,,99,52,4260000
421010029001005,1303,East Passyunk,,125,53,4260000
421010029001006,1303,East Passyunk,,0,0,4260000
421010029001012,1303,East Passyunk,,176,93,4260000
421010029001013,1303,East Passyunk,,148,67,4260000
421010029001014,1303,East Passyunk,,51,31,4260000
421010029001015,1303,East Passyunk,,92,43,4260000
421010029001016,1303,East Passyunk,,37,20,4260000
421010029001017,1303,East Passyunk,,81,41,4260000
421010029001018,1303,East Passyunk,,74,40,4260000
421010029001019,1303,East Passyunk,,62,34,4260000
421010029001020,1303,East Passyunk,,92,46,4260000
421010029001021,1303,East Passyunk,,50,36,4260000
421010029002005,1303,East Passyunk,,61,38,4260000
421010029002007,1303,East Passyunk,,71,31,4260000
421010029002008,1303,East Passyunk,,112,61,4260000
421010029002009,1303,East Passyunk,,119,57,4260000
421010040011000,1303,East Passyunk,,164,81,4260000
421010040011001,1303,East Passyunk,,116,50,4260000
421010040011002,1303,East Passyunk,,103,55,4260000
421010040011003,1303,East Passyunk,,101,55,4260000
421010040011004,1303,East Passyunk,,130,64,4260000
421010040011005,1303,East Passyunk,,94,43,4260000
421010040011006,1303,East Passyunk,,77,44,4260000
421010040011007,1303,East Passyunk,,128,61,4260000
421010040011008,1303,East Passyunk,,116,56,4260000
421010040011009,1303,East Passyunk,,59,35,4260000
421010040011010,1303,East Passyunk,,144,55,4260000
421010040011011,1303,East Passyunk,,60,28,4260000
421010040014000,1303,East Passyunk,,102,52,4260000
421010040014001,1303,East Passyunk,,118,53,4260000
421010040014002,1303,East Passyunk,,93,52,4260000
421010040014003,1303,East Passyunk,,68,50,4260000
421010040014004,1303,East Passyunk,,2,3,4260000
421010040014005,1303,East Passyunk,,77,58,4260000
421010040014006,1303,East Passyunk,,0,0,4260000
421010040014011,1303,East Passyunk,,145,60,4260000
421010040014012,1303,East Passyunk,,94,40,4260000
421010040014013,1303,East Passyunk,,116,56,4260000
421010040014014,1303,East Passyunk,,125,72,4260000
421010041014002,1303,East Passyunk,,137,57,4260000
421010041014003,1303,East Passyunk,,136,56,4260000
421010041014004,1303,East Passyunk,,111,53,4260000
421010041014008,1303,East Passyunk,,57,26,4260000
421010041014009,1303,East Passyunk,,72,35,4260000
421010041014016,1303,East Passyunk,,48,21,4260000
421010111001000,1277,West Parkside,,0,0,4260000
421010111001001,1277,West Parkside,,20,8,4260000
421010111001002,1277,West Parkside,,18,10,4260000
421010111001003,1277,West Parkside,,0,0,4260000
421010111001004,1277,West Parkside,,144,53,4260000
421010111001005,1277,West Parkside,,46,25,4260000
421010111001006,1277,West Parkside,,71,38,4260000
421010111001007,1277,West Parkside,,130,54,4260000
421010111001008,1277,West Parkside,,11,2,4260000
421010111001009,1277,West Parkside,,0,0,4260000
421010111001010,1277,West Parkside,,0,0,4260000
421010111001011,1277,West Parkside,,0,0,4260000
421010111001012,1277,West Parkside,,54,33,4260000
421010111002000,1277,West Parkside,,58,31,4260000
421010111005000,1277,West Parkside,,0,0,4260000
421010111005006,1277,West Parkside,,12,10,4260000
421010111005007,1277,West Parkside,,14,4,4260000
421010002001006,1239,Center City East,,0,0,4260000
421010002001007,1239,Center City East,,0,0,4260000
421010002001008,1239,Center City East,,0,0,4260000
421010002001009,1239,Center City East,,0,0,4260000
421010002001010,1239,Center City East,,0,0,4260000
421010002001011,1239,Center City East,,0,0,4260000
421010002001012,1239,Center City East,,0,0,4260000
421010002001013,1239,Center City East,,7,7,4260000
421010002001014,1239,Center City East,,4,4,4260000
421010002001015,1239,Center City East,,0,0,4260000
421010002001016,1239,Center City East,,2,2,4260000
421010002001017,1239,Center City East,,0,0,4260000
421010002001018,1239,Center City East,,0,0,4260000
421010002001019,1239,Center City East,,0,0,4260000
421010002001020,1239,Center City East,,0,0,4260000
421010002001021,1239,Center City East,,0,0,4260000
421010002001022,1239,Center City East,,26,13,4260000
421010002001023,1239,Center City East,,54,26,4260000
421010002001024,1239,Center City East,,42,25,4260000
421010002001025,1239,Center City East,,5,3,4260000
421010002001026,1239,Center City East,,0,0,4260000
421010002001045,1239,Center City East,,0,0,4260000
421010002001046,1239,Center City East,,0,0,4260000
421010002001047,1239,Center City East,,10,2,4260000
421010002001048,1239,Center City East,,21,9,4260000
421010002001049,1239,Center City East,,356,27,4260000
421010002001050,1239,Center City East,,0,0,4260000
421010002001051,1239,Center City East,,0,0,4260000
421010002001052,1239,Center City East,,0,0,4260000
421010002001053,1239,Center City East,,0,0,4260000
421010002001060,1239,Center City East,,0,0,4260000
421010002001061,1239,Center City East,,5,5,4260000
421010003001000,1239,Center City East,,0,0,4260000
421010003001001,1239,Center City East,,0,0,4260000
421010003001035,1239,Center City East,,0,0,4260000
421010003001036,1239,Center City East,,0,0,4260000
421010003001037,1239,Center City East,,0,0,4260000
421010003001038,1239,Center City East,,0,0,4260000
421010003001039,1239,Center City East,,0,0,4260000
421010003001040,1239,Center City East,,0,0,4260000
421010003001041,1239,Center City East,,0,0,4260000
421010003001042,1239,Center City East,,0,0,4260000
421010004022000,1239,Center City East,,0,0,4260000
421010004022001,1239,Center City East,,0,0,4260000
421010005001002,1239,Center City East,,67,22,4260000
421010005001003,1239,Center City East,,42,17,4260000
421010005001004,1239,Center City East,,188,116,4260000
421010005001005,1239,Center City East,,0,0,4260000
421010005001006,1239,Center City East,,90,75,4260000
421010005001007,1239,Center City East,,112,0,4260000
421010005001008,1239,Center City East,,0,0,4260000
421010005001009,1239,Center City East,,0,0,4260000
421010005001010,1239,Center City East,,47,0,4260000
421010005001011,1239,Center City East,,0,0,4260000
421010005001012,1239,Center City East,,1,0,4260000
421010005001013,1239,Center City East,,0,0,4260000
421010005001015,1239,Center City East,,0,0,4260000
421010005001019,1239,Center City East,,2,0,4260000
421010005001020,1239,Center City East,,0,0,4260000
421010005001021,1239,Center City East,,6,1,4260000
421010005001022,1239,Center City East,,0,0,4260000
421010125001036,1239,Center City East,,0,0,4260000
421010125001037,1239,Center City East,,0,0,4260000
421010125001051,1239,Center City East,,0,0,4260000
421010125001052,1239,Center City East,,0,0,4260000
421010125001053,1239,Center City East,,0,0,4260000
421010376002049,1239,Center City East,,386,1,4260000
421010376002050,1239,Center City East,,0,0,4260000
421010376002051,1239,Center City East,,0,0,4260000
421010376002052,1239,Center City East,,0,0,4260000
421010376002053,1239,Center City East,,0,0,4260000
421010205001000,1204,Southwest Germantown,,0,0,4260000
421010205001001,1204,Southwest Germantown,,0,0,4260000
421010205001002,1204,Southwest Germantown,,0,0,4260000
421010205001003,1204,Southwest Germantown,,0,0,4260000
421010205001004,1204,Southwest Germantown,,0,0,4260000
421010205001007,1204,Southwest Germantown,,0,0,4260000
421010205001025,1204,Southwest Germantown,,0,0,4260000
421010242003000,1204,Southwest Germantown,,147,91,4260000
421010242003001,1204,Southwest Germantown,,77,38,4260000
421010242003002,1204,Southwest Germantown,,90,36,4260000
421010242003003,1204,Southwest Germantown,,104,33,4260000
421010242003004,1204,Southwest Germantown,,87,29,4260000
421010242003005,1204,Southwest Germantown,,105,32,4260000
421010242003006,1204,Southwest Germantown,,146,68,4260000
421010242003007,1204,Southwest Germantown,,96,26,4260000
421010242003008,1204,Southwest Germantown,,94,30,4260000
421010242003009,1204,Southwest Germantown,,122,56,4260000
421010242003010,1204,Southwest Germantown,,90,40,4260000
421010242003011,1204,Southwest Germantown,,27,7,4260000
421010242004000,1204,Southwest Germantown,,181,68,4260000
421010242004001,1204,Southwest Germantown,,112,37,4260000
421010242004002,1204,Southwest Germantown,,144,61,4260000
421010242004003,1204,Southwest Germantown,,122,57,4260000
421010242004004,1204,Southwest Germantown,,110,60,4260000
421010242004005,1204,Southwest Germantown,,151,61,4260000
421010242004006,1204,Southwest Germantown,,160,71,4260000
421010242004007,1204,Southwest Germantown,,89,55,4260000
421010242004008,1204,Southwest Germantown,,154,67,4260000
421010242004009,1204,Southwest Germantown,,144,53,4260000
421010243002000,1204,Southwest Germantown,,58,24,4260000
421010243002001,1204,Southwest Germantown,,91,47,4260000
421010243002002,1204,Southwest Germantown,,65,32,4260000
421010243002003,1204,Southwest Germantown,,478,247,4260000
421010243002004,1204,Southwest Germantown,,379,221,4260000
421010243002005,1204,Southwest Germantown,,154,59,4260000
421010243002006,1204,Southwest Germantown,,138,64,4260000
421010243002007,1204,Southwest Germantown,,134,65,4260000
421010243003000,1204,Southwest Germantown,,198,80,4260000
421010243003001,1204,Southwest Germantown,,146,68,4260000
421010243003002,1204,Southwest Germantown,,145,55,4260000
421010243003003,1204,Southwest Germantown,,161,68,4260000
421010243003004,1204,Southwest Germantown,,58,24,4260000
421010243003005,1204,Southwest Germantown,,161,62,4260000
421010243003006,1204,Southwest Germantown,,92,44,4260000
421010243004000,1204,Southwest Germantown,,99,38,4260000
421010243004001,1204,Southwest Germantown,,161,69,4260000
421010243004002,1204,Southwest Germantown,,1,1,4260000
421010243004003,1204,Southwest Germantown,,99,53,4260000
421010243004004,1204,Southwest Germantown,,34,15,4260000
421010243004005,1204,Southwest Germantown,,167,91,4260000
421010243004006,1204,Southwest Germantown,,134,63,4260000
421010244001000,1204,Southwest Germantown,,123,54,4260000
421010244001001,1204,Southwest Germantown,,133,46,4260000
421010244001002,1204,Southwest Germantown,,104,55,4260000
421010244001003,1204,Southwest Germantown,,184,100,4260000
421010244001004,1204,Southwest Germantown,,147,55,4260000
421010244001005,1204,Southwest Germantown,,63,28,4260000
421010244001006,1204,Southwest Germantown,,76,49,4260000
421010244002000,1204,Southwest Germantown,,98,30,4260000
421010244002001,1204,Southwest Germantown,,192,73,4260000
421010244002002,1204,Southwest Germantown,,201,92,4260000
421010244002003,1204,Southwest Germantown,,43,26,4260000
421010244002004,1204,Southwest Germantown,,226,91,4260000
421010244002005,1204,Southwest Germantown,,71,47,4260000
421010244002006,1204,Southwest Germantown,,40,21,4260000
421010244003000,1204,Southwest Germantown,,201,105,4260000
421010244003001,1204,Southwest Germantown,,110,56,4260000
421010244003002,1204,Southwest Germantown,,129,46,4260000
421010244003003,1204,Southwest Germantown,,218,70,4260000
421010244003004,1204,Southwest Germantown,,134,58,4260000
421010244003005,1204,Southwest Germantown,,170,76,4260000
421010244003006,1204,Southwest Germantown,,93,31,4260000
421010244003007,1204,Southwest Germantown,,74,33,4260000
421010244003008,1204,Southwest Germantown,,68,24,4260000
421010244003009,1204,Southwest Germantown,,21,13,4260000
421010244003010,1204,Southwest Germantown,,210,71,4260000
421010069003000,1270,Southwest Schuylkill,,183,68,4260000
421010069003001,1270,Southwest Schuylkill,,105,56,4260000
421010069003002,1270,Southwest Schuylkill,,0,0,4260000
421010069003003,1270,Southwest Schuylkill,,0,0,4260000
421010069003004,1270,Southwest Schuylkill,,0,0,4260000
421010070001000,1270,Southwest Schuylkill,,143,50,4260000
421010070001001,1270,Southwest Schuylkill,,114,51,4260000
421010070001002,1270,Southwest Schuylkill,,136,54,4260000
421010070001003,1270,Southwest Schuylkill,,159,59,4260000
421010070001004,1270,Southwest Schuylkill,,152,68,4260000
421010070001005,1270,Southwest Schuylkill,,117,47,4260000
421010070001006,1270,Southwest Schuylkill,,102,43,4260000
421010070002000,1270,Southwest Schuylkill,,174,68,4260000
421010070002001,1270,Southwest Schuylkill,,161,64,4260000
421010070002002,1270,Southwest Schuylkill,,59,29,4260000
421010070002003,1270,Southwest Schuylkill,,124,59,4260000
421010070002004,1270,Southwest Schuylkill,,95,47,4260000
421010070002005,1270,Southwest Schuylkill,,86,45,4260000
421010070003000,1270,Southwest Schuylkill,,46,21,4260000
421010070003001,1270,Southwest Schuylkill,,105,47,4260000
421010070003002,1270,Southwest Schuylkill,,14,8,4260000
421010070003003,1270,Southwest Schuylkill,,113,56,4260000
421010070003004,1270,Southwest Schuylkill,,131,64,4260000
421010070003005,1270,Southwest Schuylkill,,143,61,4260000
421010070003006,1270,Southwest Schuylkill,,164,56,4260000
421010070003007,1270,Southwest Schuylkill,,73,31,4260000
421010070003008,1270,Southwest Schuylkill,,112,50,4260000
421010070003009,1270,Southwest Schuylkill,,0,0,4260000
421010070004000,1270,Southwest Schuylkill,,140,63,4260000
421010070004001,1270,Southwest Schuylkill,,156,64,4260000
421010070004002,1270,Southwest Schuylkill,,148,65,4260000
421010070004003,1270,Southwest Schuylkill,,116,41,4260000
421010070004004,1270,Southwest Schuylkill,,133,47,4260000
421010070005000,1270,Southwest Schuylkill,,101,44,4260000
421010070005001,1270,Southwest Schuylkill,,132,51,4260000
421010070005002,1270,Southwest Schuylkill,,0,0,4260000
421010070005003,1270,Southwest Schuylkill,,81,32,4260000
421010070005004,1270,Southwest Schuylkill,,79,40,4260000
421010070005005,1270,Southwest Schuylkill,,92,35,4260000
421010070005006,1270,Southwest Schuylkill,,30,28,4260000
421010070005007,1270,Southwest Schuylkill,,28,12,4260000
421010070005008,1270,Southwest Schuylkill,,84,40,4260000
421010070005009,1270,Southwest Schuylkill,,8,5,4260000
421010070005010,1270,Southwest Schuylkill,,14,4,4260000
421010070005011,1270,Southwest Schuylkill,,65,27,4260000
421010070005012,1270,Southwest Schuylkill,,19,10,4260000
421010070005013,1270,Southwest Schuylkill,,41,29,4260000
421010074001000,1270,Southwest Schuylkill,,149,93,4260000
421010074001001,1270,Southwest Schuylkill,,109,45,4260000
421010074001002,1270,Southwest Schuylkill,,72,40,4260000
421010074001003,1270,Southwest Schuylkill,,69,44,4260000
421010074001004,1270,Southwest Schuylkill,,137,78,4260000
421010074001005,1270,Southwest Schuylkill,,42,22,4260000
421010074001006,1270,Southwest Schuylkill,,89,39,4260000
421010074002000,1270,Southwest Schuylkill,,104,64,4260000
421010074002001,1270,Southwest Schuylkill,,73,31,4260000
421010074002002,1270,Southwest Schuylkill,,21,12,4260000
421010074002003,1270,Southwest Schuylkill,,70,28,4260000
421010074002004,1270,Southwest Schuylkill,,31,17,4260000
421010074002005,1270,Southwest Schuylkill,,73,49,4260000
421010074002006,1270,Southwest Schuylkill,,25,13,4260000
421010074002007,1270,Southwest Schuylkill,,0,0,4260000
421010074002008,1270,Southwest Schuylkill,,21,12,4260000
421010074002009,1270,Southwest Schuylkill,,0,0,4260000
421010074002010,1270,Southwest Schuylkill,,13,11,4260000
421010074002011,1270,Southwest Schuylkill,,16,15,4260000
421010074002012,1270,Southwest Schuylkill,,12,12,4260000
421010074002013,1270,Southwest Schuylkill,,5,6,4260000
421010074002014,1270,Southwest Schuylkill,,30,14,4260000
421010074002015,1270,Southwest Schuylkill,,91,31,4260000
421010074002016,1270,Southwest Schuylkill,,0,0,4260000
421010074002017,1270,Southwest Schuylkill,,10,4,4260000
421010074002018,1270,Southwest Schuylkill,,25,23,4260000
421010074002019,1270,Southwest Schuylkill,,27,21,4260000
421010074003000,1270,Southwest Schuylkill,,160,66,4260000
421010074003001,1270,Southwest Schuylkill,,150,63,4260000
421010074003002,1270,Southwest Schuylkill,,174,66,4260000
421010074003003,1270,Southwest Schuylkill,,132,54,4260000
421010074003004,1270,Southwest Schuylkill,,0,0,4260000
421010074003005,1270,Southwest Schuylkill,,139,55,4260000
421010074003006,1270,Southwest Schuylkill,,0,0,4260000
421010074003007,1270,Southwest Schuylkill,,119,45,4260000
421010074004006,1270,Southwest Schuylkill,,112,48,4260000
421010074004007,1270,Southwest Schuylkill,,167,62,4260000
421010074004008,1270,Southwest Schuylkill,,190,65,4260000
421010074004009,1270,Southwest Schuylkill,,98,52,4260000
421010074004010,1270,Southwest Schuylkill,,99,47,4260000
421010074004011,1270,Southwest Schuylkill,,53,30,4260000
421010074004012,1270,Southwest Schuylkill,,46,25,4260000
421010074005000,1270,Southwest Schuylkill,,75,76,4260000
421010074005001,1270,Southwest Schuylkill,,2,2,4260000
421010074005002,1270,Southwest Schuylkill,,31,10,4260000
421010074005003,1270,Southwest Schuylkill,,66,44,4260000
421010074005004,1270,Southwest Schuylkill,,104,43,4260000
421010074005005,1270,Southwest Schuylkill,,167,51,4260000
421010074005006,1270,Southwest Schuylkill,,86,33,4260000
421010074005007,1270,Southwest Schuylkill,,89,37,4260000
421010074005008,1270,Southwest Schuylkill,,105,36,4260000
421010074005009,1270,Southwest Schuylkill,,0,0,4260000
421010077002001,1270,Southwest Schuylkill,,298,41,4260000
421010077002002,1270,Southwest Schuylkill,,91,37,4260000
421010077002004,1270,Southwest Schuylkill,,146,72,4260000
421010077002005,1270,Southwest Schuylkill,,133,62,4260000
421010077002006,1270,Southwest Schuylkill,,42,19,4260000
421010369002030,1270,Southwest Schuylkill,,0,0,4260000
421010369002031,1270,Southwest Schuylkill,,0,0,4260000
421010369002032,1270,Southwest Schuylkill,,0,0,4260000
421010013005034,1152,Grays Ferry,,0,0,4260000
421010013005035,1152,Grays Ferry,,0,0,4260000
421010013005039,1152,Grays Ferry,,0,0,4260000
421010020002000,1152,Grays Ferry,,67,27,4260000
421010020002001,1152,Grays Ferry,,0,2,4260000
421010020002002,1152,Grays Ferry,,53,24,4260000
421010020002003,1152,Grays Ferry,,31,19,4260000
421010020002004,1152,Grays Ferry,,13,7,4260000
421010020002005,1152,Grays Ferry,,46,28,4260000
421010020002006,1152,Grays Ferry,,27,22,4260000
421010020002007,1152,Grays Ferry,,43,32,4260000
421010020002008,1152,Grays Ferry,,72,37,4260000
421010020002009,1152,Grays Ferry,,35,18,4260000
421010020002010,1152,Grays Ferry,,36,20,4260000
421010020002011,1152,Grays Ferry,,74,31,4260000
421010020002012,1152,Grays Ferry,,66,31,4260000
421010020002013,1152,Grays Ferry,,29,20,4260000
421010032004003,1152,Grays Ferry,,0,0,4260000
421010032004004,1152,Grays Ferry,,25,12,4260000
421010032004005,1152,Grays Ferry,,71,40,4260000
421010032004006,1152,Grays Ferry,,63,31,4260000
421010032004007,1152,Grays Ferry,,0,0,4260000
421010032004014,1152,Grays Ferry,,39,19,4260000
421010032004015,1152,Grays Ferry,,70,37,4260000
421010032004016,1152,Grays Ferry,,114,37,4260000
421010032005003,1152,Grays Ferry,,0,0,4260000
421010032005004,1152,Grays Ferry,,64,25,4260000
421010032005005,1152,Grays Ferry,,0,0,4260000
421010032005006,1152,Grays Ferry,,0,0,4260000
421010032006000,1152,Grays Ferry,,102,44,4260000
421010032006001,1152,Grays Ferry,,108,41,4260000
421010032006002,1152,Grays Ferry,,111,51,4260000
421010032006003,1152,Grays Ferry,,76,43,4260000
421010032006004,1152,Grays Ferry,,92,48,4260000
421010032006005,1152,Grays Ferry,,113,53,4260000
421010032006006,1152,Grays Ferry,,34,14,4260000
421010032006007,1152,Grays Ferry,,125,46,4260000
421010032006008,1152,Grays Ferry,,147,47,4260000
421010032006009,1152,Grays Ferry,,0,0,4260000
421010033001000,1152,Grays Ferry,,136,52,4260000
421010033001001,1152,Grays Ferry,,117,55,4260000
421010033001002,1152,Grays Ferry,,117,54,4260000
421010033001003,1152,Grays Ferry,,119,55,4260000
421010033001004,1152,Grays Ferry,,132,55,4260000
421010033001005,1152,Grays Ferry,,109,48,4260000
421010033001006,1152,Grays Ferry,,143,52,4260000
421010033001007,1152,Grays Ferry,,161,46,4260000
421010033001008,1152,Grays Ferry,,101,50,4260000
421010033001009,1152,Grays Ferry,,135,57,4260000
421010033001010,1152,Grays Ferry,,89,32,4260000
421010033001011,1152,Grays Ferry,,140,51,4260000
421010033001012,1152,Grays Ferry,,119,45,4260000
421010033001013,1152,Grays Ferry,,42,39,4260000
421010033001014,1152,Grays Ferry,,137,49,4260000
421010033002000,1152,Grays Ferry,,0,0,4260000
421010033002001,1152,Grays Ferry,,0,0,4260000
421010033002002,1152,Grays Ferry,,0,0,4260000
421010033002003,1152,Grays Ferry,,12,4,4260000
421010033002004,1152,Grays Ferry,,0,0,4260000
421010033002005,1152,Grays Ferry,,0,0,4260000
421010033002006,1152,Grays Ferry,,0,0,4260000
421010033002007,1152,Grays Ferry,,0,0,4260000
421010033002008,1152,Grays Ferry,,0,0,4260000
421010033002009,1152,Grays Ferry,,0,0,4260000
421010033002010,1152,Grays Ferry,,0,0,4260000
421010033002011,1152,Grays Ferry,,0,0,4260000
421010033002012,1152,Grays Ferry,,0,0,4260000
421010033002013,1152,Grays Ferry,,0,0,4260000
421010033002014,1152,Grays Ferry,,0,0,4260000
421010033002015,1152,Grays Ferry,,0,0,4260000
421010033002016,1152,Grays Ferry,,0,0,4260000
421010033002017,1152,Grays Ferry,,0,0,4260000
421010033002018,1152,Grays Ferry,,0,0,4260000
421010033002019,1152,Grays Ferry,,8,3,4260000
421010033002020,1152,Grays Ferry,,0,0,4260000
421010033002021,1152,Grays Ferry,,2,0,4260000
421010033002022,1152,Grays Ferry,,26,23,4260000
421010033002023,1152,Grays Ferry,,30,17,4260000
421010033002024,1152,Grays Ferry,,0,0,4260000
421010033002025,1152,Grays Ferry,,0,0,4260000
421010033002026,1152,Grays Ferry,,45,29,4260000
421010033002027,1152,Grays Ferry,,41,24,4260000
421010033002028,1152,Grays Ferry,,0,0,4260000
421010033002029,1152,Grays Ferry,,0,0,4260000
421010033002031,1152,Grays Ferry,,44,27,4260000
421010033002032,1152,Grays Ferry,,42,29,4260000
421010033002033,1152,Grays Ferry,,75,41,4260000
421010033002034,1152,Grays Ferry,,0,0,4260000
421010033002035,1152,Grays Ferry,,0,0,4260000
421010033002036,1152,Grays Ferry,,0,0,4260000
421010033002037,1152,Grays Ferry,,13,8,4260000
421010033002038,1152,Grays Ferry,,34,22,4260000
421010033002039,1152,Grays Ferry,,0,0,4260000
421010033002040,1152,Grays Ferry,,0,0,4260000
421010033002041,1152,Grays Ferry,,0,0,4260000
421010033002042,1152,Grays Ferry,,9,5,4260000
421010033002043,1152,Grays Ferry,,0,0,4260000
421010033002044,1152,Grays Ferry,,0,0,4260000
421010033002045,1152,Grays Ferry,,47,21,4260000
421010033002046,1152,Grays Ferry,,79,39,4260000
421010033002047,1152,Grays Ferry,,74,46,4260000
421010033002048,1152,Grays Ferry,,77,38,4260000
421010033002049,1152,Grays Ferry,,62,33,4260000
421010033002050,1152,Grays Ferry,,12,16,4260000
421010033002051,1152,Grays Ferry,,4,3,4260000
421010033002052,1152,Grays Ferry,,3,2,4260000
421010033002053,1152,Grays Ferry,,37,22,4260000
421010033002054,1152,Grays Ferry,,74,8,4260000
421010033002055,1152,Grays Ferry,,0,0,4260000
421010033002056,1152,Grays Ferry,,0,0,4260000
421010033002057,1152,Grays Ferry,,0,0,4260000
421010033002058,1152,Grays Ferry,,0,0,4260000
421010033002059,1152,Grays Ferry,,70,31,4260000
421010033002060,1152,Grays Ferry,,91,36,4260000
421010033002061,1152,Grays Ferry,,0,0,4260000
421010033003000,1152,Grays Ferry,,106,45,4260000
421010033003001,1152,Grays Ferry,,62,29,4260000
421010033003002,1152,Grays Ferry,,89,41,4260000
421010033003003,1152,Grays Ferry,,85,37,4260000
421010033003004,1152,Grays Ferry,,79,35,4260000
421010033003005,1152,Grays Ferry,,67,33,4260000
421010033003006,1152,Grays Ferry,,126,43,4260000
421010033003007,1152,Grays Ferry,,77,35,4260000
421010033003008,1152,Grays Ferry,,77,34,4260000
421010033004000,1152,Grays Ferry,,0,0,4260000
421010033004001,1152,Grays Ferry,,39,18,4260000
421010033004002,1152,Grays Ferry,,0,0,4260000
421010033004003,1152,Grays Ferry,,35,13,4260000
421010033004004,1152,Grays Ferry,,238,101,4260000
421010033004005,1152,Grays Ferry,,83,46,4260000
421010033004006,1152,Grays Ferry,,46,23,4260000
421010033004007,1152,Grays Ferry,,0,0,4260000
421010033004008,1152,Grays Ferry,,0,0,4260000
421010033004009,1152,Grays Ferry,,85,44,4260000
421010033004010,1152,Grays Ferry,,64,37,4260000
421010033005000,1152,Grays Ferry,,54,27,4260000
421010033005001,1152,Grays Ferry,,54,21,4260000
421010033005002,1152,Grays Ferry,,98,45,4260000
421010033005003,1152,Grays Ferry,,97,51,4260000
421010033005004,1152,Grays Ferry,,2,0,4260000
421010033005005,1152,Grays Ferry,,101,50,4260000
421010033005006,1152,Grays Ferry,,114,52,4260000
421010033005007,1152,Grays Ferry,,72,34,4260000
421010033005008,1152,Grays Ferry,,67,33,4260000
421010033005009,1152,Grays Ferry,,0,0,4260000
421010033005010,1152,Grays Ferry,,88,48,4260000
421010033005011,1152,Grays Ferry,,107,47,4260000
421010033005012,1152,Grays Ferry,,93,42,4260000
421010033005013,1152,Grays Ferry,,96,38,4260000
421010033006000,1152,Grays Ferry,,0,0,4260000
421010033006001,1152,Grays Ferry,,124,42,4260000
421010033006002,1152,Grays Ferry,,83,40,4260000
421010033006003,1152,Grays Ferry,,80,42,4260000
421010033006004,1152,Grays Ferry,,112,43,4260000
421010033006005,1152,Grays Ferry,,97,43,4260000
421010033006006,1152,Grays Ferry,,114,39,4260000
421010033006007,1152,Grays Ferry,,102,47,4260000
421010033006008,1152,Grays Ferry,,134,48,4260000
421010033006009,1152,Grays Ferry,,107,48,4260000
421010036001000,1152,Grays Ferry,,111,54,4260000
421010036001001,1152,Grays Ferry,,122,55,4260000
421010036001002,1152,Grays Ferry,,63,27,4260000
421010036001003,1152,Grays Ferry,,0,0,4260000
421010036001004,1152,Grays Ferry,,100,87,4260000
421010036001005,1152,Grays Ferry,,64,43,4260000
421010036001006,1152,Grays Ferry,,78,42,4260000
421010036001007,1152,Grays Ferry,,107,45,4260000
421010036001008,1152,Grays Ferry,,113,46,4260000
421010036001009,1152,Grays Ferry,,103,45,4260000
421010036001010,1152,Grays Ferry,,38,22,4260000
421010036001011,1152,Grays Ferry,,111,46,4260000
421010036001012,1152,Grays Ferry,,139,42,4260000
421010036001013,1152,Grays Ferry,,110,45,4260000
421010036001014,1152,Grays Ferry,,133,45,4260000
421010036001015,1152,Grays Ferry,,133,47,4260000
421010036001016,1152,Grays Ferry,,0,0,4260000
421010036001017,1152,Grays Ferry,,39,17,4260000
421010036001018,1152,Grays Ferry,,130,45,4260000
421010036001019,1152,Grays Ferry,,115,44,4260000
421010036001020,1152,Grays Ferry,,0,0,4260000
421010036001021,1152,Grays Ferry,,0,0,4260000
421010036001022,1152,Grays Ferry,,0,0,4260000
421010036001023,1152,Grays Ferry,,0,0,4260000
421010036001024,1152,Grays Ferry,,0,0,4260000
421010036001025,1152,Grays Ferry,,0,0,4260000
421010036001026,1152,Grays Ferry,,0,0,4260000
421010036001027,1152,Grays Ferry,,4,1,4260000
421010036001028,1152,Grays Ferry,,110,33,4260000
421010036002000,1152,Grays Ferry,,0,0,4260000
421010036002001,1152,Grays Ferry,,0,0,4260000
421010036002002,1152,Grays Ferry,,119,44,4260000
421010036002003,1152,Grays Ferry,,119,42,4260000
421010036002004,1152,Grays Ferry,,0,0,4260000
421010036002005,1152,Grays Ferry,,0,0,4260000
421010036002006,1152,Grays Ferry,,63,24,4260000
421010036002007,1152,Grays Ferry,,125,43,4260000
421010036002008,1152,Grays Ferry,,69,22,4260000
421010036002009,1152,Grays Ferry,,67,24,4260000
421010036002010,1152,Grays Ferry,,0,0,4260000
421010036002011,1152,Grays Ferry,,60,20,4260000
421010036002012,1152,Grays Ferry,,102,34,4260000
421010036002013,1152,Grays Ferry,,116,48,4260000
421010036002014,1152,Grays Ferry,,220,84,4260000
421010036002015,1152,Grays Ferry,,97,36,4260000
421010036002016,1152,Grays Ferry,,0,0,4260000
421010036003000,1152,Grays Ferry,,0,0,4260000
421010036003001,1152,Grays Ferry,,0,0,4260000
421010036003002,1152,Grays Ferry,,0,0,4260000
421010036003003,1152,Grays Ferry,,88,32,4260000
421010036003004,1152,Grays Ferry,,6,5,4260000
421010036003005,1152,Grays Ferry,,105,52,4260000
421010036003006,1152,Grays Ferry,,107,52,4260000
421010036003007,1152,Grays Ferry,,54,31,4260000
421010036003008,1152,Grays Ferry,,0,0,4260000
421010036003009,1152,Grays Ferry,,47,16,4260000
421010036003010,1152,Grays Ferry,,0,0,4260000
421010036003011,1152,Grays Ferry,,119,38,4260000
421010036003012,1152,Grays Ferry,,86,34,4260000
421010036003013,1152,Grays Ferry,,94,34,4260000
421010036003014,1152,Grays Ferry,,434,307,4260000
421010036003015,1152,Grays Ferry,,108,34,4260000
421010036003016,1152,Grays Ferry,,128,37,4260000
421010036003017,1152,Grays Ferry,,0,0,4260000
421010036003018,1152,Grays Ferry,,115,34,4260000
421010036003019,1152,Grays Ferry,,125,40,4260000
421010036003020,1152,Grays Ferry,,113,38,4260000
421010036003021,1152,Grays Ferry,,117,37,4260000
421010036003022,1152,Grays Ferry,,137,36,4260000
421010036003023,1152,Grays Ferry,,35,7,4260000
421010036003024,1152,Grays Ferry,,1,1,4260000
421010036003025,1152,Grays Ferry,,14,10,4260000
421010036003026,1152,Grays Ferry,,66,39,4260000
421010036003027,1152,Grays Ferry,,84,36,4260000
421010036003028,1152,Grays Ferry,,0,0,4260000
421010036003029,1152,Grays Ferry,,0,0,4260000
421010036003030,1152,Grays Ferry,,82,29,4260000
421010036003031,1152,Grays Ferry,,0,0,4260000
421010036003032,1152,Grays Ferry,,0,0,4260000
421010036003033,1152,Grays Ferry,,0,0,4260000
421010036003034,1152,Grays Ferry,,7,5,4260000
421010036003035,1152,Grays Ferry,,9,4,4260000
421010036003036,1152,Grays Ferry,,25,21,4260000
421010036003037,1152,Grays Ferry,,55,36,4260000
421010036003038,1152,Grays Ferry,,0,0,4260000
421010036003039,1152,Grays Ferry,,0,0,4260000
421010036003040,1152,Grays Ferry,,0,0,4260000
421010036003041,1152,Grays Ferry,,24,14,4260000
421010036003042,1152,Grays Ferry,,0,0,4260000
421010036004000,1152,Grays Ferry,,0,0,4260000
421010036004001,1152,Grays Ferry,,161,55,4260000
421010036004002,1152,Grays Ferry,,11,4,4260000
421010036004003,1152,Grays Ferry,,43,24,4260000
421010036004004,1152,Grays Ferry,,0,0,4260000
421010036004005,1152,Grays Ferry,,92,76,4260000
421010036004006,1152,Grays Ferry,,62,21,4260000
421010036004007,1152,Grays Ferry,,51,22,4260000
421010036004008,1152,Grays Ferry,,52,22,4260000
421010036004009,1152,Grays Ferry,,0,0,4260000
421010036004010,1152,Grays Ferry,,96,24,4260000
421010036004011,1152,Grays Ferry,,0,0,4260000
421010036004012,1152,Grays Ferry,,102,36,4260000
421010036004013,1152,Grays Ferry,,64,19,4260000
421010036004014,1152,Grays Ferry,,152,43,4260000
421010036004015,1152,Grays Ferry,,98,38,4260000
421010036004016,1152,Grays Ferry,,101,38,4260000
421010036004017,1152,Grays Ferry,,93,37,4260000
421010036004018,1152,Grays Ferry,,80,33,4260000
421019809001000,1152,Grays Ferry,,0,0,4260000
421019809001001,1152,Grays Ferry,,0,0,4260000
421019809001002,1152,Grays Ferry,,0,0,4260000
421019809001003,1152,Grays Ferry,,0,0,4260000
421019809001004,1152,Grays Ferry,,7,3,4260000
421019809001005,1152,Grays Ferry,,0,0,4260000
421019809001006,1152,Grays Ferry,,0,0,4260000
421019809001008,1152,Grays Ferry,,0,0,4260000
421019809001009,1152,Grays Ferry,,0,0,4260000
421019809001010,1152,Grays Ferry,,0,0,4260000
421019809001011,1152,Grays Ferry,,0,0,4260000
421019809001012,1152,Grays Ferry,,0,0,4260000
421019809001013,1152,Grays Ferry,,0,0,4260000
421019809001014,1152,Grays Ferry,,0,0,4260000
421019809001015,1152,Grays Ferry,,0,0,4260000
421019809001016,1152,Grays Ferry,,0,0,4260000
421019809001017,1152,Grays Ferry,,0,0,4260000
421019809001018,1152,Grays Ferry,,0,0,4260000
421019809001019,1152,Grays Ferry,,0,0,4260000
421019809001020,1152,Grays Ferry,,0,0,4260000
421019809001021,1152,Grays Ferry,,0,0,4260000
421010103001006,1278,Mill Creek,,140,66,4260000
421010103001007,1278,Mill Creek,,101,41,4260000
421010103001008,1278,Mill Creek,,11,3,4260000
421010103001009,1278,Mill Creek,,31,15,4260000
421010103001010,1278,Mill Creek,,60,24,4260000
421010103001011,1278,Mill Creek,,149,62,4260000
421010103001012,1278,Mill Creek,,128,69,4260000
421010103002007,1278,Mill Creek,,113,57,4260000
421010103002008,1278,Mill Creek,,116,54,4260000
421010103002009,1278,Mill Creek,,5,6,4260000
421010103002010,1278,Mill Creek,,57,38,4260000
421010103002011,1278,Mill Creek,,112,47,4260000
421010103002012,1278,Mill Creek,,13,5,4260000
421010104001000,1278,Mill Creek,,58,28,4260000
421010104001001,1278,Mill Creek,,45,23,4260000
421010104001002,1278,Mill Creek,,98,49,4260000
421010104001003,1278,Mill Creek,,84,40,4260000
421010104001004,1278,Mill Creek,,58,24,4260000
421010104001005,1278,Mill Creek,,82,45,4260000
421010104001006,1278,Mill Creek,,110,50,4260000
421010104001007,1278,Mill Creek,,0,0,4260000
421010104002000,1278,Mill Creek,,148,73,4260000
421010104002001,1278,Mill Creek,,285,128,4260000
421010104002002,1278,Mill Creek,,105,48,4260000
421010104002003,1278,Mill Creek,,126,57,4260000
421010104002004,1278,Mill Creek,,61,26,4260000
421010104003000,1278,Mill Creek,,152,66,4260000
421010104003001,1278,Mill Creek,,58,25,4260000
421010104003002,1278,Mill Creek,,120,56,4260000
421010104003003,1278,Mill Creek,,0,0,4260000
421010104003004,1278,Mill Creek,,27,19,4260000
421010104003005,1278,Mill Creek,,92,39,4260000
421010104003006,1278,Mill Creek,,82,50,4260000
421010104003007,1278,Mill Creek,,46,25,4260000
421010104003008,1278,Mill Creek,,33,30,4260000
421010104003009,1278,Mill Creek,,39,20,4260000
421010104003010,1278,Mill Creek,,44,31,4260000
421010104003011,1278,Mill Creek,,65,34,4260000
421010104003012,1278,Mill Creek,,0,0,4260000
421010104003013,1278,Mill Creek,,8,24,4260000
421010104003014,1278,Mill Creek,,87,32,4260000
421010104003015,1278,Mill Creek,,76,37,4260000
421010104003016,1278,Mill Creek,,76,35,4260000
421010104003017,1278,Mill Creek,,141,95,4260000
421010104004000,1278,Mill Creek,,136,58,4260000
421010104004001,1278,Mill Creek,,113,48,4260000
421010104004002,1278,Mill Creek,,120,50,4260000
421010104004003,1278,Mill Creek,,88,59,4260000
421010104004004,1278,Mill Creek,,9,9,4260000
421010104004005,1278,Mill Creek,,383,17,4260000
421010104004006,1278,Mill Creek,,29,1,4260000
421010104004007,1278,Mill Creek,,48,26,4260000
421010105001000,1278,Mill Creek,,32,19,4260000
421010105001001,1278,Mill Creek,,59,38,4260000
421010105001002,1278,Mill Creek,,31,18,4260000
421010105001003,1278,Mill Creek,,10,7,4260000
421010105001004,1278,Mill Creek,,0,0,4260000
421010105001005,1278,Mill Creek,,0,0,4260000
421010105001006,1278,Mill Creek,,54,18,4260000
421010105001007,1278,Mill Creek,,51,18,4260000
421010105001008,1278,Mill Creek,,9,4,4260000
421010105001009,1278,Mill Creek,,19,6,4260000
421010105001010,1278,Mill Creek,,30,13,4260000
421010105001011,1278,Mill Creek,,0,0,4260000
421010105001012,1278,Mill Creek,,0,0,4260000
421010105002000,1278,Mill Creek,,680,279,4260000
421010105002001,1278,Mill Creek,,87,35,4260000
421010105002002,1278,Mill Creek,,21,16,4260000
421010105002003,1278,Mill Creek,,0,0,4260000
421010105002004,1278,Mill Creek,,0,0,4260000
421010105002005,1278,Mill Creek,,17,8,4260000
421010105002006,1278,Mill Creek,,28,20,4260000
421010105002007,1278,Mill Creek,,10,14,4260000
421010105002008,1278,Mill Creek,,57,21,4260000
421010105002009,1278,Mill Creek,,69,27,4260000
421010105002010,1278,Mill Creek,,18,7,4260000
421010105002011,1278,Mill Creek,,65,28,4260000
421010105002012,1278,Mill Creek,,117,47,4260000
421010105002013,1278,Mill Creek,,34,17,4260000
421010105002014,1278,Mill Creek,,100,46,4260000
421010105002015,1278,Mill Creek,,5,6,4260000
421010105002016,1278,Mill Creek,,63,16,4260000
421010105002017,1278,Mill Creek,,92,46,4260000
421010105002018,1278,Mill Creek,,34,18,4260000
421010105002019,1278,Mill Creek,,27,14,4260000
421010105002020,1278,Mill Creek,,42,15,4260000
421010105002021,1278,Mill Creek,,0,0,4260000
421010105002022,1278,Mill Creek,,90,41,4260000
421010105002023,1278,Mill Creek,,19,9,4260000
421010105002024,1278,Mill Creek,,92,38,4260000
421010105002025,1278,Mill Creek,,19,10,4260000
421010105002026,1278,Mill Creek,,53,21,4260000
421010105002027,1278,Mill Creek,,66,37,4260000
421010105002028,1278,Mill Creek,,92,36,4260000
421010105003000,1278,Mill Creek,,91,36,4260000
421010105003001,1278,Mill Creek,,152,55,4260000
421010105003002,1278,Mill Creek,,133,53,4260000
421010105003003,1278,Mill Creek,,17,6,4260000
421010105003004,1278,Mill Creek,,47,14,4260000
421010105003005,1278,Mill Creek,,122,116,4260000
421010105003006,1278,Mill Creek,,291,120,4260000
421010105003007,1278,Mill Creek,,85,29,4260000
421010105003008,1278,Mill Creek,,48,14,4260000
421010105003009,1278,Mill Creek,,138,79,4260000
421010105003010,1278,Mill Creek,,155,61,4260000
421010105003011,1278,Mill Creek,,58,24,4260000
421010105003012,1278,Mill Creek,,38,15,4260000
421010105003013,1278,Mill Creek,,79,31,4260000
421010111002005,1278,Mill Creek,,83,0,4260000
421010111002006,1278,Mill Creek,,76,32,4260000
421010111002007,1278,Mill Creek,,51,30,4260000
421010183001000,1146,Bridesburg,,116,45,4260000
421010183001001,1146,Bridesburg,,185,66,4260000
421010183001002,1146,Bridesburg,,150,66,4260000
421010183001003,1146,Bridesburg,,77,33,4260000
421010183001004,1146,Bridesburg,,72,36,4260000
421010183001005,1146,Bridesburg,,35,30,4260000
421010183001006,1146,Bridesburg,,0,0,4260000
421010183001007,1146,Bridesburg,,0,0,4260000
421010183001008,1146,Bridesburg,,0,0,4260000
421010183001009,1146,Bridesburg,,0,0,4260000
421010183001010,1146,Bridesburg,,0,0,4260000
421010183001012,1146,Bridesburg,,0,0,4260000
421010183001013,1146,Bridesburg,,0,0,4260000
421010183001014,1146,Bridesburg,,0,0,4260000
421010183001016,1146,Bridesburg,,0,0,4260000
421010183002000,1146,Bridesburg,,143,45,4260000
421010183002001,1146,Bridesburg,,224,85,4260000
421010183002002,1146,Bridesburg,,105,44,4260000
421010183002003,1146,Bridesburg,,71,25,4260000
421010183002004,1146,Bridesburg,,76,37,4260000
421010183002005,1146,Bridesburg,,158,70,4260000
421010183002006,1146,Bridesburg,,101,36,4260000
421010183002007,1146,Bridesburg,,93,35,4260000
421010183002008,1146,Bridesburg,,84,34,4260000
421010183002009,1146,Bridesburg,,179,83,4260000
421010183002010,1146,Bridesburg,,79,33,4260000
421010183003000,1146,Bridesburg,,0,0,4260000
421010183003001,1146,Bridesburg,,0,0,4260000
421010183003002,1146,Bridesburg,,0,0,4260000
421010183003003,1146,Bridesburg,,0,0,4260000
421010183003004,1146,Bridesburg,,0,0,4260000
421010183003005,1146,Bridesburg,,0,0,4260000
421010183003006,1146,Bridesburg,,0,0,4260000
421010183003007,1146,Bridesburg,,0,0,4260000
421010183003008,1146,Bridesburg,,52,14,4260000
421010183003009,1146,Bridesburg,,42,19,4260000
421010183003010,1146,Bridesburg,,0,0,4260000
421010183003011,1146,Bridesburg,,0,0,4260000
421010183003012,1146,Bridesburg,,32,15,4260000
421010183003013,1146,Bridesburg,,57,28,4260000
421010183003014,1146,Bridesburg,,103,34,4260000
421010183003015,1146,Bridesburg,,61,24,4260000
421010183003016,1146,Bridesburg,,83,36,4260000
421010183003017,1146,Bridesburg,,129,46,4260000
421010183003018,1146,Bridesburg,,133,55,4260000
421010183003019,1146,Bridesburg,,120,52,4260000
421010183003020,1146,Bridesburg,,94,38,4260000
421010183003021,1146,Bridesburg,,260,101,4260000
421010183003022,1146,Bridesburg,,86,41,4260000
421010183003023,1146,Bridesburg,,96,38,4260000
421010183003024,1146,Bridesburg,,46,16,4260000
421010183003025,1146,Bridesburg,,35,12,4260000
421010183003026,1146,Bridesburg,,0,0,4260000
421010183003027,1146,Bridesburg,,55,29,4260000
421010183003028,1146,Bridesburg,,33,18,4260000
421010183003029,1146,Bridesburg,,0,0,4260000
421010183003030,1146,Bridesburg,,0,0,4260000
421010183003031,1146,Bridesburg,,0,0,4260000
421010183003032,1146,Bridesburg,,0,0,4260000
421010183003033,1146,Bridesburg,,0,0,4260000
421010183003034,1146,Bridesburg,,0,0,4260000
421010183003035,1146,Bridesburg,,0,0,4260000
421010183003039,1146,Bridesburg,,0,0,4260000
421010183003040,1146,Bridesburg,,9,5,4260000
421010183003041,1146,Bridesburg,,0,0,4260000
421010183003042,1146,Bridesburg,,0,0,4260000
421010183003045,1146,Bridesburg,,24,8,4260000
421010183003046,1146,Bridesburg,,30,15,4260000
421010183003047,1146,Bridesburg,,27,13,4260000
421010183004000,1146,Bridesburg,,125,53,4260000
421010183004001,1146,Bridesburg,,44,15,4260000
421010183004002,1146,Bridesburg,,77,33,4260000
421010183004003,1146,Bridesburg,,33,16,4260000
421010183004004,1146,Bridesburg,,61,23,4260000
421010183004005,1146,Bridesburg,,60,21,4260000
421010183004006,1146,Bridesburg,,0,0,4260000
421010183004007,1146,Bridesburg,,59,20,4260000
421010183004008,1146,Bridesburg,,82,34,4260000
421010183004009,1146,Bridesburg,,108,38,4260000
421010183004010,1146,Bridesburg,,109,55,4260000
421010184001001,1146,Bridesburg,,0,0,4260000
421010184001002,1146,Bridesburg,,0,0,4260000
421010184001003,1146,Bridesburg,,0,0,4260000
421010184001004,1146,Bridesburg,,0,0,4260000
421010184001005,1146,Bridesburg,,0,0,4260000
421010184001006,1146,Bridesburg,,0,0,4260000
421010184001007,1146,Bridesburg,,0,0,4260000
421010184001008,1146,Bridesburg,,60,25,4260000
421010184001009,1146,Bridesburg,,82,35,4260000
421010184001010,1146,Bridesburg,,0,0,4260000
421010184001011,1146,Bridesburg,,0,0,4260000
421010184001012,1146,Bridesburg,,4,2,4260000
421010184001013,1146,Bridesburg,,62,28,4260000
421010184001014,1146,Bridesburg,,67,29,4260000
421010184001015,1146,Bridesburg,,67,27,4260000
421010184001016,1146,Bridesburg,,66,27,4260000
421010184001017,1146,Bridesburg,,76,28,4260000
421010184001018,1146,Bridesburg,,87,41,4260000
421010184001019,1146,Bridesburg,,14,6,4260000
421010184001020,1146,Bridesburg,,2,1,4260000
421010184001021,1146,Bridesburg,,46,19,4260000
421010184002001,1146,Bridesburg,,0,0,4260000
421010184002002,1146,Bridesburg,,35,13,4260000
421010184002003,1146,Bridesburg,,84,36,4260000
421010184002004,1146,Bridesburg,,9,5,4260000
421010184002005,1146,Bridesburg,,86,29,4260000
421010184002006,1146,Bridesburg,,25,8,4260000
421010184002007,1146,Bridesburg,,9,3,4260000
421010184002008,1146,Bridesburg,,43,19,4260000
421010184002009,1146,Bridesburg,,0,0,4260000
421010184002010,1146,Bridesburg,,108,43,4260000
421010184002011,1146,Bridesburg,,54,22,4260000
421010184002012,1146,Bridesburg,,83,40,4260000
421010184002013,1146,Bridesburg,,140,53,4260000
421010184002014,1146,Bridesburg,,36,12,4260000
421010184002015,1146,Bridesburg,,66,29,4260000
421010184002016,1146,Bridesburg,,62,22,4260000
421010184002017,1146,Bridesburg,,78,41,4260000
421010184002018,1146,Bridesburg,,103,46,4260000
421010184002019,1146,Bridesburg,,92,40,4260000
421010184002020,1146,Bridesburg,,27,13,4260000
421010184002021,1146,Bridesburg,,84,33,4260000
421010184002022,1146,Bridesburg,,36,15,4260000
421010184002023,1146,Bridesburg,,102,40,4260000
421010184002024,1146,Bridesburg,,56,18,4260000
421010184002025,1146,Bridesburg,,0,0,4260000
421010184002026,1146,Bridesburg,,129,49,4260000
421010184002027,1146,Bridesburg,,45,13,4260000
421010184002028,1146,Bridesburg,,35,11,4260000
421010184002029,1146,Bridesburg,,0,0,4260000
421010184002030,1146,Bridesburg,,0,0,4260000
421010184002031,1146,Bridesburg,,0,0,4260000
421010184002032,1146,Bridesburg,,0,0,4260000
421010184002033,1146,Bridesburg,,0,0,4260000
421010184002034,1146,Bridesburg,,0,0,4260000
421010184002035,1146,Bridesburg,,0,0,4260000
421010381001043,1146,Bridesburg,,0,0,4260000
421010344001000,1147,Bustleton,,0,0,4260000
421010344001001,1147,Bustleton,,87,26,4260000
421010344001002,1147,Bustleton,,48,12,4260000
421010344001003,1147,Bustleton,,73,32,4260000
421010344001004,1147,Bustleton,,138,100,4260000
421010344001005,1147,Bustleton,,304,204,4260000
421010344001006,1147,Bustleton,,77,34,4260000
421010344001007,1147,Bustleton,,331,107,4260000
421010344001008,1147,Bustleton,,54,20,4260000
421010344001009,1147,Bustleton,,79,26,4260000
421010344001010,1147,Bustleton,,66,24,4260000
421010344001011,1147,Bustleton,,74,22,4260000
421010344001012,1147,Bustleton,,112,34,4260000
421010344001013,1147,Bustleton,,215,69,4260000
421010344001014,1147,Bustleton,,41,22,4260000
421010344002000,1147,Bustleton,,37,13,4260000
421010344002001,1147,Bustleton,,0,0,4260000
421010344002002,1147,Bustleton,,0,0,4260000
421010344002003,1147,Bustleton,,251,101,4260000
421010344002004,1147,Bustleton,,129,50,4260000
421010344002005,1147,Bustleton,,83,34,4260000
421010344002006,1147,Bustleton,,54,24,4260000
421010344002007,1147,Bustleton,,319,45,4260000
421010344002008,1147,Bustleton,,163,66,4260000
421010344002009,1147,Bustleton,,87,32,4260000
421010344002010,1147,Bustleton,,100,36,4260000
421010344002011,1147,Bustleton,,59,25,4260000
421010344002012,1147,Bustleton,,234,68,4260000
421010344002013,1147,Bustleton,,58,18,4260000
421010344002014,1147,Bustleton,,33,11,4260000
421010344003000,1147,Bustleton,,0,0,4260000
421010344003001,1147,Bustleton,,360,129,4260000
421010344003002,1147,Bustleton,,202,76,4260000
421010344003003,1147,Bustleton,,134,61,4260000
421010344003004,1147,Bustleton,,98,37,4260000
421010344003005,1147,Bustleton,,122,39,4260000
421010344003006,1147,Bustleton,,0,0,4260000
421010344003007,1147,Bustleton,,361,135,4260000
421010344003008,1147,Bustleton,,51,20,4260000
421010344003009,1147,Bustleton,,0,0,4260000
421010344003010,1147,Bustleton,,60,21,4260000
421010344003011,1147,Bustleton,,46,20,4260000
421010344003012,1147,Bustleton,,122,53,4260000
421010344003013,1147,Bustleton,,61,22,4260000
421010344003014,1147,Bustleton,,31,11,4260000
421010344003015,1147,Bustleton,,155,51,4260000
421010344003016,1147,Bustleton,,0,0,4260000
421010344003017,1147,Bustleton,,171,64,4260000
421010344003018,1147,Bustleton,,135,46,4260000
421010344003019,1147,Bustleton,,174,72,4260000
421010344004000,1147,Bustleton,,17,5,4260000
421010344004001,1147,Bustleton,,58,13,4260000
421010344004002,1147,Bustleton,,12,4,4260000
421010344004003,1147,Bustleton,,78,27,4260000
421010344004004,1147,Bustleton,,72,27,4260000
421010344004005,1147,Bustleton,,127,42,4260000
421010344004006,1147,Bustleton,,52,18,4260000
421010344004007,1147,Bustleton,,163,55,4260000
421010344004008,1147,Bustleton,,0,0,4260000
421010344004009,1147,Bustleton,,71,24,4260000
421010344004010,1147,Bustleton,,47,14,4260000
421010344004011,1147,Bustleton,,173,55,4260000
421010344004012,1147,Bustleton,,2,1,4260000
421010344004013,1147,Bustleton,,18,5,4260000
421010344004014,1147,Bustleton,,46,16,4260000
421010344004015,1147,Bustleton,,8,3,4260000
421010344004016,1147,Bustleton,,66,23,4260000
421010344004017,1147,Bustleton,,42,15,4260000
421010344004018,1147,Bustleton,,264,81,4260000
421010344004019,1147,Bustleton,,36,13,4260000
421010344004020,1147,Bustleton,,28,12,4260000
421010344004021,1147,Bustleton,,55,20,4260000
421010344004022,1147,Bustleton,,122,39,4260000
421010344004023,1147,Bustleton,,55,20,4260000
421010344004024,1147,Bustleton,,38,13,4260000
421010344004025,1147,Bustleton,,239,87,4260000
421010344004026,1147,Bustleton,,54,19,4260000
421010344004027,1147,Bustleton,,32,8,4260000
421010344004028,1147,Bustleton,,0,0,4260000
421010344004029,1147,Bustleton,,39,12,4260000
421010344004030,1147,Bustleton,,30,14,4260000
421010344004031,1147,Bustleton,,29,10,4260000
421010345011000,1147,Bustleton,,1209,677,4260000
421010345011001,1147,Bustleton,,105,44,4260000
421010345011002,1147,Bustleton,,134,58,4260000
421010345011003,1147,Bustleton,,375,289,4260000
421010345012000,1147,Bustleton,,79,41,4260000
421010345012001,1147,Bustleton,,96,36,4260000
421010345012002,1147,Bustleton,,231,148,4260000
421010345012003,1147,Bustleton,,58,19,4260000
421010345012004,1147,Bustleton,,272,146,4260000
421010345012005,1147,Bustleton,,147,104,4260000
421010345012006,1147,Bustleton,,584,343,4260000
421010345012007,1147,Bustleton,,80,27,4260000
421010345021000,1147,Bustleton,,404,178,4260000
421010345021001,1147,Bustleton,,503,226,4260000
421010345021002,1147,Bustleton,,277,129,4260000
421010345022000,1147,Bustleton,,15,7,4260000
421010345022001,1147,Bustleton,,562,280,4260000
421010345022002,1147,Bustleton,,75,26,4260000
421010345022003,1147,Bustleton,,269,158,4260000
421010345022004,1147,Bustleton,,48,21,4260000
421010345022005,1147,Bustleton,,74,51,4260000
421010345022006,1147,Bustleton,,36,8,4260000
421010345022007,1147,Bustleton,,40,14,4260000
421010345022008,1147,Bustleton,,178,66,4260000
421010345022009,1147,Bustleton,,138,60,4260000
421010345022010,1147,Bustleton,,403,221,4260000
421010345022011,1147,Bustleton,,96,40,4260000
421010345022012,1147,Bustleton,,149,64,4260000
421010345022013,1147,Bustleton,,135,80,4260000
421010345022014,1147,Bustleton,,94,64,4260000
421010345023000,1147,Bustleton,,407,190,4260000
421010345023001,1147,Bustleton,,53,25,4260000
421010345023002,1147,Bustleton,,66,35,4260000
421010345023003,1147,Bustleton,,112,65,4260000
421010345023004,1147,Bustleton,,58,26,4260000
421010345023005,1147,Bustleton,,13,6,4260000
421010345023006,1147,Bustleton,,54,14,4260000
421010345023007,1147,Bustleton,,557,278,4260000
421010345023008,1147,Bustleton,,21,7,4260000
421010345023009,1147,Bustleton,,79,35,4260000
421010345023010,1147,Bustleton,,25,9,4260000
421010345023011,1147,Bustleton,,131,71,4260000
421010345023012,1147,Bustleton,,213,100,4260000
421010355001000,1147,Bustleton,,71,29,4260000
421010355001001,1147,Bustleton,,85,25,4260000
421010355001002,1147,Bustleton,,94,37,4260000
421010355001003,1147,Bustleton,,256,98,4260000
421010355001004,1147,Bustleton,,118,42,4260000
421010355001005,1147,Bustleton,,101,34,4260000
421010355001006,1147,Bustleton,,89,35,4260000
421010355001007,1147,Bustleton,,50,18,4260000
421010355001008,1147,Bustleton,,305,112,4260000
421010355001009,1147,Bustleton,,351,138,4260000
421010355001010,1147,Bustleton,,217,79,4260000
421010355001011,1147,Bustleton,,170,73,4260000
421010355001012,1147,Bustleton,,165,88,4260000
421010355001013,1147,Bustleton,,0,0,4260000
421010355001014,1147,Bustleton,,188,69,4260000
421010355001015,1147,Bustleton,,134,60,4260000
421010355001016,1147,Bustleton,,103,41,4260000
421010355002000,1147,Bustleton,,66,26,4260000
421010355002001,1147,Bustleton,,144,62,4260000
421010355002002,1147,Bustleton,,40,15,4260000
421010355002003,1147,Bustleton,,32,15,4260000
421010355002004,1147,Bustleton,,54,22,4260000
421010355002005,1147,Bustleton,,41,15,4260000
421010355002006,1147,Bustleton,,46,17,4260000
421010355002007,1147,Bustleton,,43,13,4260000
421010355002008,1147,Bustleton,,51,16,4260000
421010355002009,1147,Bustleton,,39,15,4260000
421010355002010,1147,Bustleton,,53,18,4260000
421010355002011,1147,Bustleton,,12,4,4260000
421010355002012,1147,Bustleton,,312,146,4260000
421010355002013,1147,Bustleton,,54,22,4260000
421010355002014,1147,Bustleton,,33,17,4260000
421010355002015,1147,Bustleton,,61,34,4260000
421010355002016,1147,Bustleton,,36,15,4260000
421010355002017,1147,Bustleton,,49,19,4260000
421010355002018,1147,Bustleton,,50,18,4260000
421010355002019,1147,Bustleton,,25,13,4260000
421010355002020,1147,Bustleton,,47,20,4260000
421010355002021,1147,Bustleton,,134,67,4260000
421010355002022,1147,Bustleton,,61,30,4260000
421010355002023,1147,Bustleton,,37,20,4260000
421010355002024,1147,Bustleton,,35,14,4260000
421010355002025,1147,Bustleton,,103,48,4260000
421010355002026,1147,Bustleton,,102,44,4260000
421010355002027,1147,Bustleton,,14,7,4260000
421010355002028,1147,Bustleton,,6,4,4260000
421010355002029,1147,Bustleton,,48,17,4260000
421010355002030,1147,Bustleton,,110,50,4260000
421010355003000,1147,Bustleton,,118,33,4260000
421010355003001,1147,Bustleton,,599,284,4260000
421010355003002,1147,Bustleton,,79,20,4260000
421010355003003,1147,Bustleton,,369,186,4260000
421010355003004,1147,Bustleton,,0,0,4260000
421010355003005,1147,Bustleton,,123,73,4260000
421010355003006,1147,Bustleton,,42,12,4260000
421010355003007,1147,Bustleton,,146,50,4260000
421010355003008,1147,Bustleton,,0,0,4260000
421010355003009,1147,Bustleton,,137,82,4260000
421010355003010,1147,Bustleton,,106,44,4260000
421010355003011,1147,Bustleton,,66,31,4260000
421010355003012,1147,Bustleton,,106,44,4260000
421010355003013,1147,Bustleton,,146,62,4260000
421010355003014,1147,Bustleton,,35,15,4260000
421010355003015,1147,Bustleton,,176,66,4260000
421010355003016,1147,Bustleton,,85,36,4260000
421010355003017,1147,Bustleton,,176,70,4260000
421010355003018,1147,Bustleton,,0,0,4260000
421010355003019,1147,Bustleton,,59,23,4260000
421010355003020,1147,Bustleton,,90,30,4260000
421010355003021,1147,Bustleton,,69,26,4260000
421010355003022,1147,Bustleton,,86,56,4260000
421010355003023,1147,Bustleton,,34,15,4260000
421010356011000,1147,Bustleton,,69,51,4260000
421010356011001,1147,Bustleton,,0,0,4260000
421010356011002,1147,Bustleton,,16,8,4260000
421010356011003,1147,Bustleton,,37,11,4260000
421010356011004,1147,Bustleton,,0,0,4260000
421010356011005,1147,Bustleton,,853,441,4260000
421010356011006,1147,Bustleton,,40,13,4260000
421010356011007,1147,Bustleton,,40,11,4260000
421010356011008,1147,Bustleton,,200,80,4260000
421010356011009,1147,Bustleton,,0,0,4260000
421010356011010,1147,Bustleton,,39,18,4260000
421010356011011,1147,Bustleton,,33,12,4260000
421010356011012,1147,Bustleton,,35,10,4260000
421010356011013,1147,Bustleton,,38,14,4260000
421010356011014,1147,Bustleton,,114,54,4260000
421010356011015,1147,Bustleton,,0,0,4260000
421010356011016,1147,Bustleton,,63,24,4260000
421010356011017,1147,Bustleton,,0,0,4260000
421010356011018,1147,Bustleton,,0,0,4260000
421010356011019,1147,Bustleton,,95,32,4260000
421010356011020,1147,Bustleton,,66,20,4260000
421010356011021,1147,Bustleton,,65,24,4260000
421010356011022,1147,Bustleton,,65,18,4260000
421010356011023,1147,Bustleton,,93,32,4260000
421010356011024,1147,Bustleton,,90,33,4260000
421010356011025,1147,Bustleton,,69,27,4260000
421010356011026,1147,Bustleton,,44,21,4260000
421010356011027,1147,Bustleton,,106,48,4260000
421010356011028,1147,Bustleton,,0,0,4260000
421010356011029,1147,Bustleton,,0,0,4260000
421010356011030,1147,Bustleton,,0,0,4260000
421010356012000,1147,Bustleton,,382,216,4260000
421010356012001,1147,Bustleton,,41,15,4260000
421010356012002,1147,Bustleton,,76,32,4260000
421010356012003,1147,Bustleton,,89,33,4260000
421010356012004,1147,Bustleton,,77,35,4260000
421010356012005,1147,Bustleton,,103,37,4260000
421010356012006,1147,Bustleton,,132,42,4260000
421010356012007,1147,Bustleton,,122,47,4260000
421010356012008,1147,Bustleton,,98,33,4260000
421010356012009,1147,Bustleton,,133,49,4260000
421010356012010,1147,Bustleton,,111,44,4260000
421010356012011,1147,Bustleton,,107,44,4260000
421010356012012,1147,Bustleton,,55,17,4260000
421010356013000,1147,Bustleton,,57,21,4260000
421010356013001,1147,Bustleton,,44,18,4260000
421010356013002,1147,Bustleton,,67,21,4260000
421010356013003,1147,Bustleton,,184,62,4260000
421010356013004,1147,Bustleton,,30,14,4260000
421010356013005,1147,Bustleton,,38,15,4260000
421010356013006,1147,Bustleton,,65,27,4260000
421010356013007,1147,Bustleton,,78,29,4260000
421010356013008,1147,Bustleton,,99,33,4260000
421010356013009,1147,Bustleton,,100,34,4260000
421010356014000,1147,Bustleton,,388,274,4260000
421010356014001,1147,Bustleton,,0,0,4260000
421010356014002,1147,Bustleton,,103,48,4260000
421010356014003,1147,Bustleton,,0,0,4260000
421010356014004,1147,Bustleton,,390,283,4260000
421010356021000,1147,Bustleton,,106,34,4260000
421010356021001,1147,Bustleton,,44,20,4260000
421010356021002,1147,Bustleton,,42,14,4260000
421010356021003,1147,Bustleton,,61,22,4260000
421010356021004,1147,Bustleton,,9,3,4260000
421010356021005,1147,Bustleton,,0,0,4260000
421010356021006,1147,Bustleton,,64,20,4260000
421010356021007,1147,Bustleton,,161,52,4260000
421010356021008,1147,Bustleton,,97,32,4260000
421010356021009,1147,Bustleton,,87,29,4260000
421010356021010,1147,Bustleton,,163,55,4260000
421010356021011,1147,Bustleton,,39,12,4260000
421010356021012,1147,Bustleton,,35,15,4260000
421010356021013,1147,Bustleton,,20,9,4260000
421010356021014,1147,Bustleton,,93,31,4260000
421010356021015,1147,Bustleton,,80,22,4260000
421010356021016,1147,Bustleton,,64,22,4260000
421010356021017,1147,Bustleton,,49,22,4260000
421010356021018,1147,Bustleton,,67,26,4260000
421010356021019,1147,Bustleton,,114,40,4260000
421010356021020,1147,Bustleton,,29,10,4260000
421010356022000,1147,Bustleton,,0,0,4260000
421010356022001,1147,Bustleton,,253,84,4260000
421010356022002,1147,Bustleton,,13,4,4260000
421010356022003,1147,Bustleton,,102,40,4260000
421010356022004,1147,Bustleton,,29,12,4260000
421010356022005,1147,Bustleton,,48,13,4260000
421010356022006,1147,Bustleton,,221,74,4260000
421010356022007,1147,Bustleton,,57,16,4260000
421010356022008,1147,Bustleton,,69,24,4260000
421010356022009,1147,Bustleton,,154,57,4260000
421010356022010,1147,Bustleton,,40,14,4260000
421010356022011,1147,Bustleton,,421,258,4260000
421010356022012,1147,Bustleton,,78,32,4260000
421010356022013,1147,Bustleton,,130,52,4260000
421010356022014,1147,Bustleton,,154,48,4260000
421010356022015,1147,Bustleton,,54,18,4260000
421010356022016,1147,Bustleton,,39,16,4260000
421010356022017,1147,Bustleton,,14,5,4260000
421010356022018,1147,Bustleton,,148,10,4260000
421010356022019,1147,Bustleton,,25,7,4260000
421010356022020,1147,Bustleton,,12,4,4260000
421010356022021,1147,Bustleton,,17,4,4260000
421010356022022,1147,Bustleton,,28,9,4260000
421010356022023,1147,Bustleton,,45,10,4260000
421010356022024,1147,Bustleton,,42,9,4260000
421019802001020,1147,Bustleton,,0,0,4260000
421010258001000,1148,Cedarbrook,,157,66,4260000
421010258001001,1148,Cedarbrook,,145,68,4260000
421010258001002,1148,Cedarbrook,,372,180,4260000
421010258001003,1148,Cedarbrook,,23,8,4260000
421010258001004,1148,Cedarbrook,,171,96,4260000
421010258001005,1148,Cedarbrook,,52,29,4260000
421010258001006,1148,Cedarbrook,,18,9,4260000
421010258001007,1148,Cedarbrook,,82,32,4260000
421010258001008,1148,Cedarbrook,,114,53,4260000
421010258001009,1148,Cedarbrook,,50,19,4260000
421010258001010,1148,Cedarbrook,,74,34,4260000
421010258001011,1148,Cedarbrook,,102,49,4260000
421010258001012,1148,Cedarbrook,,82,42,4260000
421010258001013,1148,Cedarbrook,,80,34,4260000
421010258001014,1148,Cedarbrook,,91,40,4260000
421010258001015,1148,Cedarbrook,,68,29,4260000
421010259001000,1148,Cedarbrook,,45,18,4260000
421010259001001,1148,Cedarbrook,,84,36,4260000
421010259001002,1148,Cedarbrook,,87,36,4260000
421010259001003,1148,Cedarbrook,,96,36,4260000
421010259001004,1148,Cedarbrook,,69,36,4260000
421010259001005,1148,Cedarbrook,,221,113,4260000
421010259001006,1148,Cedarbrook,,131,96,4260000
421010259002000,1148,Cedarbrook,,103,45,4260000
421010259002001,1148,Cedarbrook,,146,50,4260000
421010259002002,1148,Cedarbrook,,123,50,4260000
421010259002003,1148,Cedarbrook,,120,51,4260000
421010259002004,1148,Cedarbrook,,99,52,4260000
421010259002005,1148,Cedarbrook,,117,51,4260000
421010259003000,1148,Cedarbrook,,152,68,4260000
421010259003001,1148,Cedarbrook,,175,68,4260000
421010259003002,1148,Cedarbrook,,116,50,4260000
421010259003003,1148,Cedarbrook,,124,80,4260000
421010259003004,1148,Cedarbrook,,110,50,4260000
421010259003005,1148,Cedarbrook,,116,46,4260000
421010259004000,1148,Cedarbrook,,163,62,4260000
421010259004001,1148,Cedarbrook,,148,62,4260000
421010259004002,1148,Cedarbrook,,161,63,4260000
421010259004003,1148,Cedarbrook,,168,64,4260000
421010259004004,1148,Cedarbrook,,173,68,4260000
421010259004005,1148,Cedarbrook,,179,68,4260000
421010259005000,1148,Cedarbrook,,149,60,4260000
421010259005001,1148,Cedarbrook,,152,60,4260000
421010259005002,1148,Cedarbrook,,158,61,4260000
421010259005003,1148,Cedarbrook,,153,61,4260000
421010259005004,1148,Cedarbrook,,193,68,4260000
421010259005005,1148,Cedarbrook,,179,68,4260000
421010259005006,1148,Cedarbrook,,0,0,4260000
421010259006000,1148,Cedarbrook,,92,48,4260000
421010259006001,1148,Cedarbrook,,80,52,4260000
421010259006002,1148,Cedarbrook,,90,64,4260000
421010259006003,1148,Cedarbrook,,121,64,4260000
421010259006004,1148,Cedarbrook,,83,65,4260000
421010259006005,1148,Cedarbrook,,79,61,4260000
421010260001000,1148,Cedarbrook,,58,22,4260000
421010260001001,1148,Cedarbrook,,48,23,4260000
421010260001002,1148,Cedarbrook,,82,34,4260000
421010260001003,1148,Cedarbrook,,84,34,4260000
421010260001004,1148,Cedarbrook,,83,36,4260000
421010260001005,1148,Cedarbrook,,0,0,4260000
421010260001006,1148,Cedarbrook,,10,8,4260000
421010260001007,1148,Cedarbrook,,67,26,4260000
421010260001008,1148,Cedarbrook,,215,88,4260000
421010260001009,1148,Cedarbrook,,108,49,4260000
421010260001010,1148,Cedarbrook,,0,0,4260000
421010260001011,1148,Cedarbrook,,32,23,4260000
421010260002000,1148,Cedarbrook,,126,49,4260000
421010260002001,1148,Cedarbrook,,129,53,4260000
421010260002002,1148,Cedarbrook,,138,53,4260000
421010260002003,1148,Cedarbrook,,172,68,4260000
421010260002004,1148,Cedarbrook,,84,44,4260000
421010260002005,1148,Cedarbrook,,105,48,4260000
421010260002006,1148,Cedarbrook,,0,0,4260000
421010260002007,1148,Cedarbrook,,79,43,4260000
421010260003000,1148,Cedarbrook,,135,58,4260000
421010260003001,1148,Cedarbrook,,187,89,4260000
421010260003002,1148,Cedarbrook,,197,91,4260000
421010260003003,1148,Cedarbrook,,256,107,4260000
421010260003004,1148,Cedarbrook,,169,89,4260000
421010260003005,1148,Cedarbrook,,70,25,4260000
421010260003006,1148,Cedarbrook,,154,92,4260000
421010261001000,1148,Cedarbrook,,17,8,4260000
421010261001001,1148,Cedarbrook,,37,18,4260000
421010261001002,1148,Cedarbrook,,18,11,4260000
421010261001003,1148,Cedarbrook,,122,51,4260000
421010261001004,1148,Cedarbrook,,0,0,4260000
421010261001005,1148,Cedarbrook,,78,35,4260000
421010261001006,1148,Cedarbrook,,35,14,4260000
421010261001007,1148,Cedarbrook,,56,22,4260000
421010261001008,1148,Cedarbrook,,28,8,4260000
421010261001009,1148,Cedarbrook,,40,17,4260000
421010261001010,1148,Cedarbrook,,38,17,4260000
421010261001011,1148,Cedarbrook,,28,15,4260000
421010261001012,1148,Cedarbrook,,75,32,4260000
421010261001013,1148,Cedarbrook,,21,10,4260000
421010261001014,1148,Cedarbrook,,10,6,4260000
421010261001015,1148,Cedarbrook,,24,14,4260000
421010261001016,1148,Cedarbrook,,0,0,4260000
421010261001017,1148,Cedarbrook,,115,60,4260000
421010261001018,1148,Cedarbrook,,54,35,4260000
421010261001019,1148,Cedarbrook,,0,0,4260000
421010261001020,1148,Cedarbrook,,35,19,4260000
421010261001021,1148,Cedarbrook,,28,12,4260000
421010261001022,1148,Cedarbrook,,35,17,4260000
421010261001023,1148,Cedarbrook,,94,40,4260000
421010261001024,1148,Cedarbrook,,63,40,4260000
421010261002000,1148,Cedarbrook,,48,28,4260000
421010261002001,1148,Cedarbrook,,43,24,4260000
421010261002002,1148,Cedarbrook,,38,25,4260000
421010261002003,1148,Cedarbrook,,61,24,4260000
421010261002004,1148,Cedarbrook,,93,36,4260000
421010261002005,1148,Cedarbrook,,109,50,4260000
421010261002006,1148,Cedarbrook,,125,77,4260000
421010261002007,1148,Cedarbrook,,49,23,4260000
421010261002008,1148,Cedarbrook,,36,19,4260000
421010261002009,1148,Cedarbrook,,59,23,4260000
421010261003000,1148,Cedarbrook,,113,43,4260000
421010261003001,1148,Cedarbrook,,85,39,4260000
421010261003002,1148,Cedarbrook,,101,34,4260000
421010261003003,1148,Cedarbrook,,126,65,4260000
421010261003004,1148,Cedarbrook,,147,56,4260000
421010261003005,1148,Cedarbrook,,120,52,4260000
421010261003006,1148,Cedarbrook,,226,146,4260000
421010261003007,1148,Cedarbrook,,153,97,4260000
421010261003008,1148,Cedarbrook,,28,12,4260000
421010261003009,1148,Cedarbrook,,82,47,4260000
421010261003010,1148,Cedarbrook,,60,30,4260000
421010261003011,1148,Cedarbrook,,42,18,4260000
421010231001000,1149,Chestnut Hill,,93,60,4260000
421010231001001,1149,Chestnut Hill,,61,35,4260000
421010231001002,1149,Chestnut Hill,,79,49,4260000
421010231001003,1149,Chestnut Hill,,83,37,4260000
421010231001004,1149,Chestnut Hill,,125,72,4260000
421010231001005,1149,Chestnut Hill,,24,9,4260000
421010231001006,1149,Chestnut Hill,,89,30,4260000
421010231001007,1149,Chestnut Hill,,22,12,4260000
421010231001008,1149,Chestnut Hill,,42,14,4260000
421010231001009,1149,Chestnut Hill,,50,20,4260000
421010231001010,1149,Chestnut Hill,,27,12,4260000
421010231001011,1149,Chestnut Hill,,28,12,4260000
421010231001012,1149,Chestnut Hill,,10,7,4260000
421010231001013,1149,Chestnut Hill,,47,21,4260000
421010231001014,1149,Chestnut Hill,,39,16,4260000
421010231001015,1149,Chestnut Hill,,51,16,4260000
421010231001016,1149,Chestnut Hill,,25,12,4260000
421010231001017,1149,Chestnut Hill,,26,9,4260000
421010231001018,1149,Chestnut Hill,,15,5,4260000
421010231001019,1149,Chestnut Hill,,0,0,4260000
421010231001020,1149,Chestnut Hill,,18,6,4260000
421010231001021,1149,Chestnut Hill,,0,0,4260000
421010231001022,1149,Chestnut Hill,,55,17,4260000
421010231001023,1149,Chestnut Hill,,23,9,4260000
421010231001024,1149,Chestnut Hill,,27,10,4260000
421010231001025,1149,Chestnut Hill,,30,9,4260000
421010231001026,1149,Chestnut Hill,,47,14,4260000
421010231001027,1149,Chestnut Hill,,27,9,4260000
421010231001028,1149,Chestnut Hill,,33,12,4260000
421010231001029,1149,Chestnut Hill,,17,9,4260000
421010231001030,1149,Chestnut Hill,,26,10,4260000
421010231001031,1149,Chestnut Hill,,23,9,4260000
421010257001000,1149,Chestnut Hill,,94,109,4260000
421010257001001,1149,Chestnut Hill,,24,13,4260000
421010257001002,1149,Chestnut Hill,,76,32,4260000
421010257001003,1149,Chestnut Hill,,213,139,4260000
421010257001004,1149,Chestnut Hill,,792,560,4260000
421010257001005,1149,Chestnut Hill,,421,285,4260000
421010257001006,1149,Chestnut Hill,,310,127,4260000
421010257002000,1149,Chestnut Hill,,219,129,4260000
421010257002001,1149,Chestnut Hill,,72,40,4260000
421010257002002,1149,Chestnut Hill,,84,33,4260000
421010257002003,1149,Chestnut Hill,,36,16,4260000
421010257002004,1149,Chestnut Hill,,113,50,4260000
421010257002005,1149,Chestnut Hill,,71,36,4260000
421010257002006,1149,Chestnut Hill,,0,0,4260000
421010257002007,1149,Chestnut Hill,,181,93,4260000
421010257002008,1149,Chestnut Hill,,79,38,4260000
421010257002009,1149,Chestnut Hill,,7,2,4260000
421010257003000,1149,Chestnut Hill,,44,22,4260000
421010257003001,1149,Chestnut Hill,,84,44,4260000
421010257003002,1149,Chestnut Hill,,72,39,4260000
421010257003003,1149,Chestnut Hill,,145,72,4260000
421010257003004,1149,Chestnut Hill,,0,0,4260000
421010257003005,1149,Chestnut Hill,,77,36,4260000
421010257003006,1149,Chestnut Hill,,90,44,4260000
421010257003007,1149,Chestnut Hill,,45,20,4260000
421010257003008,1149,Chestnut Hill,,76,44,4260000
421010257003009,1149,Chestnut Hill,,38,29,4260000
421010257003010,1149,Chestnut Hill,,0,0,4260000
421010385001000,1149,Chestnut Hill,,78,42,4260000
421010385001001,1149,Chestnut Hill,,161,76,4260000
421010385001002,1149,Chestnut Hill,,94,45,4260000
421010385001003,1149,Chestnut Hill,,71,31,4260000
421010385001004,1149,Chestnut Hill,,71,32,4260000
421010385001005,1149,Chestnut Hill,,33,18,4260000
421010385001006,1149,Chestnut Hill,,49,21,4260000
421010385001007,1149,Chestnut Hill,,23,9,4260000
421010385001008,1149,Chestnut Hill,,22,8,4260000
421010385002000,1149,Chestnut Hill,,66,6,4260000
421010385002001,1149,Chestnut Hill,,70,32,4260000
421010385002002,1149,Chestnut Hill,,59,20,4260000
421010385002003,1149,Chestnut Hill,,35,15,4260000
421010385002004,1149,Chestnut Hill,,38,17,4260000
421010385002005,1149,Chestnut Hill,,4,2,4260000
421010385002006,1149,Chestnut Hill,,30,11,4260000
421010385002007,1149,Chestnut Hill,,48,20,4260000
421010385002008,1149,Chestnut Hill,,45,19,4260000
421010385002009,1149,Chestnut Hill,,123,46,4260000
421010385002010,1149,Chestnut Hill,,34,5,4260000
421010385002011,1149,Chestnut Hill,,148,68,4260000
421010385002012,1149,Chestnut Hill,,30,12,4260000
421010385002013,1149,Chestnut Hill,,45,23,4260000
421010385002014,1149,Chestnut Hill,,204,186,4260000
421010385002015,1149,Chestnut Hill,,11,5,4260000
421010385002016,1149,Chestnut Hill,,48,22,4260000
421010385002017,1149,Chestnut Hill,,219,137,4260000
421010385002018,1149,Chestnut Hill,,6,2,4260000
421010385002019,1149,Chestnut Hill,,19,8,4260000
421010385002020,1149,Chestnut Hill,,0,0,4260000
421010385002021,1149,Chestnut Hill,,4,1,4260000
421010386001000,1149,Chestnut Hill,,54,27,4260000
421010386001001,1149,Chestnut Hill,,15,7,4260000
421010386001002,1149,Chestnut Hill,,126,58,4260000
421010386001003,1149,Chestnut Hill,,25,10,4260000
421010386001004,1149,Chestnut Hill,,20,11,4260000
421010386001005,1149,Chestnut Hill,,4,2,4260000
421010386001006,1149,Chestnut Hill,,10,5,4260000
421010386001007,1149,Chestnut Hill,,28,10,4260000
421010386001008,1149,Chestnut Hill,,30,12,4260000
421010386001009,1149,Chestnut Hill,,56,23,4260000
421010386001010,1149,Chestnut Hill,,35,14,4260000
421010386001011,1149,Chestnut Hill,,52,18,4260000
421010386001012,1149,Chestnut Hill,,89,62,4260000
421010386001013,1149,Chestnut Hill,,0,0,4260000
421010386001014,1149,Chestnut Hill,,35,24,4260000
421010386001015,1149,Chestnut Hill,,0,0,4260000
421010386001016,1149,Chestnut Hill,,0,0,4260000
421010386001017,1149,Chestnut Hill,,0,0,4260000
421010386001018,1149,Chestnut Hill,,0,0,4260000
421010386001019,1149,Chestnut Hill,,166,94,4260000
421010386001020,1149,Chestnut Hill,,0,0,4260000
421010386001021,1149,Chestnut Hill,,0,0,4260000
421010386001022,1149,Chestnut Hill,,4,1,4260000
421010386001023,1149,Chestnut Hill,,0,0,4260000
421010387001000,1149,Chestnut Hill,,66,28,4260000
421010387001001,1149,Chestnut Hill,,28,12,4260000
421010387001002,1149,Chestnut Hill,,5,3,4260000
421010387001003,1149,Chestnut Hill,,71,34,4260000
421010387001004,1149,Chestnut Hill,,102,42,4260000
421010387001005,1149,Chestnut Hill,,100,45,4260000
421010387001006,1149,Chestnut Hill,,104,47,4260000
421010387001007,1149,Chestnut Hill,,47,31,4260000
421010387001008,1149,Chestnut Hill,,53,23,4260000
421010387001009,1149,Chestnut Hill,,34,17,4260000
421010387001010,1149,Chestnut Hill,,39,21,4260000
421010387001011,1149,Chestnut Hill,,60,32,4260000
421010387002000,1149,Chestnut Hill,,0,0,4260000
421010387002001,1149,Chestnut Hill,,55,20,4260000
421010387002002,1149,Chestnut Hill,,21,7,4260000
421010387002003,1149,Chestnut Hill,,16,5,4260000
421010387002004,1149,Chestnut Hill,,39,18,4260000
421010387002005,1149,Chestnut Hill,,0,0,4260000
421010387002006,1149,Chestnut Hill,,0,0,4260000
421010387002007,1149,Chestnut Hill,,4,1,4260000
421010387002008,1149,Chestnut Hill,,459,0,4260000
421010387002009,1149,Chestnut Hill,,59,0,4260000
421010387002010,1149,Chestnut Hill,,0,0,4260000
421010387002011,1149,Chestnut Hill,,77,31,4260000
421010387002012,1149,Chestnut Hill,,139,57,4260000
421010387002013,1149,Chestnut Hill,,10,5,4260000
421010387002014,1149,Chestnut Hill,,17,8,4260000
421010387002015,1149,Chestnut Hill,,0,0,4260000
421010387002016,1149,Chestnut Hill,,195,10,4260000
421010387002017,1149,Chestnut Hill,,48,16,4260000
421010387002018,1149,Chestnut Hill,,0,0,4260000
421010387002019,1149,Chestnut Hill,,38,12,4260000
421010387002020,1149,Chestnut Hill,,50,26,4260000
421010387002021,1149,Chestnut Hill,,56,35,4260000
421010387002022,1149,Chestnut Hill,,24,13,4260000
421010387002023,1149,Chestnut Hill,,16,10,4260000
421010387002024,1149,Chestnut Hill,,39,17,4260000
421010387002025,1149,Chestnut Hill,,87,36,4260000
421010387002026,1149,Chestnut Hill,,16,5,4260000
421010387002027,1149,Chestnut Hill,,21,8,4260000
421010387002028,1149,Chestnut Hill,,27,11,4260000
421010387002029,1149,Chestnut Hill,,101,45,4260000
421010387002030,1149,Chestnut Hill,,14,4,4260000
421010387002031,1149,Chestnut Hill,,11,0,4260000
421019801001016,1149,Chestnut Hill,,0,0,4260000
421010206001000,1150,East Falls,,732,507,4260000
421010206001001,1150,East Falls,,54,19,4260000
421010206001002,1150,East Falls,,41,15,4260000
421010206001003,1150,East Falls,,158,21,4260000
421010206001004,1150,East Falls,,43,18,4260000
421010206001005,1150,East Falls,,66,25,4260000
421010206001006,1150,East Falls,,0,0,4260000
421010206001007,1150,East Falls,,45,19,4260000
421010206001008,1150,East Falls,,49,19,4260000
421010206001009,1150,East Falls,,64,26,4260000
421010206001010,1150,East Falls,,296,190,4260000
421010206001011,1150,East Falls,,47,34,4260000
421010206001012,1150,East Falls,,0,0,4260000
421010206001013,1150,East Falls,,0,0,4260000
421010206001014,1150,East Falls,,0,0,4260000
421010206001018,1150,East Falls,,2,1,4260000
421010206001019,1150,East Falls,,45,23,4260000
421010206001020,1150,East Falls,,46,23,4260000
421010206001021,1150,East Falls,,67,26,4260000
421010206001022,1150,East Falls,,64,24,4260000
421010207001000,1150,East Falls,,0,0,4260000
421010207001001,1150,East Falls,,55,19,4260000
421010207001002,1150,East Falls,,79,30,4260000
421010207001003,1150,East Falls,,566,18,4260000
421010207001004,1150,East Falls,,115,57,4260000
421010207001005,1150,East Falls,,119,52,4260000
421010207001006,1150,East Falls,,43,18,4260000
421010207001007,1150,East Falls,,69,39,4260000
421010207001008,1150,East Falls,,111,62,4260000
421010207001009,1150,East Falls,,50,24,4260000
421010207001010,1150,East Falls,,44,21,4260000
421010207001011,1150,East Falls,,43,27,4260000
421010207001012,1150,East Falls,,161,90,4260000
421010207001013,1150,East Falls,,66,36,4260000
421010207001014,1150,East Falls,,30,18,4260000
421010207001015,1150,East Falls,,126,54,4260000
421010207001016,1150,East Falls,,111,50,4260000
421010207001017,1150,East Falls,,0,0,4260000
421010207002000,1150,East Falls,,55,28,4260000
421010207002001,1150,East Falls,,108,47,4260000
421010207002002,1150,East Falls,,134,74,4260000
421010207002003,1150,East Falls,,154,80,4260000
421010207002004,1150,East Falls,,126,72,4260000
421010207002005,1150,East Falls,,112,62,4260000
421010207002006,1150,East Falls,,151,83,4260000
421010207003000,1150,East Falls,,95,55,4260000
421010207003001,1150,East Falls,,89,50,4260000
421010207003002,1150,East Falls,,103,49,4260000
421010207003003,1150,East Falls,,190,95,4260000
421010207003004,1150,East Falls,,125,69,4260000
421010207003005,1150,East Falls,,87,36,4260000
421010207003006,1150,East Falls,,204,103,4260000
421010207003007,1150,East Falls,,0,0,4260000
421010207003008,1150,East Falls,,68,37,4260000
421010207003009,1150,East Falls,,84,43,4260000
421010207003010,1150,East Falls,,157,78,4260000
421010207003011,1150,East Falls,,82,40,4260000
421010207003012,1150,East Falls,,0,0,4260000
421010207003013,1150,East Falls,,0,0,4260000
421010207003014,1150,East Falls,,0,0,4260000
421010207003015,1150,East Falls,,67,36,4260000
421010207003016,1150,East Falls,,0,0,4260000
421010207003017,1150,East Falls,,126,59,4260000
421010207003018,1150,East Falls,,50,23,4260000
421010207004001,1150,East Falls,,71,31,4260000
421010207004002,1150,East Falls,,23,11,4260000
421010207004003,1150,East Falls,,45,21,4260000
421010207004004,1150,East Falls,,99,35,4260000
421010207004005,1150,East Falls,,20,12,4260000
421010207004006,1150,East Falls,,0,0,4260000
421010207004007,1150,East Falls,,129,61,4260000
421010207004008,1150,East Falls,,75,25,4260000
421010207004009,1150,East Falls,,8,4,4260000
421010207004010,1150,East Falls,,0,0,4260000
421010207004011,1150,East Falls,,1,1,4260000
421010207004012,1150,East Falls,,20,12,4260000
421010207004013,1150,East Falls,,0,0,4260000
421010207004014,1150,East Falls,,0,0,4260000
421010207004015,1150,East Falls,,0,0,4260000
421010207004016,1150,East Falls,,0,0,4260000
421010207004017,1150,East Falls,,0,0,4260000
421010207004018,1150,East Falls,,0,0,4260000
421010207004019,1150,East Falls,,0,0,4260000
421010207004020,1150,East Falls,,0,0,4260000
421010207004021,1150,East Falls,,0,0,4260000
421010207004022,1150,East Falls,,0,0,4260000
421010207004023,1150,East Falls,,0,0,4260000
421010207004024,1150,East Falls,,0,0,4260000
421010207004026,1150,East Falls,,10,4,4260000
421010207004027,1150,East Falls,,54,50,4260000
421010207004028,1150,East Falls,,77,24,4260000
421010207004029,1150,East Falls,,44,16,4260000
421010207004030,1150,East Falls,,0,0,4260000
421010207004031,1150,East Falls,,84,43,4260000
421010207004032,1150,East Falls,,226,116,4260000
421010207004033,1150,East Falls,,8,8,4260000
421010207004034,1150,East Falls,,76,46,4260000
421010207004035,1150,East Falls,,92,47,4260000
421010207004036,1150,East Falls,,67,56,4260000
421010207004037,1150,East Falls,,103,48,4260000
421010207004038,1150,East Falls,,94,50,4260000
421010207004039,1150,East Falls,,94,40,4260000
421010207004040,1150,East Falls,,150,79,4260000
421010207004041,1150,East Falls,,16,10,4260000
421010207004042,1150,East Falls,,0,0,4260000
421010207004043,1150,East Falls,,0,0,4260000
421010207004044,1150,East Falls,,0,0,4260000
421010207004045,1150,East Falls,,0,0,4260000
421010207004046,1150,East Falls,,0,0,4260000
421010207004047,1150,East Falls,,0,0,4260000
421010207004048,1150,East Falls,,0,0,4260000
421010207004049,1150,East Falls,,0,0,4260000
421010207004050,1150,East Falls,,0,0,4260000
421010207004051,1150,East Falls,,0,0,4260000
421010207004052,1150,East Falls,,0,0,4260000
421010208001000,1150,East Falls,,95,91,4260000
421010208001001,1150,East Falls,,542,356,4260000
421010208001002,1150,East Falls,,666,585,4260000
421010208002000,1150,East Falls,,113,0,4260000
421010208002001,1150,East Falls,,19,11,4260000
421010208002002,1150,East Falls,,93,44,4260000
421010208002003,1150,East Falls,,389,284,4260000
421010208002004,1150,East Falls,,54,32,4260000
421010208002005,1150,East Falls,,0,0,4260000
421019800001003,1150,East Falls,,0,0,4260000
421019801001095,1150,East Falls,,0,0,4260000
421010252002000,1151,East Mount Airy,,50,25,4260000
421010252003000,1151,East Mount Airy,,173,65,4260000
421010252003001,1151,East Mount Airy,,199,66,4260000
421010252004001,1151,East Mount Airy,,101,88,4260000
421010252004002,1151,East Mount Airy,,127,87,4260000
421010252004003,1151,East Mount Airy,,107,88,4260000
421010252006000,1151,East Mount Airy,,225,93,4260000
421010252006001,1151,East Mount Airy,,1,1,4260000
421010252006002,1151,East Mount Airy,,101,61,4260000
421010252006003,1151,East Mount Airy,,108,41,4260000
421010252006004,1151,East Mount Airy,,59,36,4260000
421010252006005,1151,East Mount Airy,,140,60,4260000
421010252006006,1151,East Mount Airy,,82,26,4260000
421010252006007,1151,East Mount Airy,,58,18,4260000
421010252006008,1151,East Mount Airy,,0,0,4260000
421010252006009,1151,East Mount Airy,,292,146,4260000
421010252006010,1151,East Mount Airy,,1,2,4260000
421010252006011,1151,East Mount Airy,,207,41,4260000
421010252007000,1151,East Mount Airy,,176,73,4260000
421010252007001,1151,East Mount Airy,,139,63,4260000
421010252007002,1151,East Mount Airy,,261,112,4260000
421010252007003,1151,East Mount Airy,,152,65,4260000
421010252007004,1151,East Mount Airy,,162,75,4260000
421010252007005,1151,East Mount Airy,,97,38,4260000
421010252007006,1151,East Mount Airy,,110,56,4260000
421010252007007,1151,East Mount Airy,,127,49,4260000
421010253001000,1151,East Mount Airy,,89,62,4260000
421010253001001,1151,East Mount Airy,,105,55,4260000
421010253001002,1151,East Mount Airy,,68,32,4260000
421010253001003,1151,East Mount Airy,,184,108,4260000
421010253001004,1151,East Mount Airy,,184,110,4260000
421010253001005,1151,East Mount Airy,,171,67,4260000
421010253001006,1151,East Mount Airy,,152,83,4260000
421010253002000,1151,East Mount Airy,,142,67,4260000
421010253002001,1151,East Mount Airy,,85,41,4260000
421010253002002,1151,East Mount Airy,,66,36,4260000
421010253002003,1151,East Mount Airy,,191,73,4260000
421010253002004,1151,East Mount Airy,,241,98,4260000
421010253002005,1151,East Mount Airy,,148,67,4260000
421010253003000,1151,East Mount Airy,,77,39,4260000
421010253003001,1151,East Mount Airy,,93,33,4260000
421010253003002,1151,East Mount Airy,,134,69,4260000
421010253003003,1151,East Mount Airy,,165,68,4260000
421010253003004,1151,East Mount Airy,,21,11,4260000
421010253003005,1151,East Mount Airy,,85,34,4260000
421010253003006,1151,East Mount Airy,,168,84,4260000
421010253003007,1151,East Mount Airy,,0,1,4260000
421010253004000,1151,East Mount Airy,,76,36,4260000
421010253004001,1151,East Mount Airy,,97,53,4260000
421010253004002,1151,East Mount Airy,,77,27,4260000
421010253004003,1151,East Mount Airy,,38,28,4260000
421010253004004,1151,East Mount Airy,,102,52,4260000
421010253004005,1151,East Mount Airy,,123,64,4260000
421010253004006,1151,East Mount Airy,,210,78,4260000
421010253005000,1151,East Mount Airy,,112,48,4260000
421010253005001,1151,East Mount Airy,,78,36,4260000
421010253005002,1151,East Mount Airy,,70,29,4260000
421010253005003,1151,East Mount Airy,,205,137,4260000
421010253005004,1151,East Mount Airy,,85,33,4260000
421010253005005,1151,East Mount Airy,,69,28,4260000
421010253005006,1151,East Mount Airy,,91,57,4260000
421010254001000,1151,East Mount Airy,,95,38,4260000
421010254001001,1151,East Mount Airy,,87,36,4260000
421010254001002,1151,East Mount Airy,,67,36,4260000
421010254001003,1151,East Mount Airy,,87,42,4260000
421010254001004,1151,East Mount Airy,,105,44,4260000
421010254001005,1151,East Mount Airy,,101,38,4260000
421010254001006,1151,East Mount Airy,,74,35,4260000
421010254001007,1151,East Mount Airy,,73,30,4260000
421010254002000,1151,East Mount Airy,,57,31,4260000
421010254002001,1151,East Mount Airy,,160,126,4260000
421010254002002,1151,East Mount Airy,,33,24,4260000
421010254002003,1151,East Mount Airy,,103,51,4260000
421010254002004,1151,East Mount Airy,,111,64,4260000
421010254002005,1151,East Mount Airy,,142,71,4260000
421010254002006,1151,East Mount Airy,,122,56,4260000
421010254002007,1151,East Mount Airy,,0,0,4260000
421010254002008,1151,East Mount Airy,,32,25,4260000
421010254002009,1151,East Mount Airy,,103,44,4260000
421010254002010,1151,East Mount Airy,,68,32,4260000
421010254002011,1151,East Mount Airy,,49,32,4260000
421010254002012,1151,East Mount Airy,,84,40,4260000
421010254002013,1151,East Mount Airy,,13,9,4260000
421010254003000,1151,East Mount Airy,,259,165,4260000
421010254003001,1151,East Mount Airy,,15,17,4260000
421010254003002,1151,East Mount Airy,,169,76,4260000
421010254003003,1151,East Mount Airy,,148,76,4260000
421010254003004,1151,East Mount Airy,,122,71,4260000
421010254003005,1151,East Mount Airy,,159,67,4260000
421010254004000,1151,East Mount Airy,,147,86,4260000
421010254004001,1151,East Mount Airy,,71,20,4260000
421010254004002,1151,East Mount Airy,,77,33,4260000
421010254004003,1151,East Mount Airy,,80,34,4260000
421010254004004,1151,East Mount Airy,,88,34,4260000
421010254004005,1151,East Mount Airy,,64,28,4260000
421010254004006,1151,East Mount Airy,,67,26,4260000
421010254004007,1151,East Mount Airy,,85,34,4260000
421010254004008,1151,East Mount Airy,,111,40,4260000
421010254004009,1151,East Mount Airy,,83,40,4260000
421010254004010,1151,East Mount Airy,,50,75,4260000
421010254004011,1151,East Mount Airy,,73,25,4260000
421010254004012,1151,East Mount Airy,,77,38,4260000
421010254004013,1151,East Mount Airy,,77,44,4260000
421010254004014,1151,East Mount Airy,,10,5,4260000
421010254004015,1151,East Mount Airy,,0,0,4260000
421010254004016,1151,East Mount Airy,,44,15,4260000
421010254004017,1151,East Mount Airy,,43,21,4260000
421010254004018,1151,East Mount Airy,,35,25,4260000
421010255001000,1151,East Mount Airy,,106,39,4260000
421010255001001,1151,East Mount Airy,,63,34,4260000
421010255001002,1151,East Mount Airy,,117,82,4260000
421010255001003,1151,East Mount Airy,,57,24,4260000
421010255001004,1151,East Mount Airy,,3,4,4260000
421010255001005,1151,East Mount Airy,,119,58,4260000
421010255001006,1151,East Mount Airy,,113,42,4260000
421010255001007,1151,East Mount Airy,,159,56,4260000
421010255002000,1151,East Mount Airy,,58,28,4260000
421010255002001,1151,East Mount Airy,,78,35,4260000
421010255002002,1151,East Mount Airy,,54,22,4260000
421010255002003,1151,East Mount Airy,,62,24,4260000
421010255002004,1151,East Mount Airy,,33,21,4260000
421010255002005,1151,East Mount Airy,,39,15,4260000
421010255002006,1151,East Mount Airy,,49,22,4260000
421010255002007,1151,East Mount Airy,,19,11,4260000
421010255002008,1151,East Mount Airy,,62,28,4260000
421010255002009,1151,East Mount Airy,,86,39,4260000
421010255002010,1151,East Mount Airy,,62,31,4260000
421010255002011,1151,East Mount Airy,,34,12,4260000
421010255002012,1151,East Mount Airy,,18,13,4260000
421010255002013,1151,East Mount Airy,,86,35,4260000
421010255002014,1151,East Mount Airy,,70,30,4260000
421010255002015,1151,East Mount Airy,,62,26,4260000
421010255002016,1151,East Mount Airy,,49,27,4260000
421010255002017,1151,East Mount Airy,,118,56,4260000
421010255003000,1151,East Mount Airy,,159,75,4260000
421010255003001,1151,East Mount Airy,,95,31,4260000
421010255003002,1151,East Mount Airy,,41,19,4260000
421010255003003,1151,East Mount Airy,,30,11,4260000
421010255003004,1151,East Mount Airy,,119,48,4260000
421010255003005,1151,East Mount Airy,,85,37,4260000
421010255003006,1151,East Mount Airy,,105,50,4260000
421010255003007,1151,East Mount Airy,,22,9,4260000
421010255003008,1151,East Mount Airy,,25,8,4260000
421010255003009,1151,East Mount Airy,,114,46,4260000
421010256001000,1151,East Mount Airy,,38,18,4260000
421010256001001,1151,East Mount Airy,,53,19,4260000
421010256001002,1151,East Mount Airy,,98,57,4260000
421010256001003,1151,East Mount Airy,,139,19,4260000
421010256001004,1151,East Mount Airy,,80,34,4260000
421010256001005,1151,East Mount Airy,,85,34,4260000
421010256001006,1151,East Mount Airy,,108,52,4260000
421010256001007,1151,East Mount Airy,,65,32,4260000
421010256001008,1151,East Mount Airy,,157,60,4260000
421010256001009,1151,East Mount Airy,,82,32,4260000
421010256001010,1151,East Mount Airy,,23,10,4260000
421010256001011,1151,East Mount Airy,,92,40,4260000
421010256001012,1151,East Mount Airy,,69,29,4260000
421010256002000,1151,East Mount Airy,,193,94,4260000
421010256002001,1151,East Mount Airy,,57,27,4260000
421010256002002,1151,East Mount Airy,,31,15,4260000
421010256002003,1151,East Mount Airy,,37,16,4260000
421010256002004,1151,East Mount Airy,,42,26,4260000
421010256002005,1151,East Mount Airy,,244,115,4260000
421010256002006,1151,East Mount Airy,,159,41,4260000
421010256003000,1151,East Mount Airy,,0,0,4260000
421010256003001,1151,East Mount Airy,,75,31,4260000
421010256003002,1151,East Mount Airy,,40,17,4260000
421010256003003,1151,East Mount Airy,,83,38,4260000
421010256003004,1151,East Mount Airy,,269,139,4260000
421010256003005,1151,East Mount Airy,,0,0,4260000
421010256003006,1151,East Mount Airy,,0,0,4260000
421010256003007,1151,East Mount Airy,,171,83,4260000
421010256003008,1151,East Mount Airy,,112,54,4260000
421010256003009,1151,East Mount Airy,,140,59,4260000
421010389001000,1151,East Mount Airy,,0,0,4260000
421010389002000,1151,East Mount Airy,,90,40,4260000
421010389002001,1151,East Mount Airy,,88,35,4260000
421010389002002,1151,East Mount Airy,,192,102,4260000
421010389002003,1151,East Mount Airy,,76,52,4260000
421010389002004,1151,East Mount Airy,,52,25,4260000
421010389002005,1151,East Mount Airy,,0,0,4260000
421010389002006,1151,East Mount Airy,,91,36,4260000
421010389002007,1151,East Mount Airy,,84,36,4260000
421010389002008,1151,East Mount Airy,,74,36,4260000
421010389002009,1151,East Mount Airy,,81,36,4260000
421010389002010,1151,East Mount Airy,,49,20,4260000
421010389002011,1151,East Mount Airy,,56,20,4260000
421010389002012,1151,East Mount Airy,,51,24,4260000
421010389002013,1151,East Mount Airy,,52,23,4260000
421010389003000,1151,East Mount Airy,,86,36,4260000
421010389003001,1151,East Mount Airy,,100,68,4260000
421010389003002,1151,East Mount Airy,,55,31,4260000
421010389003003,1151,East Mount Airy,,66,31,4260000
421010389003004,1151,East Mount Airy,,271,148,4260000
421010389003005,1151,East Mount Airy,,71,30,4260000
421010389003006,1151,East Mount Airy,,127,62,4260000
421010389003007,1151,East Mount Airy,,118,57,4260000
421010389003008,1151,East Mount Airy,,34,16,4260000
421010389003009,1151,East Mount Airy,,62,32,4260000
421010093001000,1279,Dunlap,,24,7,4260000
421010093001001,1279,Dunlap,,184,88,4260000
421010093001002,1279,Dunlap,,73,26,4260000
421010093001003,1279,Dunlap,,74,30,4260000
421010093001004,1279,Dunlap,,123,56,4260000
421010093001005,1279,Dunlap,,129,55,4260000
421010093001006,1279,Dunlap,,34,14,4260000
421010093002000,1279,Dunlap,,91,76,4260000
421010093002001,1279,Dunlap,,154,131,4260000
421010093002002,1279,Dunlap,,119,59,4260000
421010093002003,1279,Dunlap,,103,60,4260000
421010093002004,1279,Dunlap,,228,78,4260000
421010093002005,1279,Dunlap,,142,85,4260000
421010093003000,1279,Dunlap,,28,19,4260000
421010093003001,1279,Dunlap,,139,71,4260000
421010093003002,1279,Dunlap,,124,84,4260000
421010093003003,1279,Dunlap,,72,51,4260000
421010093003004,1279,Dunlap,,112,48,4260000
421010093003005,1279,Dunlap,,85,92,4260000
421010093003006,1279,Dunlap,,99,49,4260000
421010093005000,1279,Dunlap,,99,45,4260000
421010272002008,1153,Olney,,0,0,4260000
421010273001000,1153,Olney,,0,0,4260000
421010273001001,1153,Olney,,0,0,4260000
421010273001002,1153,Olney,,0,0,4260000
421010273001003,1153,Olney,,0,0,4260000
421010273001004,1153,Olney,,0,0,4260000
421010273001005,1153,Olney,,0,0,4260000
421010273001006,1153,Olney,,0,0,4260000
421010273001010,1153,Olney,,74,30,4260000
421010273001011,1153,Olney,,159,51,4260000
421010273001012,1153,Olney,,124,44,4260000
421010273001013,1153,Olney,,126,44,4260000
421010273001014,1153,Olney,,160,59,4260000
421010273001015,1153,Olney,,178,57,4260000
421010273001016,1153,Olney,,149,58,4260000
421010273001017,1153,Olney,,184,53,4260000
421010273001018,1153,Olney,,173,57,4260000
421010273001019,1153,Olney,,138,42,4260000
421010273002000,1153,Olney,,170,83,4260000
421010273002001,1153,Olney,,0,0,4260000
421010273002002,1153,Olney,,0,0,4260000
421010273002003,1153,Olney,,85,24,4260000
421010273002004,1153,Olney,,98,37,4260000
421010273002005,1153,Olney,,151,52,4260000
421010273002006,1153,Olney,,145,58,4260000
421010273002007,1153,Olney,,267,74,4260000
421010273002008,1153,Olney,,191,65,4260000
421010273003000,1153,Olney,,368,201,4260000
421010273003001,1153,Olney,,0,0,4260000
421010273003002,1153,Olney,,0,0,4260000
421010273003003,1153,Olney,,162,51,4260000
421010273003004,1153,Olney,,210,63,4260000
421010273003005,1153,Olney,,124,58,4260000
421010273003006,1153,Olney,,155,53,4260000
421010273003007,1153,Olney,,153,49,4260000
421010273004000,1153,Olney,,181,64,4260000
421010273004001,1153,Olney,,196,73,4260000
421010273004002,1153,Olney,,185,63,4260000
421010273004003,1153,Olney,,202,68,4260000
421010273004004,1153,Olney,,221,68,4260000
421010273004005,1153,Olney,,189,64,4260000
421010273005000,1153,Olney,,275,84,4260000
421010273005001,1153,Olney,,124,49,4260000
421010273005002,1153,Olney,,159,56,4260000
421010273005003,1153,Olney,,205,65,4260000
421010273005004,1153,Olney,,185,67,4260000
421010273005005,1153,Olney,,203,74,4260000
421010274011000,1153,Olney,,293,97,4260000
421010274011001,1153,Olney,,11,0,4260000
421010274011002,1153,Olney,,148,60,4260000
421010274011003,1153,Olney,,154,50,4260000
421010274011004,1153,Olney,,162,61,4260000
421010274011005,1153,Olney,,206,62,4260000
421010274011006,1153,Olney,,195,63,4260000
421010274011007,1153,Olney,,102,43,4260000
421010274011008,1153,Olney,,199,64,4260000
421010274012000,1153,Olney,,186,63,4260000
421010274012001,1153,Olney,,219,68,4260000
421010274012002,1153,Olney,,0,0,4260000
421010274012003,1153,Olney,,128,58,4260000
421010274012004,1153,Olney,,200,66,4260000
421010274012005,1153,Olney,,124,47,4260000
421010274012006,1153,Olney,,127,43,4260000
421010274012007,1153,Olney,,86,27,4260000
421010274012008,1153,Olney,,71,32,4260000
421010274013000,1153,Olney,,158,65,4260000
421010274013001,1153,Olney,,133,52,4260000
421010274013002,1153,Olney,,108,56,4260000
421010274013003,1153,Olney,,76,25,4260000
421010274013004,1153,Olney,,112,37,4260000
421010274013005,1153,Olney,,88,35,4260000
421010274013006,1153,Olney,,39,18,4260000
421010274013007,1153,Olney,,132,45,4260000
421010274021000,1153,Olney,,186,68,4260000
421010274021001,1153,Olney,,185,67,4260000
421010274021002,1153,Olney,,177,68,4260000
421010274021003,1153,Olney,,160,55,4260000
421010274021004,1153,Olney,,73,31,4260000
421010274021005,1153,Olney,,104,32,4260000
421010274021006,1153,Olney,,91,32,4260000
421010274021007,1153,Olney,,197,63,4260000
421010274021008,1153,Olney,,199,62,4260000
421010274022000,1153,Olney,,152,50,4260000
421010274022001,1153,Olney,,77,22,4260000
421010274022002,1153,Olney,,173,56,4260000
421010274022003,1153,Olney,,150,61,4260000
421010274022004,1153,Olney,,37,14,4260000
421010274022005,1153,Olney,,62,22,4260000
421010274022006,1153,Olney,,45,15,4260000
421010274022007,1153,Olney,,109,49,4260000
421010274022008,1153,Olney,,14,10,4260000
421010274022009,1153,Olney,,71,23,4260000
421010274022010,1153,Olney,,85,33,4260000
421010274023000,1153,Olney,,12,4,4260000
421010274023001,1153,Olney,,78,28,4260000
421010274023002,1153,Olney,,156,48,4260000
421010274023003,1153,Olney,,106,59,4260000
421010274023004,1153,Olney,,158,55,4260000
421010274023005,1153,Olney,,195,69,4260000
421010274023006,1153,Olney,,117,45,4260000
421010274023007,1153,Olney,,131,49,4260000
421010274023008,1153,Olney,,101,40,4260000
421010274024000,1153,Olney,,169,56,4260000
421010274024001,1153,Olney,,211,76,4260000
421010274024002,1153,Olney,,230,80,4260000
421010274024003,1153,Olney,,166,50,4260000
421010274024004,1153,Olney,,152,45,4260000
421010274024005,1153,Olney,,233,83,4260000
421010274024006,1153,Olney,,293,90,4260000
421010274024007,1153,Olney,,95,32,4260000
421010274024008,1153,Olney,,131,38,4260000
421010274024009,1153,Olney,,83,34,4260000
421010274024010,1153,Olney,,29,9,4260000
421010274024011,1153,Olney,,125,52,4260000
421010274025000,1153,Olney,,221,71,4260000
421010274025001,1153,Olney,,211,70,4260000
421010274025002,1153,Olney,,103,34,4260000
421010274025003,1153,Olney,,74,29,4260000
421010274025004,1153,Olney,,220,74,4260000
421010274025005,1153,Olney,,177,69,4260000
421010274025006,1153,Olney,,185,67,4260000
421010274025007,1153,Olney,,216,75,4260000
421010274025008,1153,Olney,,75,29,4260000
421010275001000,1153,Olney,,78,35,4260000
421010275001001,1153,Olney,,152,56,4260000
421010275001002,1153,Olney,,310,122,4260000
421010275001003,1153,Olney,,135,52,4260000
421010275001004,1153,Olney,,113,44,4260000
421010275001005,1153,Olney,,141,51,4260000
421010275001006,1153,Olney,,154,58,4260000
421010275001007,1153,Olney,,155,55,4260000
421010275001008,1153,Olney,,106,36,4260000
421010275001009,1153,Olney,,88,39,4260000
421010275002000,1153,Olney,,161,61,4260000
421010275002001,1153,Olney,,164,72,4260000
421010275002002,1153,Olney,,213,83,4260000
421010275002003,1153,Olney,,193,66,4260000
421010275002004,1153,Olney,,147,56,4260000
421010275002005,1153,Olney,,178,62,4260000
421010275002006,1153,Olney,,93,41,4260000
421010275002007,1153,Olney,,61,23,4260000
421010275002008,1153,Olney,,76,30,4260000
421010275003000,1153,Olney,,48,21,4260000
421010275003001,1153,Olney,,112,39,4260000
421010275003002,1153,Olney,,132,40,4260000
421010275003003,1153,Olney,,115,43,4260000
421010275003004,1153,Olney,,43,20,4260000
421010275003005,1153,Olney,,70,23,4260000
421010275003006,1153,Olney,,233,70,4260000
421010275003007,1153,Olney,,139,64,4260000
421010275004000,1153,Olney,,221,84,4260000
421010275004001,1153,Olney,,214,68,4260000
421010275004002,1153,Olney,,114,33,4260000
421010275004003,1153,Olney,,85,30,4260000
421010275004004,1153,Olney,,132,47,4260000
421010275004005,1153,Olney,,113,42,4260000
421010282002000,1153,Olney,,0,0,4260000
421010282002002,1153,Olney,,0,0,4260000
421010282002003,1153,Olney,,0,0,4260000
421010282002006,1153,Olney,,193,59,4260000
421010282002007,1153,Olney,,0,0,4260000
421010282002008,1153,Olney,,164,61,4260000
421010282002015,1153,Olney,,103,27,4260000
421010282002016,1153,Olney,,95,32,4260000
421010282002017,1153,Olney,,126,45,4260000
421010282002018,1153,Olney,,107,41,4260000
421010282002019,1153,Olney,,69,24,4260000
421010282002020,1153,Olney,,0,0,4260000
421010284001000,1153,Olney,,183,67,4260000
421010284001005,1153,Olney,,204,69,4260000
421010284001006,1153,Olney,,181,64,4260000
421010284001007,1153,Olney,,136,50,4260000
421010284002000,1153,Olney,,88,28,4260000
421010284002001,1153,Olney,,196,64,4260000
421010284002002,1153,Olney,,189,64,4260000
421010284002003,1153,Olney,,182,69,4260000
421010284003000,1153,Olney,,42,18,4260000
421010284003001,1153,Olney,,124,50,4260000
421010284003002,1153,Olney,,106,42,4260000
421010284003003,1153,Olney,,177,57,4260000
421010284003004,1153,Olney,,198,69,4260000
421010284003009,1153,Olney,,1,1,4260000
421010284003010,1153,Olney,,0,0,4260000
421010284003011,1153,Olney,,9,5,4260000
421010284003012,1153,Olney,,0,0,4260000
421010284003013,1153,Olney,,0,0,4260000
421010284003014,1153,Olney,,0,0,4260000
421010284003015,1153,Olney,,0,0,4260000
421010284004000,1153,Olney,,0,0,4260000
421010284004003,1153,Olney,,0,1,4260000
421010284004004,1153,Olney,,0,0,4260000
421010284004005,1153,Olney,,0,0,4260000
421010284004006,1153,Olney,,0,0,4260000
421010284004007,1153,Olney,,0,0,4260000
421010284004008,1153,Olney,,0,0,4260000
421010284004012,1153,Olney,,0,0,4260000
421010284004013,1153,Olney,,0,0,4260000
421010284004014,1153,Olney,,0,0,4260000
421010284004015,1153,Olney,,0,0,4260000
421010284004016,1153,Olney,,0,0,4260000
421010284004023,1153,Olney,,0,0,4260000
421010285001000,1153,Olney,,94,27,4260000
421010285001001,1153,Olney,,166,48,4260000
421010285001002,1153,Olney,,221,76,4260000
421010285001003,1153,Olney,,261,94,4260000
421010285001004,1153,Olney,,274,152,4260000
421010285001005,1153,Olney,,187,59,4260000
421010285001006,1153,Olney,,215,77,4260000
421010285001007,1153,Olney,,153,58,4260000
421010285001008,1153,Olney,,59,17,4260000
421010285001009,1153,Olney,,0,0,4260000
421010285001010,1153,Olney,,49,16,4260000
421010285001011,1153,Olney,,124,47,4260000
421010285001012,1153,Olney,,96,32,4260000
421010285001013,1153,Olney,,71,25,4260000
421010285001014,1153,Olney,,131,57,4260000
421010285001015,1153,Olney,,3,2,4260000
421010285001016,1153,Olney,,0,0,4260000
421010285001017,1153,Olney,,0,0,4260000
421010285001018,1153,Olney,,93,38,4260000
421010285001019,1153,Olney,,123,44,4260000
421010285001020,1153,Olney,,55,18,4260000
421010285001022,1153,Olney,,0,0,4260000
421010286001000,1153,Olney,,71,28,4260000
421010286001001,1153,Olney,,42,15,4260000
421010286001002,1153,Olney,,90,26,4260000
421010286001003,1153,Olney,,137,39,4260000
421010286001004,1153,Olney,,69,21,4260000
421010286001005,1153,Olney,,202,66,4260000
421010286001006,1153,Olney,,115,36,4260000
421010286001007,1153,Olney,,0,0,4260000
421010286001008,1153,Olney,,70,25,4260000
421010286001009,1153,Olney,,99,38,4260000
421010286001010,1153,Olney,,0,0,4260000
421010286001011,1153,Olney,,28,11,4260000
421010286001012,1153,Olney,,129,42,4260000
421010286001013,1153,Olney,,7,4,4260000
421010286001014,1153,Olney,,36,10,4260000
421010286001015,1153,Olney,,198,67,4260000
421010286001016,1153,Olney,,213,65,4260000
421010286001017,1153,Olney,,68,23,4260000
421010286001018,1153,Olney,,31,12,4260000
421010286001019,1153,Olney,,122,52,4260000
421010286001020,1153,Olney,,0,0,4260000
421010286001023,1153,Olney,,0,0,4260000
421010286001024,1153,Olney,,0,0,4260000
421010286001025,1153,Olney,,0,0,4260000
421010286002000,1153,Olney,,252,68,4260000
421010286002001,1153,Olney,,124,39,4260000
421010286002002,1153,Olney,,0,0,4260000
421010286002003,1153,Olney,,201,68,4260000
421010286002004,1153,Olney,,15,6,4260000
421010286002005,1153,Olney,,3,1,4260000
421010286002006,1153,Olney,,61,21,4260000
421010286002007,1153,Olney,,0,0,4260000
421010286002011,1153,Olney,,0,0,4260000
421010286002012,1153,Olney,,8,1,4260000
421010286002013,1153,Olney,,128,38,4260000
421010286002014,1153,Olney,,123,40,4260000
421010286002015,1153,Olney,,178,61,4260000
421010286003000,1153,Olney,,184,71,4260000
421010286003001,1153,Olney,,108,38,4260000
421010286003002,1153,Olney,,195,63,4260000
421010286003003,1153,Olney,,133,60,4260000
421010286003004,1153,Olney,,193,55,4260000
421010286003005,1153,Olney,,91,29,4260000
421010286003006,1153,Olney,,183,65,4260000
421010286004000,1153,Olney,,93,34,4260000
421010286004001,1153,Olney,,76,35,4260000
421010286004002,1153,Olney,,162,59,4260000
421010286004003,1153,Olney,,205,68,4260000
421010286004004,1153,Olney,,105,33,4260000
421010286004005,1153,Olney,,200,68,4260000
421010286004006,1153,Olney,,111,43,4260000
421010286005000,1153,Olney,,0,0,4260000
421010286005001,1153,Olney,,46,20,4260000
421010286005002,1153,Olney,,102,39,4260000
421010286005003,1153,Olney,,129,39,4260000
421010286005004,1153,Olney,,96,31,4260000
421010286005005,1153,Olney,,209,65,4260000
421010286005006,1153,Olney,,146,52,4260000
421010286005007,1153,Olney,,95,31,4260000
421010286006000,1153,Olney,,270,82,4260000
421010286006001,1153,Olney,,82,30,4260000
421010286006002,1153,Olney,,99,25,4260000
421010286006003,1153,Olney,,153,54,4260000
421010286006004,1153,Olney,,159,45,4260000
421010286006005,1153,Olney,,150,49,4260000
421010286006006,1153,Olney,,276,87,4260000
421010286006007,1153,Olney,,253,82,4260000
421010287001005,1153,Olney,,0,0,4260000
421010290001001,1153,Olney,,0,0,4260000
421010290001002,1153,Olney,,0,0,4260000
421010290001003,1153,Olney,,0,0,4260000
421010290001004,1153,Olney,,169,54,4260000
421010290001005,1153,Olney,,135,46,4260000
421010290001006,1153,Olney,,277,82,4260000
421010290001007,1153,Olney,,73,25,4260000
421010290001008,1153,Olney,,189,63,4260000
421010290002000,1153,Olney,,148,43,4260000
421010290002001,1153,Olney,,321,129,4260000
421010290002002,1153,Olney,,69,35,4260000
421010290002003,1153,Olney,,156,58,4260000
421010290002004,1153,Olney,,174,56,4260000
421010290002005,1153,Olney,,183,54,4260000
421010290002006,1153,Olney,,308,99,4260000
421010290002007,1153,Olney,,0,0,4260000
421010290002009,1153,Olney,,0,0,4260000
421010290002010,1153,Olney,,0,0,4260000
421010290002011,1153,Olney,,0,0,4260000
421010290002012,1153,Olney,,154,50,4260000
421010290002013,1153,Olney,,9,5,4260000
421010290002017,1153,Olney,,0,0,4260000
421010290002019,1153,Olney,,173,57,4260000
421010290003000,1153,Olney,,63,51,4260000
421010290003001,1153,Olney,,110,38,4260000
421010290003002,1153,Olney,,74,27,4260000
421010290003003,1153,Olney,,113,41,4260000
421010290003004,1153,Olney,,63,25,4260000
421010290003005,1153,Olney,,35,14,4260000
421010290003006,1153,Olney,,60,22,4260000
421010290003007,1153,Olney,,35,19,4260000
421010290003008,1153,Olney,,87,27,4260000
421010290003009,1153,Olney,,34,9,4260000
421010290003010,1153,Olney,,80,32,4260000
421010290003011,1153,Olney,,0,0,4260000
421010290003012,1153,Olney,,173,62,4260000
421010290003013,1153,Olney,,96,33,4260000
421010290003014,1153,Olney,,85,32,4260000
421010290003015,1153,Olney,,175,59,4260000
421010290003016,1153,Olney,,75,25,4260000
421010290003017,1153,Olney,,0,0,4260000
421010290003018,1153,Olney,,186,65,4260000
421010290003019,1153,Olney,,137,59,4260000
421010290003020,1153,Olney,,0,0,4260000
421010290003022,1153,Olney,,0,0,4260000
421010290004000,1153,Olney,,206,70,4260000
421010290004001,1153,Olney,,142,45,4260000
421010290004002,1153,Olney,,262,85,4260000
421010290004003,1153,Olney,,146,44,4260000
421010290004004,1153,Olney,,141,44,4260000
421010290004005,1153,Olney,,198,74,4260000
421010290004006,1153,Olney,,0,0,4260000
421010290004007,1153,Olney,,0,0,4260000
421010290004008,1153,Olney,,495,180,4260000
421010290004009,1153,Olney,,351,112,4260000
421010290004010,1153,Olney,,0,0,4260000
421010290004013,1153,Olney,,0,0,4260000
421010290004014,1153,Olney,,0,0,4260000
421010290004015,1153,Olney,,0,0,4260000
421010337022008,1154,Pennypack Park,,0,0,4260000
421010345011004,1154,Pennypack Park,,0,0,4260000
421010347012004,1154,Pennypack Park,,369,140,4260000
421010347012009,1154,Pennypack Park,,0,0,4260000
421010347012010,1154,Pennypack Park,,0,0,4260000
421010347012011,1154,Pennypack Park,,0,0,4260000
421010347012013,1154,Pennypack Park,,0,0,4260000
421010347023002,1154,Pennypack Park,,0,0,4260000
421019802001000,1154,Pennypack Park,,25,8,4260000
421019802001001,1154,Pennypack Park,,65,22,4260000
421019802001002,1154,Pennypack Park,,33,11,4260000
421019802001003,1154,Pennypack Park,,5,1,4260000
421019802001004,1154,Pennypack Park,,0,0,4260000
421019802001005,1154,Pennypack Park,,0,0,4260000
421019802001006,1154,Pennypack Park,,0,0,4260000
421019802001007,1154,Pennypack Park,,0,0,4260000
421019802001008,1154,Pennypack Park,,0,0,4260000
421019802001009,1154,Pennypack Park,,6,3,4260000
421019802001010,1154,Pennypack Park,,0,0,4260000
421019802001011,1154,Pennypack Park,,0,0,4260000
421019802001012,1154,Pennypack Park,,2,2,4260000
421019802001013,1154,Pennypack Park,,0,0,4260000
421019802001014,1154,Pennypack Park,,0,0,4260000
421019802001015,1154,Pennypack Park,,0,0,4260000
421019802001016,1154,Pennypack Park,,0,0,4260000
421019802001017,1154,Pennypack Park,,0,0,4260000
421019802001018,1154,Pennypack Park,,0,0,4260000
421019802001019,1154,Pennypack Park,,0,0,4260000
421019802001021,1154,Pennypack Park,,0,0,4260000
421019802001022,1154,Pennypack Park,,0,0,4260000
421019802001023,1154,Pennypack Park,,0,0,4260000
421019802001024,1154,Pennypack Park,,0,0,4260000
421019802001027,1154,Pennypack Park,,0,0,4260000
421019802001028,1154,Pennypack Park,,0,0,4260000
421019802001029,1154,Pennypack Park,,0,0,4260000
421019802001030,1154,Pennypack Park,,0,0,4260000
421019802001031,1154,Pennypack Park,,0,0,4260000
421019802001032,1154,Pennypack Park,,0,0,4260000
421019802001033,1154,Pennypack Park,,0,0,4260000
421019802001034,1154,Pennypack Park,,0,0,4260000
421019802001035,1154,Pennypack Park,,0,0,4260000
421019802001036,1154,Pennypack Park,,0,0,4260000
421019802001037,1154,Pennypack Park,,0,0,4260000
421019802001038,1154,Pennypack Park,,0,0,4260000
421019802001039,1154,Pennypack Park,,0,0,4260000
421019802001040,1154,Pennypack Park,,0,0,4260000
421019802001041,1154,Pennypack Park,,0,0,4260000
421019802001042,1154,Pennypack Park,,0,0,4260000
421019802001043,1154,Pennypack Park,,0,0,4260000
421019802001044,1154,Pennypack Park,,38,0,4260000
421019802001045,1154,Pennypack Park,,0,0,4260000
421019802001046,1154,Pennypack Park,,2,1,4260000
421019802001047,1154,Pennypack Park,,296,0,4260000
421019802001048,1154,Pennypack Park,,0,0,4260000
421019802001049,1154,Pennypack Park,,0,0,4260000
421019802001050,1154,Pennypack Park,,0,0,4260000
421019802001051,1154,Pennypack Park,,0,0,4260000
421019802001052,1154,Pennypack Park,,0,0,4260000
421019802001053,1154,Pennypack Park,,0,0,4260000
421019802001054,1154,Pennypack Park,,0,0,4260000
421019802001055,1154,Pennypack Park,,0,0,4260000
421019802001056,1154,Pennypack Park,,0,0,4260000
421019802001057,1154,Pennypack Park,,0,0,4260000
421019802001058,1154,Pennypack Park,,0,0,4260000
421019802001059,1154,Pennypack Park,,0,0,4260000
421019802001060,1154,Pennypack Park,,0,0,4260000
421019802001061,1154,Pennypack Park,,2,1,4260000
421019802001063,1154,Pennypack Park,,0,0,4260000
421019802001064,1154,Pennypack Park,,0,0,4260000
421019802001065,1154,Pennypack Park,,0,0,4260000
421019802001066,1154,Pennypack Park,,0,0,4260000
421019802001067,1154,Pennypack Park,,0,0,4260000
421019802001068,1154,Pennypack Park,,0,0,4260000
421019802001069,1154,Pennypack Park,,0,0,4260000
421019802001070,1154,Pennypack Park,,0,0,4260000
421019802001071,1154,Pennypack Park,,0,0,4260000
421019802001072,1154,Pennypack Park,,0,0,4260000
421019802001074,1154,Pennypack Park,,0,0,4260000
421019802001075,1154,Pennypack Park,,0,0,4260000
421019802001076,1154,Pennypack Park,,0,0,4260000
421019802001077,1154,Pennypack Park,,0,0,4260000
421019802001078,1154,Pennypack Park,,0,0,4260000
421010357011000,1155,Somerton,,310,117,4260000
421010357011001,1155,Somerton,,237,107,4260000
421010357011002,1155,Somerton,,207,68,4260000
421010357011003,1155,Somerton,,231,118,4260000
421010357011004,1155,Somerton,,105,44,4260000
421010357011005,1155,Somerton,,115,41,4260000
421010357011006,1155,Somerton,,123,53,4260000
421010357011007,1155,Somerton,,414,252,4260000
421010357011008,1155,Somerton,,0,0,4260000
421010357011009,1155,Somerton,,210,91,4260000
421010357011010,1155,Somerton,,140,48,4260000
421010357011011,1155,Somerton,,141,73,4260000
421010357011012,1155,Somerton,,177,92,4260000
421010357012000,1155,Somerton,,474,185,4260000
421010357012001,1155,Somerton,,552,253,4260000
421010357012002,1155,Somerton,,342,128,4260000
421010357012003,1155,Somerton,,39,16,4260000
421010357012004,1155,Somerton,,128,42,4260000
421010357012005,1155,Somerton,,159,49,4260000
421010357012006,1155,Somerton,,220,91,4260000
421010357012007,1155,Somerton,,99,44,4260000
421010357012008,1155,Somerton,,3,2,4260000
421010357012009,1155,Somerton,,45,13,4260000
421010357012010,1155,Somerton,,274,80,4260000
421010357021000,1155,Somerton,,1130,477,4260000
421010357021001,1155,Somerton,,0,0,4260000
421010357021002,1155,Somerton,,0,0,4260000
421010357021003,1155,Somerton,,0,0,4260000
421010357021004,1155,Somerton,,0,0,4260000
421010357021005,1155,Somerton,,270,109,4260000
421010357021006,1155,Somerton,,65,18,4260000
421010357021007,1155,Somerton,,0,0,4260000
421010357021008,1155,Somerton,,97,33,4260000
421010357021009,1155,Somerton,,135,52,4260000
421010357022000,1155,Somerton,,226,98,4260000
421010357022001,1155,Somerton,,668,297,4260000
421010357022002,1155,Somerton,,156,75,4260000
421010357022003,1155,Somerton,,563,244,4260000
421010357022004,1155,Somerton,,684,251,4260000
421010357022005,1155,Somerton,,107,40,4260000
421010357022006,1155,Somerton,,254,103,4260000
421010357022007,1155,Somerton,,50,24,4260000
421010357022008,1155,Somerton,,0,0,4260000
421010358001000,1155,Somerton,,378,168,4260000
421010358001001,1155,Somerton,,100,34,4260000
421010358001002,1155,Somerton,,56,18,4260000
421010358001003,1155,Somerton,,66,21,4260000
421010358001004,1155,Somerton,,63,19,4260000
421010358001005,1155,Somerton,,175,64,4260000
421010358001006,1155,Somerton,,22,9,4260000
421010358001007,1155,Somerton,,194,60,4260000
421010358001008,1155,Somerton,,112,39,4260000
421010358001009,1155,Somerton,,271,103,4260000
421010358001010,1155,Somerton,,82,29,4260000
421010358001011,1155,Somerton,,96,41,4260000
421010358001012,1155,Somerton,,81,40,4260000
421010358001013,1155,Somerton,,67,28,4260000
421010358001014,1155,Somerton,,60,22,4260000
421010358001015,1155,Somerton,,68,28,4260000
421010358001016,1155,Somerton,,62,25,4260000
421010358001017,1155,Somerton,,60,28,4260000
421010358001018,1155,Somerton,,69,28,4260000
421010358001019,1155,Somerton,,71,23,4260000
421010358001020,1155,Somerton,,83,46,4260000
421010358001021,1155,Somerton,,214,115,4260000
421010358001022,1155,Somerton,,0,0,4260000
421010358001023,1155,Somerton,,29,8,4260000
421010358001024,1155,Somerton,,48,21,4260000
421010358001025,1155,Somerton,,94,36,4260000
421010358001026,1155,Somerton,,64,26,4260000
421010358001027,1155,Somerton,,53,28,4260000
421010358001028,1155,Somerton,,84,33,4260000
421010358001029,1155,Somerton,,0,0,4260000
421010358002000,1155,Somerton,,290,176,4260000
421010358002001,1155,Somerton,,0,0,4260000
421010358002002,1155,Somerton,,242,84,4260000
421010358002003,1155,Somerton,,0,0,4260000
421010358002004,1155,Somerton,,117,34,4260000
421010358002005,1155,Somerton,,82,31,4260000
421010358002006,1155,Somerton,,0,0,4260000
421010358002007,1155,Somerton,,57,17,4260000
421010358002008,1155,Somerton,,41,18,4260000
421010358002009,1155,Somerton,,79,28,4260000
421010358002010,1155,Somerton,,159,58,4260000
421010358002011,1155,Somerton,,148,53,4260000
421010358002012,1155,Somerton,,129,47,4260000
421010358002013,1155,Somerton,,0,0,4260000
421010358002014,1155,Somerton,,139,91,4260000
421010358003000,1155,Somerton,,436,156,4260000
421010358003001,1155,Somerton,,38,12,4260000
421010358003002,1155,Somerton,,72,21,4260000
421010358003003,1155,Somerton,,58,24,4260000
421010358003004,1155,Somerton,,253,90,4260000
421010358003005,1155,Somerton,,178,64,4260000
421010358003006,1155,Somerton,,316,103,4260000
421010358003007,1155,Somerton,,209,68,4260000
421010358003008,1155,Somerton,,83,32,4260000
421010359001000,1155,Somerton,,911,584,4260000
421010359001001,1155,Somerton,,172,68,4260000
421010359001002,1155,Somerton,,135,56,4260000
421010359001003,1155,Somerton,,139,58,4260000
421010359001004,1155,Somerton,,0,0,4260000
421010359001005,1155,Somerton,,67,27,4260000
421010359001006,1155,Somerton,,13,3,4260000
421010359001007,1155,Somerton,,113,40,4260000
421010359001008,1155,Somerton,,218,78,4260000
421010359001009,1155,Somerton,,68,26,4260000
421010359001010,1155,Somerton,,42,11,4260000
421010359001011,1155,Somerton,,115,41,4260000
421010359001012,1155,Somerton,,30,9,4260000
421010359001013,1155,Somerton,,109,45,4260000
421010359001014,1155,Somerton,,51,22,4260000
421010359001015,1155,Somerton,,68,24,4260000
421010359001016,1155,Somerton,,59,18,4260000
421010359001017,1155,Somerton,,90,27,4260000
421010359001018,1155,Somerton,,0,0,4260000
421010359001019,1155,Somerton,,57,24,4260000
421010359002000,1155,Somerton,,99,42,4260000
421010359002001,1155,Somerton,,122,42,4260000
421010359002002,1155,Somerton,,57,23,4260000
421010359002003,1155,Somerton,,42,15,4260000
421010359002004,1155,Somerton,,92,29,4260000
421010359002005,1155,Somerton,,97,34,4260000
421010359002006,1155,Somerton,,40,17,4260000
421010359002007,1155,Somerton,,121,42,4260000
421010359002008,1155,Somerton,,46,15,4260000
421010359002009,1155,Somerton,,32,15,4260000
421010359002010,1155,Somerton,,15,7,4260000
421010359002011,1155,Somerton,,0,0,4260000
421010359002012,1155,Somerton,,66,22,4260000
421010359002013,1155,Somerton,,128,46,4260000
421010359002014,1155,Somerton,,213,72,4260000
421010359002015,1155,Somerton,,123,68,4260000
421010359002016,1155,Somerton,,77,30,4260000
421010359002017,1155,Somerton,,207,74,4260000
421010359002018,1155,Somerton,,55,20,4260000
421010359002019,1155,Somerton,,664,271,4260000
421010359002020,1155,Somerton,,102,36,4260000
421010359002021,1155,Somerton,,122,36,4260000
421010359002022,1155,Somerton,,133,49,4260000
421010359002023,1155,Somerton,,0,0,4260000
421010359002024,1155,Somerton,,30,12,4260000
421010359002025,1155,Somerton,,34,15,4260000
421010359002026,1155,Somerton,,80,29,4260000
421010359002027,1155,Somerton,,55,20,4260000
421010360001000,1155,Somerton,,0,0,4260000
421010360001001,1155,Somerton,,0,0,4260000
421010360001002,1155,Somerton,,0,0,4260000
421010360001003,1155,Somerton,,152,37,4260000
421010360001004,1155,Somerton,,88,42,4260000
421010360001006,1155,Somerton,,8,2,4260000
421010360001007,1155,Somerton,,162,96,4260000
421010360001008,1155,Somerton,,47,20,4260000
421010360001009,1155,Somerton,,0,0,4260000
421010360001010,1155,Somerton,,54,24,4260000
421010360001011,1155,Somerton,,245,196,4260000
421010360001012,1155,Somerton,,31,12,4260000
421010360001013,1155,Somerton,,21,7,4260000
421010360001014,1155,Somerton,,175,51,4260000
421010360001015,1155,Somerton,,60,18,4260000
421010360001016,1155,Somerton,,109,38,4260000
421010360001017,1155,Somerton,,56,21,4260000
421010360001018,1155,Somerton,,61,26,4260000
421010360001019,1155,Somerton,,0,0,4260000
421010360001020,1155,Somerton,,0,0,4260000
421010360001021,1155,Somerton,,166,99,4260000
421010360001022,1155,Somerton,,68,25,4260000
421010360001023,1155,Somerton,,32,21,4260000
421010360001024,1155,Somerton,,53,14,4260000
421010360001025,1155,Somerton,,46,16,4260000
421010360001026,1155,Somerton,,52,19,4260000
421010360001027,1155,Somerton,,57,23,4260000
421010360001028,1155,Somerton,,93,25,4260000
421010360001029,1155,Somerton,,54,21,4260000
421010360001030,1155,Somerton,,56,18,4260000
421010360001031,1155,Somerton,,85,24,4260000
421010360001032,1155,Somerton,,54,19,4260000
421010360001033,1155,Somerton,,231,68,4260000
421010360001034,1155,Somerton,,52,16,4260000
421010360001035,1155,Somerton,,118,39,4260000
421010360001036,1155,Somerton,,41,20,4260000
421010360001037,1155,Somerton,,44,18,4260000
421010360001038,1155,Somerton,,249,11,4260000
421010360001039,1155,Somerton,,226,48,4260000
421010360001040,1155,Somerton,,106,33,4260000
421010360001041,1155,Somerton,,49,21,4260000
421010364001014,1155,Somerton,,0,0,4260000
421010364001015,1155,Somerton,,0,0,4260000
421010365011000,1155,Somerton,,8,8,4260000
421010365011001,1155,Somerton,,184,123,4260000
421010365011002,1155,Somerton,,255,151,4260000
421010365011003,1155,Somerton,,0,0,4260000
421010365011004,1155,Somerton,,95,56,4260000
421010365011005,1155,Somerton,,20,8,4260000
421010365011006,1155,Somerton,,98,62,4260000
421010365011007,1155,Somerton,,0,0,4260000
421010365011008,1155,Somerton,,68,28,4260000
421010365011009,1155,Somerton,,41,15,4260000
421010365011010,1155,Somerton,,54,21,4260000
421010365011011,1155,Somerton,,22,6,4260000
421010365011012,1155,Somerton,,0,0,4260000
421010365011013,1155,Somerton,,0,0,4260000
421010365011014,1155,Somerton,,309,41,4260000
421010365011015,1155,Somerton,,317,175,4260000
421010365011016,1155,Somerton,,0,0,4260000
421010365011017,1155,Somerton,,262,139,4260000
421010365011018,1155,Somerton,,20,6,4260000
421010365011019,1155,Somerton,,47,18,4260000
421010365011020,1155,Somerton,,34,12,4260000
421010365011021,1155,Somerton,,83,26,4260000
421010365011022,1155,Somerton,,70,17,4260000
421010365011023,1155,Somerton,,145,48,4260000
421010365011024,1155,Somerton,,234,68,4260000
421010365011025,1155,Somerton,,198,60,4260000
421010365011026,1155,Somerton,,49,14,4260000
421010365011027,1155,Somerton,,40,16,4260000
421010365011028,1155,Somerton,,3,1,4260000
421010365011029,1155,Somerton,,12,6,4260000
421010365012000,1155,Somerton,,175,61,4260000
421010365012001,1155,Somerton,,57,23,4260000
421010365012002,1155,Somerton,,106,34,4260000
421010365012003,1155,Somerton,,43,17,4260000
421010365012004,1155,Somerton,,59,25,4260000
421010365012005,1155,Somerton,,75,31,4260000
421010365012006,1155,Somerton,,9,4,4260000
421010365012007,1155,Somerton,,42,16,4260000
421010365012008,1155,Somerton,,39,10,4260000
421010365012009,1155,Somerton,,93,32,4260000
421010365012010,1155,Somerton,,44,19,4260000
421010365012011,1155,Somerton,,88,30,4260000
421010365012012,1155,Somerton,,120,39,4260000
421010365012013,1155,Somerton,,181,62,4260000
421010365012014,1155,Somerton,,10,5,4260000
421010365012015,1155,Somerton,,21,8,4260000
421010365012016,1155,Somerton,,36,22,4260000
421010365012017,1155,Somerton,,0,0,4260000
421010365012018,1155,Somerton,,3,2,4260000
421010365012019,1155,Somerton,,145,98,4260000
421010365012020,1155,Somerton,,172,107,4260000
421010365012021,1155,Somerton,,37,12,4260000
421010365012022,1155,Somerton,,43,17,4260000
421010365012023,1155,Somerton,,136,62,4260000
421010365012024,1155,Somerton,,120,60,4260000
421010365012025,1155,Somerton,,81,37,4260000
421010365013000,1155,Somerton,,401,225,4260000
421010365013001,1155,Somerton,,323,199,4260000
421010365013002,1155,Somerton,,0,0,4260000
421010365013003,1155,Somerton,,0,0,4260000
421010365013004,1155,Somerton,,11,5,4260000
421010365013005,1155,Somerton,,30,11,4260000
421010365013006,1155,Somerton,,62,22,4260000
421010365013007,1155,Somerton,,74,18,4260000
421010365013008,1155,Somerton,,58,20,4260000
421010365021000,1155,Somerton,,111,38,4260000
421010365021001,1155,Somerton,,79,25,4260000
421010365021002,1155,Somerton,,154,56,4260000
421010365021003,1155,Somerton,,142,59,4260000
421010365021004,1155,Somerton,,152,60,4260000
421010365021005,1155,Somerton,,277,120,4260000
421010365021006,1155,Somerton,,204,90,4260000
421010365021007,1155,Somerton,,494,183,4260000
421010365021008,1155,Somerton,,105,37,4260000
421010365021009,1155,Somerton,,2,2,4260000
421010365021010,1155,Somerton,,92,34,4260000
421010365021011,1155,Somerton,,213,81,4260000
421010365021012,1155,Somerton,,3,1,4260000
421010365021013,1155,Somerton,,1,1,4260000
421010365021014,1155,Somerton,,2,1,4260000
421010365021015,1155,Somerton,,0,0,4260000
421010365021016,1155,Somerton,,95,37,4260000
421010365021017,1155,Somerton,,152,66,4260000
421010365021018,1155,Somerton,,0,0,4260000
421010365021019,1155,Somerton,,127,55,4260000
421010365021020,1155,Somerton,,150,56,4260000
421010365021021,1155,Somerton,,53,20,4260000
421010365022000,1155,Somerton,,74,29,4260000
421010365022001,1155,Somerton,,45,13,4260000
421010365022002,1155,Somerton,,126,42,4260000
421010365022003,1155,Somerton,,78,30,4260000
421010365022004,1155,Somerton,,98,34,4260000
421010365022005,1155,Somerton,,429,142,4260000
421010365022006,1155,Somerton,,117,36,4260000
421010365022007,1155,Somerton,,63,23,4260000
421010365022008,1155,Somerton,,57,19,4260000
421010365022009,1155,Somerton,,52,18,4260000
421010365022010,1155,Somerton,,0,0,4260000
421010365022011,1155,Somerton,,170,58,4260000
421010365022012,1155,Somerton,,64,22,4260000
421010365022013,1155,Somerton,,96,30,4260000
421010235001000,1156,West Mount Airy,,27,12,4260000
421010235001001,1156,West Mount Airy,,21,7,4260000
421010235001002,1156,West Mount Airy,,22,12,4260000
421010235001003,1156,West Mount Airy,,13,6,4260000
421010235001004,1156,West Mount Airy,,158,62,4260000
421010235001005,1156,West Mount Airy,,12,3,4260000
421010235001007,1156,West Mount Airy,,11,3,4260000
421010235001008,1156,West Mount Airy,,33,13,4260000
421010235001009,1156,West Mount Airy,,57,21,4260000
421010235001010,1156,West Mount Airy,,35,17,4260000
421010235001011,1156,West Mount Airy,,51,20,4260000
421010235001012,1156,West Mount Airy,,129,51,4260000
421010235001013,1156,West Mount Airy,,176,102,4260000
421010235001014,1156,West Mount Airy,,144,93,4260000
421010235001015,1156,West Mount Airy,,80,40,4260000
421010235001016,1156,West Mount Airy,,28,17,4260000
421010235001017,1156,West Mount Airy,,49,37,4260000
421010235001018,1156,West Mount Airy,,53,28,4260000
421010235001019,1156,West Mount Airy,,62,33,4260000
421010236001000,1156,West Mount Airy,,86,60,4260000
421010236001001,1156,West Mount Airy,,30,10,4260000
421010236001002,1156,West Mount Airy,,90,42,4260000
421010236001003,1156,West Mount Airy,,141,71,4260000
421010236001004,1156,West Mount Airy,,102,80,4260000
421010236001005,1156,West Mount Airy,,69,25,4260000
421010236001006,1156,West Mount Airy,,27,9,4260000
421010236001007,1156,West Mount Airy,,54,20,4260000
421010236001008,1156,West Mount Airy,,72,33,4260000
421010236002000,1156,West Mount Airy,,64,30,4260000
421010236002001,1156,West Mount Airy,,96,33,4260000
421010236002002,1156,West Mount Airy,,53,20,4260000
421010236002003,1156,West Mount Airy,,66,33,4260000
421010236002004,1156,West Mount Airy,,118,67,4260000
421010236002005,1156,West Mount Airy,,78,28,4260000
421010236002006,1156,West Mount Airy,,7,3,4260000
421010236002007,1156,West Mount Airy,,258,72,4260000
421010236002008,1156,West Mount Airy,,86,52,4260000
421010236002009,1156,West Mount Airy,,86,32,4260000
421010236003000,1156,West Mount Airy,,106,47,4260000
421010236003001,1156,West Mount Airy,,86,37,4260000
421010236003002,1156,West Mount Airy,,62,26,4260000
421010236003003,1156,West Mount Airy,,35,11,4260000
421010236003004,1156,West Mount Airy,,75,29,4260000
421010236003005,1156,West Mount Airy,,78,37,4260000
421010236003006,1156,West Mount Airy,,38,20,4260000
421010236003007,1156,West Mount Airy,,48,17,4260000
421010236003008,1156,West Mount Airy,,33,13,4260000
421010236003009,1156,West Mount Airy,,44,14,4260000
421010236003010,1156,West Mount Airy,,52,21,4260000
421010236003011,1156,West Mount Airy,,55,22,4260000
421010236003012,1156,West Mount Airy,,12,9,4260000
421010236003013,1156,West Mount Airy,,58,25,4260000
421010236003014,1156,West Mount Airy,,45,15,4260000
421010236003015,1156,West Mount Airy,,151,83,4260000
421010236003016,1156,West Mount Airy,,0,0,4260000
421010236003017,1156,West Mount Airy,,0,0,4260000
421010236003018,1156,West Mount Airy,,58,19,4260000
421010237001000,1156,West Mount Airy,,132,84,4260000
421010237001001,1156,West Mount Airy,,125,55,4260000
421010237001002,1156,West Mount Airy,,238,178,4260000
421010237001003,1156,West Mount Airy,,49,24,4260000
421010237001004,1156,West Mount Airy,,3,1,4260000
421010237001005,1156,West Mount Airy,,548,371,4260000
421010237002000,1156,West Mount Airy,,389,140,4260000
421010237002001,1156,West Mount Airy,,75,36,4260000
421010237002002,1156,West Mount Airy,,285,116,4260000
421010237002003,1156,West Mount Airy,,44,22,4260000
421010237002004,1156,West Mount Airy,,61,36,4260000
421010237002005,1156,West Mount Airy,,99,41,4260000
421010237002006,1156,West Mount Airy,,68,37,4260000
421010237002007,1156,West Mount Airy,,59,15,4260000
421010237002008,1156,West Mount Airy,,23,10,4260000
421010237002009,1156,West Mount Airy,,49,24,4260000
421010237002010,1156,West Mount Airy,,55,21,4260000
421010237002011,1156,West Mount Airy,,113,46,4260000
421010237002012,1156,West Mount Airy,,98,52,4260000
421010237002013,1156,West Mount Airy,,23,10,4260000
421010237002014,1156,West Mount Airy,,38,12,4260000
421010237002015,1156,West Mount Airy,,27,11,4260000
421010237002016,1156,West Mount Airy,,23,14,4260000
421010237003000,1156,West Mount Airy,,387,306,4260000
421010237003001,1156,West Mount Airy,,59,28,4260000
421010237003002,1156,West Mount Airy,,90,35,4260000
421010237003003,1156,West Mount Airy,,29,14,4260000
421010237003004,1156,West Mount Airy,,228,162,4260000
421010237003005,1156,West Mount Airy,,67,28,4260000
421010237004000,1156,West Mount Airy,,48,27,4260000
421010237004001,1156,West Mount Airy,,158,63,4260000
421010237004002,1156,West Mount Airy,,177,68,4260000
421010237004003,1156,West Mount Airy,,81,30,4260000
421010237004004,1156,West Mount Airy,,70,23,4260000
421010237004005,1156,West Mount Airy,,153,50,4260000
421010237004006,1156,West Mount Airy,,114,50,4260000
421010237004007,1156,West Mount Airy,,40,15,4260000
421010237004008,1156,West Mount Airy,,32,12,4260000
421010237004009,1156,West Mount Airy,,95,39,4260000
421010237004010,1156,West Mount Airy,,76,30,4260000
421010237004011,1156,West Mount Airy,,38,11,4260000
421010386001024,1156,West Mount Airy,,120,49,4260000
421010386001025,1156,West Mount Airy,,0,0,4260000
421010386001026,1156,West Mount Airy,,24,10,4260000
421010386001027,1156,West Mount Airy,,22,6,4260000
421010386001028,1156,West Mount Airy,,38,13,4260000
421010386001029,1156,West Mount Airy,,56,20,4260000
421010386001030,1156,West Mount Airy,,0,0,4260000
421010386001031,1156,West Mount Airy,,0,0,4260000
421010386001032,1156,West Mount Airy,,30,12,4260000
421010386001033,1156,West Mount Airy,,78,34,4260000
421010386001034,1156,West Mount Airy,,99,50,4260000
421010386001035,1156,West Mount Airy,,0,0,4260000
421010386001036,1156,West Mount Airy,,0,0,4260000
421010386001037,1156,West Mount Airy,,45,13,4260000
421010386001038,1156,West Mount Airy,,8,2,4260000
421010386001039,1156,West Mount Airy,,37,13,4260000
421010386001040,1156,West Mount Airy,,14,5,4260000
421010388001000,1156,West Mount Airy,,0,0,4260000
421010388001001,1156,West Mount Airy,,0,0,4260000
421010388001002,1156,West Mount Airy,,194,119,4260000
421010388001003,1156,West Mount Airy,,96,64,4260000
421010388001004,1156,West Mount Airy,,147,80,4260000
421010388001005,1156,West Mount Airy,,0,0,4260000
421010388001006,1156,West Mount Airy,,2,2,4260000
421010388001007,1156,West Mount Airy,,0,0,4260000
421010388001008,1156,West Mount Airy,,0,0,4260000
421010388001009,1156,West Mount Airy,,16,5,4260000
421010388001010,1156,West Mount Airy,,0,0,4260000
421010388001011,1156,West Mount Airy,,38,14,4260000
421010388001012,1156,West Mount Airy,,109,71,4260000
421010388001013,1156,West Mount Airy,,14,6,4260000
421010388001014,1156,West Mount Airy,,25,11,4260000
421010388002000,1156,West Mount Airy,,44,25,4260000
421010388002001,1156,West Mount Airy,,94,52,4260000
421010388002002,1156,West Mount Airy,,93,45,4260000
421010388002003,1156,West Mount Airy,,140,65,4260000
421010388002004,1156,West Mount Airy,,87,36,4260000
421010388002005,1156,West Mount Airy,,173,127,4260000
421010388002006,1156,West Mount Airy,,50,25,4260000
421010388002007,1156,West Mount Airy,,20,8,4260000
421010388002008,1156,West Mount Airy,,29,12,4260000
421010388002009,1156,West Mount Airy,,46,14,4260000
421010388002010,1156,West Mount Airy,,158,63,4260000
421010388002011,1156,West Mount Airy,,105,45,4260000
421010388002012,1156,West Mount Airy,,84,37,4260000
421010388003000,1156,West Mount Airy,,119,61,4260000
421010388003001,1156,West Mount Airy,,110,51,4260000
421010388003002,1156,West Mount Airy,,83,44,4260000
421010388003003,1156,West Mount Airy,,154,68,4260000
421010388003004,1156,West Mount Airy,,67,35,4260000
421010388003005,1156,West Mount Airy,,45,25,4260000
421010388003006,1156,West Mount Airy,,149,82,4260000
421010388004000,1156,West Mount Airy,,100,54,4260000
421010388004001,1156,West Mount Airy,,91,43,4260000
421010388004002,1156,West Mount Airy,,101,58,4260000
421010388004003,1156,West Mount Airy,,0,0,4260000
421010388004004,1156,West Mount Airy,,0,0,4260000
421010388004005,1156,West Mount Airy,,84,43,4260000
421010388004006,1156,West Mount Airy,,89,56,4260000
421010388004007,1156,West Mount Airy,,83,42,4260000
421010388004008,1156,West Mount Airy,,89,49,4260000
421010388004009,1156,West Mount Airy,,99,52,4260000
421010388004010,1156,West Mount Airy,,106,37,4260000
421010388004011,1156,West Mount Airy,,132,49,4260000
421010388004012,1156,West Mount Airy,,66,30,4260000
421010388004013,1156,West Mount Airy,,65,33,4260000
421010388004014,1156,West Mount Airy,,122,67,4260000
421010388004015,1156,West Mount Airy,,0,0,4260000
421010262001000,1157,West Oak Lane,,106,45,4260000
421010262001001,1157,West Oak Lane,,76,37,4260000
421010262001002,1157,West Oak Lane,,147,59,4260000
421010262001003,1157,West Oak Lane,,136,58,4260000
421010262001004,1157,West Oak Lane,,135,62,4260000
421010262001005,1157,West Oak Lane,,57,31,4260000
421010262002000,1157,West Oak Lane,,202,83,4260000
421010262002001,1157,West Oak Lane,,189,84,4260000
421010262002002,1157,West Oak Lane,,195,83,4260000
421010262002003,1157,West Oak Lane,,100,47,4260000
421010262002004,1157,West Oak Lane,,116,47,4260000
421010262002005,1157,West Oak Lane,,125,48,4260000
421010262003000,1157,West Oak Lane,,149,81,4260000
421010262003001,1157,West Oak Lane,,196,80,4260000
421010262003002,1157,West Oak Lane,,203,89,4260000
421010262003003,1157,West Oak Lane,,119,50,4260000
421010262003004,1157,West Oak Lane,,163,70,4260000
421010262003005,1157,West Oak Lane,,178,74,4260000
421010262003006,1157,West Oak Lane,,201,108,4260000
421010262004000,1157,West Oak Lane,,57,28,4260000
421010262004001,1157,West Oak Lane,,133,78,4260000
421010262004002,1157,West Oak Lane,,142,54,4260000
421010262004003,1157,West Oak Lane,,81,37,4260000
421010262004004,1157,West Oak Lane,,40,19,4260000
421010262004005,1157,West Oak Lane,,39,20,4260000
421010262004006,1157,West Oak Lane,,103,41,4260000
421010262004007,1157,West Oak Lane,,0,0,4260000
421010262004008,1157,West Oak Lane,,55,24,4260000
421010262004009,1157,West Oak Lane,,37,14,4260000
421010262004010,1157,West Oak Lane,,20,13,4260000
421010262004011,1157,West Oak Lane,,41,17,4260000
421010262004012,1157,West Oak Lane,,41,18,4260000
421010262004013,1157,West Oak Lane,,29,11,4260000
421010262004014,1157,West Oak Lane,,46,30,4260000
421010262004015,1157,West Oak Lane,,84,48,4260000
421010262004016,1157,West Oak Lane,,82,36,4260000
421010262004017,1157,West Oak Lane,,82,44,4260000
421010262004018,1157,West Oak Lane,,107,42,4260000
421010262004019,1157,West Oak Lane,,27,12,4260000
421010262004020,1157,West Oak Lane,,26,11,4260000
421010263011000,1157,West Oak Lane,,186,80,4260000
421010263011001,1157,West Oak Lane,,195,83,4260000
421010263011002,1157,West Oak Lane,,196,80,4260000
421010263011003,1157,West Oak Lane,,0,0,4260000
421010263011004,1157,West Oak Lane,,195,82,4260000
421010263011005,1157,West Oak Lane,,142,54,4260000
421010263011006,1157,West Oak Lane,,101,50,4260000
421010263011007,1157,West Oak Lane,,121,50,4260000
421010263011008,1157,West Oak Lane,,130,55,4260000
421010263012000,1157,West Oak Lane,,94,39,4260000
421010263012001,1157,West Oak Lane,,70,28,4260000
421010263012002,1157,West Oak Lane,,33,14,4260000
421010263012003,1157,West Oak Lane,,220,80,4260000
421010263012004,1157,West Oak Lane,,162,60,4260000
421010263012005,1157,West Oak Lane,,71,40,4260000
421010263012006,1157,West Oak Lane,,53,27,4260000
421010263012007,1157,West Oak Lane,,219,78,4260000
421010263013000,1157,West Oak Lane,,63,26,4260000
421010263013001,1157,West Oak Lane,,69,26,4260000
421010263013002,1157,West Oak Lane,,114,44,4260000
421010263013003,1157,West Oak Lane,,79,32,4260000
421010263013004,1157,West Oak Lane,,112,45,4260000
421010263013005,1157,West Oak Lane,,100,46,4260000
421010263013006,1157,West Oak Lane,,176,78,4260000
421010263013007,1157,West Oak Lane,,237,90,4260000
421010263014000,1157,West Oak Lane,,100,50,4260000
421010263014001,1157,West Oak Lane,,107,48,4260000
421010263014002,1157,West Oak Lane,,110,51,4260000
421010263014003,1157,West Oak Lane,,71,31,4260000
421010263014004,1157,West Oak Lane,,52,31,4260000
421010263014005,1157,West Oak Lane,,65,30,4260000
421010263014006,1157,West Oak Lane,,74,32,4260000
421010263014007,1157,West Oak Lane,,59,33,4260000
421010263014008,1157,West Oak Lane,,64,30,4260000
421010263021000,1157,West Oak Lane,,242,87,4260000
421010263021001,1157,West Oak Lane,,159,66,4260000
421010263021002,1157,West Oak Lane,,200,61,4260000
421010263021003,1157,West Oak Lane,,161,61,4260000
421010263021004,1157,West Oak Lane,,112,44,4260000
421010263021005,1157,West Oak Lane,,158,68,4260000
421010263021006,1157,West Oak Lane,,33,12,4260000
421010263021007,1157,West Oak Lane,,199,77,4260000
421010263021008,1157,West Oak Lane,,97,39,4260000
421010263021009,1157,West Oak Lane,,103,36,4260000
421010263022000,1157,West Oak Lane,,155,63,4260000
421010263022001,1157,West Oak Lane,,104,42,4260000
421010263022002,1157,West Oak Lane,,169,60,4260000
421010263022003,1157,West Oak Lane,,203,76,4260000
421010263022004,1157,West Oak Lane,,72,22,4260000
421010263022005,1157,West Oak Lane,,0,0,4260000
421010263022006,1157,West Oak Lane,,100,41,4260000
421010263022007,1157,West Oak Lane,,132,60,4260000
421010263022008,1157,West Oak Lane,,93,37,4260000
421010263022009,1157,West Oak Lane,,224,82,4260000
421010263022010,1157,West Oak Lane,,83,28,4260000
421010263022011,1157,West Oak Lane,,44,20,4260000
421010263023000,1157,West Oak Lane,,103,43,4260000
421010263023001,1157,West Oak Lane,,89,41,4260000
421010263023002,1157,West Oak Lane,,82,41,4260000
421010263023003,1157,West Oak Lane,,110,57,4260000
421010263023004,1157,West Oak Lane,,44,21,4260000
421010263023005,1157,West Oak Lane,,8,3,4260000
421010263023006,1157,West Oak Lane,,0,0,4260000
421010263023007,1157,West Oak Lane,,229,110,4260000
421010263023008,1157,West Oak Lane,,5,2,4260000
421010263023009,1157,West Oak Lane,,41,16,4260000
421010263024000,1157,West Oak Lane,,39,22,4260000
421010263024001,1157,West Oak Lane,,64,22,4260000
421010263024002,1157,West Oak Lane,,162,61,4260000
421010263024003,1157,West Oak Lane,,138,56,4260000
421010263024004,1157,West Oak Lane,,247,102,4260000
421010263024005,1157,West Oak Lane,,42,15,4260000
421010263024006,1157,West Oak Lane,,262,96,4260000
421010263024007,1157,West Oak Lane,,229,88,4260000
421010263024008,1157,West Oak Lane,,178,66,4260000
421010263024009,1157,West Oak Lane,,253,100,4260000
421010263024010,1157,West Oak Lane,,189,76,4260000
421010263024011,1157,West Oak Lane,,31,24,4260000
421010263024012,1157,West Oak Lane,,0,0,4260000
421010263024013,1157,West Oak Lane,,92,35,4260000
421010264001000,1157,West Oak Lane,,185,74,4260000
421010264001001,1157,West Oak Lane,,148,57,4260000
421010264001002,1157,West Oak Lane,,134,49,4260000
421010264001003,1157,West Oak Lane,,125,53,4260000
421010264001004,1157,West Oak Lane,,122,58,4260000
421010264001005,1157,West Oak Lane,,148,53,4260000
421010264002000,1157,West Oak Lane,,89,41,4260000
421010264002001,1157,West Oak Lane,,139,61,4260000
421010264002002,1157,West Oak Lane,,173,79,4260000
421010264002003,1157,West Oak Lane,,125,60,4260000
421010264002004,1157,West Oak Lane,,43,20,4260000
421010264002005,1157,West Oak Lane,,94,40,4260000
421010264003000,1157,West Oak Lane,,81,38,4260000
421010264003001,1157,West Oak Lane,,0,0,4260000
421010264003002,1157,West Oak Lane,,125,54,4260000
421010264003003,1157,West Oak Lane,,167,67,4260000
421010264003004,1157,West Oak Lane,,170,77,4260000
421010264003005,1157,West Oak Lane,,35,22,4260000
421010264004000,1157,West Oak Lane,,162,66,4260000
421010264004001,1157,West Oak Lane,,165,66,4260000
421010264004002,1157,West Oak Lane,,167,62,4260000
421010264004003,1157,West Oak Lane,,157,61,4260000
421010264004004,1157,West Oak Lane,,126,47,4260000
421010264004005,1157,West Oak Lane,,160,63,4260000
421010264005000,1157,West Oak Lane,,85,50,4260000
421010264005001,1157,West Oak Lane,,78,47,4260000
421010264005002,1157,West Oak Lane,,62,28,4260000
421010264005003,1157,West Oak Lane,,45,21,4260000
421010264005004,1157,West Oak Lane,,73,27,4260000
421010264005005,1157,West Oak Lane,,83,36,4260000
421010264005006,1157,West Oak Lane,,92,36,4260000
421010264005007,1157,West Oak Lane,,83,34,4260000
421010264005008,1157,West Oak Lane,,56,29,4260000
421010264005009,1157,West Oak Lane,,56,26,4260000
421010264005010,1157,West Oak Lane,,80,24,4260000
421010264005011,1157,West Oak Lane,,38,13,4260000
421010264006000,1157,West Oak Lane,,136,57,4260000
421010264006001,1157,West Oak Lane,,129,54,4260000
421010264006002,1157,West Oak Lane,,123,58,4260000
421010264006003,1157,West Oak Lane,,118,53,4260000
421010264006004,1157,West Oak Lane,,112,53,4260000
421010264006005,1157,West Oak Lane,,0,0,4260000
421010264007000,1157,West Oak Lane,,117,79,4260000
421010264007001,1157,West Oak Lane,,120,67,4260000
421010264007002,1157,West Oak Lane,,61,23,4260000
421010264007003,1157,West Oak Lane,,105,46,4260000
421010264007004,1157,West Oak Lane,,187,73,4260000
421010264007005,1157,West Oak Lane,,162,69,4260000
421010265001000,1157,West Oak Lane,,51,27,4260000
421010265001001,1157,West Oak Lane,,247,97,4260000
421010265001002,1157,West Oak Lane,,173,74,4260000
421010265001003,1157,West Oak Lane,,2,1,4260000
421010265001004,1157,West Oak Lane,,126,46,4260000
421010265001005,1157,West Oak Lane,,73,34,4260000
421010265002000,1157,West Oak Lane,,103,44,4260000
421010265002001,1157,West Oak Lane,,108,42,4260000
421010265002002,1157,West Oak Lane,,116,44,4260000
421010265002003,1157,West Oak Lane,,78,30,4260000
421010265002004,1157,West Oak Lane,,94,40,4260000
421010265002005,1157,West Oak Lane,,151,58,4260000
421010265002006,1157,West Oak Lane,,202,87,4260000
421010265002007,1157,West Oak Lane,,87,39,4260000
421010265003000,1157,West Oak Lane,,175,75,4260000
421010265003001,1157,West Oak Lane,,189,77,4260000
421010265003002,1157,West Oak Lane,,164,82,4260000
421010265003003,1157,West Oak Lane,,2,2,4260000
421010265003004,1157,West Oak Lane,,31,20,4260000
421010265003005,1157,West Oak Lane,,63,31,4260000
421010265004000,1157,West Oak Lane,,65,30,4260000
421010265004001,1157,West Oak Lane,,73,41,4260000
421010265004002,1157,West Oak Lane,,81,35,4260000
421010265004003,1157,West Oak Lane,,131,55,4260000
421010265004004,1157,West Oak Lane,,104,50,4260000
421010265004005,1157,West Oak Lane,,0,0,4260000
421010265004006,1157,West Oak Lane,,110,45,4260000
421010265004007,1157,West Oak Lane,,88,40,4260000
421010265005000,1157,West Oak Lane,,69,35,4260000
421010265005001,1157,West Oak Lane,,85,42,4260000
421010265005002,1157,West Oak Lane,,97,39,4260000
421010265005003,1157,West Oak Lane,,91,47,4260000
421010265005004,1157,West Oak Lane,,91,40,4260000
421010265005005,1157,West Oak Lane,,120,52,4260000
421010265005006,1157,West Oak Lane,,2,1,4260000
421010265006000,1157,West Oak Lane,,156,71,4260000
421010265006001,1157,West Oak Lane,,222,93,4260000
421010265006002,1157,West Oak Lane,,117,48,4260000
421010265006003,1157,West Oak Lane,,61,31,4260000
421010265006004,1157,West Oak Lane,,177,68,4260000
421010265006005,1157,West Oak Lane,,165,52,4260000
421010266001000,1157,West Oak Lane,,59,28,4260000
421010266001001,1157,West Oak Lane,,122,44,4260000
421010266001002,1157,West Oak Lane,,92,32,4260000
421010266001003,1157,West Oak Lane,,315,126,4260000
421010266001004,1157,West Oak Lane,,115,45,4260000
421010266001005,1157,West Oak Lane,,68,27,4260000
421010266001006,1157,West Oak Lane,,123,41,4260000
421010266002000,1157,West Oak Lane,,77,32,4260000
421010266002001,1157,West Oak Lane,,121,45,4260000
421010266002002,1157,West Oak Lane,,114,45,4260000
421010266002003,1157,West Oak Lane,,131,47,4260000
421010266002004,1157,West Oak Lane,,120,48,4260000
421010266002005,1157,West Oak Lane,,128,49,4260000
421010266002006,1157,West Oak Lane,,126,56,4260000
421010266003000,1157,West Oak Lane,,113,46,4260000
421010266003001,1157,West Oak Lane,,49,15,4260000
421010266003002,1157,West Oak Lane,,181,61,4260000
421010266003003,1157,West Oak Lane,,141,49,4260000
421010266003004,1157,West Oak Lane,,132,52,4260000
421010266003005,1157,West Oak Lane,,143,55,4260000
421010266004000,1157,West Oak Lane,,129,52,4260000
421010266004001,1157,West Oak Lane,,139,57,4260000
421010266004002,1157,West Oak Lane,,173,61,4260000
421010266004003,1157,West Oak Lane,,133,56,4260000
421010266004004,1157,West Oak Lane,,116,59,4260000
421010266004005,1157,West Oak Lane,,134,58,4260000
421010266005000,1157,West Oak Lane,,170,64,4260000
421010266005001,1157,West Oak Lane,,140,58,4260000
421010266005002,1157,West Oak Lane,,112,43,4260000
421010266005003,1157,West Oak Lane,,102,40,4260000
421010266005004,1157,West Oak Lane,,95,37,4260000
421010266005005,1157,West Oak Lane,,86,31,4260000
421010266006000,1157,West Oak Lane,,58,24,4260000
421010266006001,1157,West Oak Lane,,41,20,4260000
421010266006002,1157,West Oak Lane,,105,42,4260000
421010266006003,1157,West Oak Lane,,115,43,4260000
421010266006004,1157,West Oak Lane,,217,96,4260000
421010266006005,1157,West Oak Lane,,317,121,4260000
421010266006006,1157,West Oak Lane,,80,35,4260000
421010266007000,1157,West Oak Lane,,144,55,4260000
421010266007001,1157,West Oak Lane,,161,65,4260000
421010266007002,1157,West Oak Lane,,157,63,4260000
421010266007003,1157,West Oak Lane,,190,68,4260000
421010266007004,1157,West Oak Lane,,177,71,4260000
421010266007005,1157,West Oak Lane,,184,93,4260000
421010266008000,1157,West Oak Lane,,153,54,4260000
421010266008001,1157,West Oak Lane,,78,31,4260000
421010266008002,1157,West Oak Lane,,115,55,4260000
421010266008003,1157,West Oak Lane,,120,51,4260000
421010266008004,1157,West Oak Lane,,135,53,4260000
421010266008005,1157,West Oak Lane,,121,49,4260000
421010267001000,1157,West Oak Lane,,123,37,4260000
421010267001001,1157,West Oak Lane,,1,1,4260000
421010267001002,1157,West Oak Lane,,99,43,4260000
421010267001003,1157,West Oak Lane,,141,61,4260000
421010267001004,1157,West Oak Lane,,155,58,4260000
421010267001005,1157,West Oak Lane,,133,64,4260000
421010267001006,1157,West Oak Lane,,139,57,4260000
421010267002000,1157,West Oak Lane,,64,37,4260000
421010267002001,1157,West Oak Lane,,140,78,4260000
421010267002002,1157,West Oak Lane,,141,52,4260000
421010267002003,1157,West Oak Lane,,120,49,4260000
421010267002004,1157,West Oak Lane,,93,37,4260000
421010267002005,1157,West Oak Lane,,0,0,4260000
421010267002006,1157,West Oak Lane,,188,62,4260000
421010267002007,1157,West Oak Lane,,105,40,4260000
421010267003000,1157,West Oak Lane,,112,53,4260000
421010267003001,1157,West Oak Lane,,159,68,4260000
421010267003002,1157,West Oak Lane,,178,63,4260000
421010267003003,1157,West Oak Lane,,262,140,4260000
421010267003004,1157,West Oak Lane,,111,50,4260000
421010267003005,1157,West Oak Lane,,0,0,4260000
421010267003006,1157,West Oak Lane,,0,0,4260000
421010267004000,1157,West Oak Lane,,146,59,4260000
421010267004001,1157,West Oak Lane,,164,61,4260000
421010267004002,1157,West Oak Lane,,155,62,4260000
421010267004003,1157,West Oak Lane,,191,68,4260000
421010267004004,1157,West Oak Lane,,158,70,4260000
421010267004005,1157,West Oak Lane,,137,56,4260000
421010267004006,1157,West Oak Lane,,176,61,4260000
421010267004007,1157,West Oak Lane,,161,62,4260000
421010267004008,1157,West Oak Lane,,154,61,4260000
421010267004009,1157,West Oak Lane,,160,61,4260000
421010267005000,1157,West Oak Lane,,8,6,4260000
421010267005001,1157,West Oak Lane,,42,18,4260000
421010267005002,1157,West Oak Lane,,134,59,4260000
421010267005003,1157,West Oak Lane,,170,77,4260000
421010267005004,1157,West Oak Lane,,102,38,4260000
421010267005005,1157,West Oak Lane,,135,61,4260000
421010267005006,1157,West Oak Lane,,135,55,4260000
421010267005007,1157,West Oak Lane,,101,41,4260000
421010267005008,1157,West Oak Lane,,49,22,4260000
421010267005009,1157,West Oak Lane,,0,0,4260000
421010267005010,1157,West Oak Lane,,45,26,4260000
421010267005011,1157,West Oak Lane,,0,0,4260000
421010267005012,1157,West Oak Lane,,0,0,4260000
421010267006000,1157,West Oak Lane,,0,0,4260000
421010267006001,1157,West Oak Lane,,83,44,4260000
421010267006002,1157,West Oak Lane,,66,43,4260000
421010267006003,1157,West Oak Lane,,116,46,4260000
421010267006004,1157,West Oak Lane,,138,61,4260000
421010267006005,1157,West Oak Lane,,154,63,4260000
421010267006006,1157,West Oak Lane,,131,54,4260000
421010267006007,1157,West Oak Lane,,144,58,4260000
421010267007000,1157,West Oak Lane,,69,32,4260000
421010267007001,1157,West Oak Lane,,103,43,4260000
421010267007002,1157,West Oak Lane,,71,31,4260000
421010267007003,1157,West Oak Lane,,44,21,4260000
421010267007004,1157,West Oak Lane,,105,46,4260000
421010267007005,1157,West Oak Lane,,112,57,4260000
421010267007006,1157,West Oak Lane,,114,58,4260000
421010267007007,1157,West Oak Lane,,128,57,4260000
421010268001000,1157,West Oak Lane,,100,49,4260000
421010268001001,1157,West Oak Lane,,207,122,4260000
421010268001007,1157,West Oak Lane,,424,229,4260000
421010268001008,1157,West Oak Lane,,271,163,4260000
421010268003002,1157,West Oak Lane,,48,20,4260000
421010268003005,1157,West Oak Lane,,56,19,4260000
421010268003006,1157,West Oak Lane,,92,28,4260000
421010268003007,1157,West Oak Lane,,148,61,4260000
421010268003008,1157,West Oak Lane,,120,50,4260000
421010268003013,1157,West Oak Lane,,106,68,4260000
421010268003014,1157,West Oak Lane,,0,0,4260000
421010268003015,1157,West Oak Lane,,21,6,4260000
421010268003016,1157,West Oak Lane,,7,0,4260000
421010268003017,1157,West Oak Lane,,45,19,4260000
421010268003018,1157,West Oak Lane,,39,12,4260000
421010277001000,1157,West Oak Lane,,233,128,4260000
421010277001001,1157,West Oak Lane,,423,377,4260000
421010277001002,1157,West Oak Lane,,0,0,4260000
421010277001003,1157,West Oak Lane,,0,1,4260000
421010277001004,1157,West Oak Lane,,139,55,4260000
421010277002000,1157,West Oak Lane,,22,7,4260000
421010209003012,1158,Wissahickon Park,,0,0,4260000
421010235001006,1158,Wissahickon Park,,0,0,4260000
421010384001002,1158,Wissahickon Park,,103,37,4260000
421010384001009,1158,Wissahickon Park,,97,34,4260000
421019801001000,1158,Wissahickon Park,,3,2,4260000
421019801001001,1158,Wissahickon Park,,0,0,4260000
421019801001002,1158,Wissahickon Park,,0,0,4260000
421019801001003,1158,Wissahickon Park,,0,0,4260000
421019801001004,1158,Wissahickon Park,,0,0,4260000
421019801001005,1158,Wissahickon Park,,0,0,4260000
421019801001006,1158,Wissahickon Park,,3,1,4260000
421019801001007,1158,Wissahickon Park,,0,0,4260000
421019801001008,1158,Wissahickon Park,,0,0,4260000
421019801001009,1158,Wissahickon Park,,0,0,4260000
421019801001010,1158,Wissahickon Park,,0,0,4260000
421019801001011,1158,Wissahickon Park,,0,0,4260000
421019801001012,1158,Wissahickon Park,,0,0,4260000
421019801001013,1158,Wissahickon Park,,0,0,4260000
421019801001014,1158,Wissahickon Park,,0,0,4260000
421019801001015,1158,Wissahickon Park,,0,0,4260000
421019801001017,1158,Wissahickon Park,,0,0,4260000
421019801001018,1158,Wissahickon Park,,0,0,4260000
421019801001019,1158,Wissahickon Park,,3,1,4260000
421019801001020,1158,Wissahickon Park,,11,4,4260000
421019801001022,1158,Wissahickon Park,,0,0,4260000
421019801001023,1158,Wissahickon Park,,0,0,4260000
421019801001024,1158,Wissahickon Park,,0,0,4260000
421019801001025,1158,Wissahickon Park,,0,0,4260000
421019801001026,1158,Wissahickon Park,,0,0,4260000
421019801001027,1158,Wissahickon Park,,0,0,4260000
421019801001028,1158,Wissahickon Park,,0,0,4260000
421019801001029,1158,Wissahickon Park,,0,0,4260000
421019801001030,1158,Wissahickon Park,,0,0,4260000
421019801001031,1158,Wissahickon Park,,0,0,4260000
421019801001032,1158,Wissahickon Park,,0,0,4260000
421019801001033,1158,Wissahickon Park,,0,0,4260000
421019801001034,1158,Wissahickon Park,,4,1,4260000
421019801001035,1158,Wissahickon Park,,0,0,4260000
421019801001036,1158,Wissahickon Park,,0,0,4260000
421019801001037,1158,Wissahickon Park,,0,0,4260000
421019801001038,1158,Wissahickon Park,,0,0,4260000
421019801001039,1158,Wissahickon Park,,0,0,4260000
421019801001040,1158,Wissahickon Park,,3,5,4260000
421019801001041,1158,Wissahickon Park,,0,0,4260000
421019801001042,1158,Wissahickon Park,,0,0,4260000
421019801001043,1158,Wissahickon Park,,0,0,4260000
421019801001044,1158,Wissahickon Park,,0,0,4260000
421019801001045,1158,Wissahickon Park,,0,0,4260000
421019801001046,1158,Wissahickon Park,,0,0,4260000
421019801001047,1158,Wissahickon Park,,0,0,4260000
421019801001048,1158,Wissahickon Park,,0,0,4260000
421019801001049,1158,Wissahickon Park,,0,0,4260000
421019801001050,1158,Wissahickon Park,,0,0,4260000
421019801001051,1158,Wissahickon Park,,0,0,4260000
421019801001052,1158,Wissahickon Park,,0,0,4260000
421019801001053,1158,Wissahickon Park,,0,0,4260000
421019801001054,1158,Wissahickon Park,,0,0,4260000
421019801001055,1158,Wissahickon Park,,0,0,4260000
421019801001056,1158,Wissahickon Park,,0,0,4260000
421019801001057,1158,Wissahickon Park,,0,0,4260000
421019801001058,1158,Wissahickon Park,,0,0,4260000
421019801001059,1158,Wissahickon Park,,0,0,4260000
421019801001060,1158,Wissahickon Park,,0,0,4260000
421019801001061,1158,Wissahickon Park,,0,0,4260000
421019801001062,1158,Wissahickon Park,,0,0,4260000
421019801001063,1158,Wissahickon Park,,0,0,4260000
421019801001064,1158,Wissahickon Park,,0,0,4260000
421019801001065,1158,Wissahickon Park,,0,0,4260000
421019801001066,1158,Wissahickon Park,,0,0,4260000
421019801001067,1158,Wissahickon Park,,0,0,4260000
421019801001068,1158,Wissahickon Park,,0,0,4260000
421019801001069,1158,Wissahickon Park,,0,0,4260000
421019801001070,1158,Wissahickon Park,,0,0,4260000
421019801001071,1158,Wissahickon Park,,0,0,4260000
421019801001072,1158,Wissahickon Park,,0,0,4260000
421019801001073,1158,Wissahickon Park,,0,0,4260000
421019801001074,1158,Wissahickon Park,,8,3,4260000
421019801001075,1158,Wissahickon Park,,2,1,4260000
421019801001076,1158,Wissahickon Park,,30,22,4260000
421019801001077,1158,Wissahickon Park,,0,0,4260000
421019801001078,1158,Wissahickon Park,,0,0,4260000
421019801001079,1158,Wissahickon Park,,0,0,4260000
421019801001080,1158,Wissahickon Park,,0,0,4260000
421019801001081,1158,Wissahickon Park,,1,1,4260000
421019801001082,1158,Wissahickon Park,,0,0,4260000
421019801001083,1158,Wissahickon Park,,0,0,4260000
421019801001084,1158,Wissahickon Park,,0,0,4260000
421019801001085,1158,Wissahickon Park,,0,0,4260000
421019801001086,1158,Wissahickon Park,,0,0,4260000
421019801001087,1158,Wissahickon Park,,2,2,4260000
421019801001088,1158,Wissahickon Park,,0,0,4260000
421019801001089,1158,Wissahickon Park,,0,0,4260000
421019801001090,1158,Wissahickon Park,,4,3,4260000
421019801001091,1158,Wissahickon Park,,0,0,4260000
421019801001092,1158,Wissahickon Park,,0,0,4260000
421019801001093,1158,Wissahickon Park,,0,0,4260000
421019801001094,1158,Wissahickon Park,,0,0,4260000
421010005001014,1240,Washington Square West,,1,0,4260000
421010005001016,1240,Washington Square West,,315,313,4260000
421010005001017,1240,Washington Square West,,3,0,4260000
421010005001018,1240,Washington Square West,,49,0,4260000
421010005001023,1240,Washington Square West,,15,8,4260000
421010005001024,1240,Washington Square West,,8,0,4260000
421010005001025,1240,Washington Square West,,0,0,4260000
421010005001029,1240,Washington Square West,,6,0,4260000
421010005001030,1240,Washington Square West,,1,0,4260000
421010005001031,1240,Washington Square West,,131,101,4260000
421010005001032,1240,Washington Square West,,0,0,4260000
421010005001033,1240,Washington Square West,,0,0,4260000
421010006001001,1240,Washington Square West,,516,398,4260000
421010006001002,1240,Washington Square West,,0,0,4260000
421010006001003,1240,Washington Square West,,26,0,4260000
421010006001004,1240,Washington Square West,,32,22,4260000
421010006001005,1240,Washington Square West,,24,21,4260000
421010006001006,1240,Washington Square West,,65,60,4260000
421010006001007,1240,Washington Square West,,759,39,4260000
421010006001008,1240,Washington Square West,,0,0,4260000
421010006001009,1240,Washington Square West,,0,0,4260000
421010006001010,1240,Washington Square West,,0,0,4260000
421010006001011,1240,Washington Square West,,0,0,4260000
421010006001012,1240,Washington Square West,,0,0,4260000
421010006001013,1240,Washington Square West,,0,0,4260000
421010006001014,1240,Washington Square West,,21,12,4260000
421010006001017,1240,Washington Square West,,3,2,4260000
421010006001018,1240,Washington Square West,,10,5,4260000
421010006001019,1240,Washington Square West,,0,0,4260000
421010006001020,1240,Washington Square West,,66,49,4260000
421010006001021,1240,Washington Square West,,93,68,4260000
421010006001022,1240,Washington Square West,,0,0,4260000
421010009011000,1240,Washington Square West,,254,204,4260000
421010009011001,1240,Washington Square West,,64,37,4260000
421010009011002,1240,Washington Square West,,91,67,4260000
421010009011003,1240,Washington Square West,,159,150,4260000
421010009011004,1240,Washington Square West,,4,2,4260000
421010009011005,1240,Washington Square West,,65,41,4260000
421010009011006,1240,Washington Square West,,12,4,4260000
421010009011007,1240,Washington Square West,,301,237,4260000
421010009011008,1240,Washington Square West,,24,11,4260000
421010009011009,1240,Washington Square West,,26,17,4260000
421010009011010,1240,Washington Square West,,44,34,4260000
421010009011011,1240,Washington Square West,,60,50,4260000
421010009011012,1240,Washington Square West,,67,49,4260000
421010009011013,1240,Washington Square West,,0,0,4260000
421010009011014,1240,Washington Square West,,28,19,4260000
421010009012000,1240,Washington Square West,,278,244,4260000
421010009012001,1240,Washington Square West,,3,5,4260000
421010009012002,1240,Washington Square West,,0,1,4260000
421010009012003,1240,Washington Square West,,0,0,4260000
421010009012004,1240,Washington Square West,,0,0,4260000
421010009012005,1240,Washington Square West,,0,0,4260000
421010009012006,1240,Washington Square West,,0,0,4260000
421010009012007,1240,Washington Square West,,0,0,4260000
421010009012008,1240,Washington Square West,,369,372,4260000
421010009012009,1240,Washington Square West,,0,0,4260000
421010009012010,1240,Washington Square West,,0,5,4260000
421010009012011,1240,Washington Square West,,99,76,4260000
421010009012012,1240,Washington Square West,,181,136,4260000
421010009012013,1240,Washington Square West,,147,116,4260000
421010009012014,1240,Washington Square West,,0,0,4260000
421010009021001,1240,Washington Square West,,379,312,4260000
421010009021002,1240,Washington Square West,,0,0,4260000
421010009021003,1240,Washington Square West,,32,14,4260000
421010009021004,1240,Washington Square West,,238,200,4260000
421010009021005,1240,Washington Square West,,57,35,4260000
421010009021010,1240,Washington Square West,,63,37,4260000
421010009021011,1240,Washington Square West,,51,27,4260000
421010009021012,1240,Washington Square West,,0,1,4260000
421010009022000,1240,Washington Square West,,218,1,4260000
421010009022001,1240,Washington Square West,,411,4,4260000
421010009022002,1240,Washington Square West,,0,1,4260000
421010009022003,1240,Washington Square West,,15,5,4260000
421010009022004,1240,Washington Square West,,143,140,4260000
421010009022005,1240,Washington Square West,,91,55,4260000
421010009022006,1240,Washington Square West,,12,10,4260000
421010009022007,1240,Washington Square West,,19,10,4260000
421010009022008,1240,Washington Square West,,72,56,4260000
421010009022009,1240,Washington Square West,,87,63,4260000
421010009022010,1240,Washington Square West,,0,0,4260000
421010009022011,1240,Washington Square West,,73,52,4260000
421010009022012,1240,Washington Square West,,12,8,4260000
421010009022013,1240,Washington Square West,,13,8,4260000
421010009022014,1240,Washington Square West,,136,90,4260000
421010009022015,1240,Washington Square West,,64,54,4260000
421010011011000,1240,Washington Square West,,251,180,4260000
421010011011001,1240,Washington Square West,,0,0,4260000
421010011011002,1240,Washington Square West,,0,0,4260000
421010011011003,1240,Washington Square West,,0,0,4260000
421010011011004,1240,Washington Square West,,0,0,4260000
421010011011005,1240,Washington Square West,,57,6,4260000
421010011011006,1240,Washington Square West,,84,52,4260000
421010011011007,1240,Washington Square West,,124,103,4260000
421010011011008,1240,Washington Square West,,5,9,4260000
421010011011009,1240,Washington Square West,,0,0,4260000
421010011011010,1240,Washington Square West,,0,0,4260000
421010011011011,1240,Washington Square West,,0,0,4260000
421010011011012,1240,Washington Square West,,100,65,4260000
421010011011013,1240,Washington Square West,,74,79,4260000
421010011011014,1240,Washington Square West,,6,4,4260000
421010011012000,1240,Washington Square West,,146,82,4260000
421010011012001,1240,Washington Square West,,117,66,4260000
421010011012002,1240,Washington Square West,,324,310,4260000
421010011012003,1240,Washington Square West,,56,34,4260000
421010011012004,1240,Washington Square West,,0,0,4260000
421010011012005,1240,Washington Square West,,0,0,4260000
421010011012006,1240,Washington Square West,,29,13,4260000
421010011012007,1240,Washington Square West,,66,34,4260000
421010011012008,1240,Washington Square West,,140,86,4260000
421010011012009,1240,Washington Square West,,39,23,4260000
421010011012010,1240,Washington Square West,,98,58,4260000
421010011013000,1240,Washington Square West,,115,79,4260000
421010011013001,1240,Washington Square West,,242,193,4260000
421010011013002,1240,Washington Square West,,87,64,4260000
421010011013003,1240,Washington Square West,,64,60,4260000
421010011013004,1240,Washington Square West,,53,38,4260000
421010011013005,1240,Washington Square West,,61,43,4260000
421010011013006,1240,Washington Square West,,51,38,4260000
421010011013007,1240,Washington Square West,,46,28,4260000
421010011013008,1240,Washington Square West,,53,40,4260000
421010011013009,1240,Washington Square West,,71,50,4260000
421010011013010,1240,Washington Square West,,37,25,4260000
421010011013011,1240,Washington Square West,,37,21,4260000
421010011013012,1240,Washington Square West,,43,24,4260000
421010011013013,1240,Washington Square West,,37,22,4260000
421010011013014,1240,Washington Square West,,35,18,4260000
421010011014000,1240,Washington Square West,,194,20,4260000
421010011014001,1240,Washington Square West,,22,13,4260000
421010011014002,1240,Washington Square West,,224,33,4260000
421010011014003,1240,Washington Square West,,105,92,4260000
421010011014004,1240,Washington Square West,,63,40,4260000
421010011014005,1240,Washington Square West,,49,35,4260000
421010011014006,1240,Washington Square West,,49,8,4260000
421010011014007,1240,Washington Square West,,41,22,4260000
421010011014008,1240,Washington Square West,,38,24,4260000
421010011014009,1240,Washington Square West,,53,29,4260000
421010011021001,1240,Washington Square West,,0,0,4260000
421010011021002,1240,Washington Square West,,110,83,4260000
421010011021007,1240,Washington Square West,,90,59,4260000
421010011021008,1240,Washington Square West,,231,136,4260000
421010011021009,1240,Washington Square West,,43,21,4260000
421010011021010,1240,Washington Square West,,0,0,4260000
421010011021011,1240,Washington Square West,,0,0,4260000
421010011021012,1240,Washington Square West,,0,0,4260000
421010011022000,1240,Washington Square West,,166,106,4260000
421010011022001,1240,Washington Square West,,279,174,4260000
421010011022002,1240,Washington Square West,,142,106,4260000
421010011022003,1240,Washington Square West,,173,109,4260000
421010011022004,1240,Washington Square West,,169,120,4260000
421010011022005,1240,Washington Square West,,143,112,4260000
421010011022006,1240,Washington Square West,,136,98,4260000
421010011022007,1240,Washington Square West,,150,89,4260000
421010011022008,1240,Washington Square West,,105,70,4260000
421010011022009,1240,Washington Square West,,44,34,4260000
421010011022010,1240,Washington Square West,,180,121,4260000
421010001001000,1159,Riverfront,,0,0,4260000
421010001001024,1159,Riverfront,,0,0,4260000
421010017001018,1159,Riverfront,,0,0,4260000
421010025002000,1159,Riverfront,,0,0,4260000
421010042011000,1159,Riverfront,,0,0,4260000
421010042011001,1159,Riverfront,,0,0,4260000
421010042011008,1159,Riverfront,,0,0,4260000
421010042011009,1159,Riverfront,,0,0,4260000
421010042013000,1159,Riverfront,,0,0,4260000
421010042013001,1159,Riverfront,,0,0,4260000
421010042013008,1159,Riverfront,,0,0,4260000
421010042021000,1159,Riverfront,,0,0,4260000
421010042021001,1159,Riverfront,,0,0,4260000
421010042021008,1159,Riverfront,,0,0,4260000
421010042021009,1159,Riverfront,,0,0,4260000
421010042021017,1159,Riverfront,,2,0,4260000
421010042021018,1159,Riverfront,,0,0,4260000
421010042022016,1159,Riverfront,,0,0,4260000
421010042022017,1159,Riverfront,,0,0,4260000
421010366001005,1159,Riverfront,,0,0,4260000
421010366001006,1159,Riverfront,,0,0,4260000
421010366001007,1159,Riverfront,,0,0,4260000
421010366001008,1159,Riverfront,,0,0,4260000
421010366001011,1159,Riverfront,,0,0,4260000
421010366001012,1159,Riverfront,,0,0,4260000
421010366001013,1159,Riverfront,,0,0,4260000
421010366001014,1159,Riverfront,,0,0,4260000
421010366001015,1159,Riverfront,,41,29,4260000
421010366001016,1159,Riverfront,,16,12,4260000
421010366001017,1159,Riverfront,,0,0,4260000
421010366001018,1159,Riverfront,,0,0,4260000
421010366001023,1159,Riverfront,,0,0,4260000
421010366001024,1159,Riverfront,,0,0,4260000
421010366001025,1159,Riverfront,,0,0,4260000
421010366001026,1159,Riverfront,,295,215,4260000
421010366001027,1159,Riverfront,,0,0,4260000
421010366001028,1159,Riverfront,,0,0,4260000
421010366001029,1159,Riverfront,,0,0,4260000
421010366001030,1159,Riverfront,,0,0,4260000
421010366001031,1159,Riverfront,,0,0,4260000
421010366001032,1159,Riverfront,,0,0,4260000
421010366001033,1159,Riverfront,,0,0,4260000
421010366001034,1159,Riverfront,,95,67,4260000
421010366001035,1159,Riverfront,,0,0,4260000
421010366001036,1159,Riverfront,,0,0,4260000
421010366001037,1159,Riverfront,,0,0,4260000
421010366001038,1159,Riverfront,,0,0,4260000
421010366001039,1159,Riverfront,,0,0,4260000
421010366001040,1159,Riverfront,,0,0,4260000
421010366001041,1159,Riverfront,,0,0,4260000
421010366001042,1159,Riverfront,,0,0,4260000
421010366001043,1159,Riverfront,,0,0,4260000
421010366001044,1159,Riverfront,,0,0,4260000
421010366001045,1159,Riverfront,,0,0,4260000
421010366001046,1159,Riverfront,,0,0,4260000
421010366001047,1159,Riverfront,,0,0,4260000
421010366001048,1159,Riverfront,,0,0,4260000
421010366001049,1159,Riverfront,,0,0,4260000
421010366001050,1159,Riverfront,,0,0,4260000
421010366001051,1159,Riverfront,,0,0,4260000
421010366001052,1159,Riverfront,,0,0,4260000
421010366001053,1159,Riverfront,,0,0,4260000
421010366001054,1159,Riverfront,,0,0,4260000
421010366001055,1159,Riverfront,,0,0,4260000
421010366001056,1159,Riverfront,,0,0,4260000
421010366001057,1159,Riverfront,,0,0,4260000
421010366001058,1159,Riverfront,,0,0,4260000
421010366001059,1159,Riverfront,,33,15,4260000
421010366001060,1159,Riverfront,,0,0,4260000
421010366001061,1159,Riverfront,,0,0,4260000
421010366001062,1159,Riverfront,,0,0,4260000
421010366001063,1159,Riverfront,,0,0,4260000
421010366001064,1159,Riverfront,,231,241,4260000
421010366001065,1159,Riverfront,,92,50,4260000
421010366001066,1159,Riverfront,,51,25,4260000
421010366001067,1159,Riverfront,,15,7,4260000
421010366001068,1159,Riverfront,,76,36,4260000
421010366001069,1159,Riverfront,,0,0,4260000
421010366001070,1159,Riverfront,,7,3,4260000
421010366001071,1159,Riverfront,,0,0,4260000
421010366001072,1159,Riverfront,,14,0,4260000
421010366001073,1159,Riverfront,,0,0,4260000
421010366001074,1159,Riverfront,,0,0,4260000
421010366001075,1159,Riverfront,,0,0,4260000
421010366001076,1159,Riverfront,,275,196,4260000
421010366001077,1159,Riverfront,,0,0,4260000
421010366001078,1159,Riverfront,,0,0,4260000
421010366001079,1159,Riverfront,,0,0,4260000
421010366001080,1159,Riverfront,,0,0,4260000
421010366001081,1159,Riverfront,,0,0,4260000
421010366001082,1159,Riverfront,,0,0,4260000
421010366001083,1159,Riverfront,,0,0,4260000
421010366001084,1159,Riverfront,,0,0,4260000
421010366001085,1159,Riverfront,,0,0,4260000
421010366001086,1159,Riverfront,,0,0,4260000
421010366001087,1159,Riverfront,,1,0,4260000
421019807001000,1159,Riverfront,,0,0,4260000
421019807001001,1159,Riverfront,,0,0,4260000
421019807001002,1159,Riverfront,,0,0,4260000
421019807001003,1159,Riverfront,,0,0,4260000
421019807001004,1159,Riverfront,,0,0,4260000
421019807001005,1159,Riverfront,,0,0,4260000
421019807001006,1159,Riverfront,,0,0,4260000
421019807001007,1159,Riverfront,,0,0,4260000
421019807001008,1159,Riverfront,,0,0,4260000
421019807001009,1159,Riverfront,,0,0,4260000
421019807001010,1159,Riverfront,,0,0,4260000
421019807001011,1159,Riverfront,,0,0,4260000
421019807001012,1159,Riverfront,,0,0,4260000
421019807001013,1159,Riverfront,,0,0,4260000
421019807001014,1159,Riverfront,,0,0,4260000
421019807001015,1159,Riverfront,,0,0,4260000
421019807001016,1159,Riverfront,,1,1,4260000
421019807001017,1159,Riverfront,,0,0,4260000
421019807001018,1159,Riverfront,,0,0,4260000
421019807001019,1159,Riverfront,,0,0,4260000
421019807001020,1159,Riverfront,,0,0,4260000
421019807001021,1159,Riverfront,,0,0,4260000
421019807001022,1159,Riverfront,,0,0,4260000
421019807001023,1159,Riverfront,,0,0,4260000
421019807001024,1159,Riverfront,,0,0,4260000
421019807001025,1159,Riverfront,,0,0,4260000
421019807001026,1159,Riverfront,,0,0,4260000
421019807001027,1159,Riverfront,,0,0,4260000
421019807001028,1159,Riverfront,,0,0,4260000
421019807001029,1159,Riverfront,,0,0,4260000
421019807001030,1159,Riverfront,,0,0,4260000
421019807001031,1159,Riverfront,,0,0,4260000
421019807001032,1159,Riverfront,,0,0,4260000
421019807001033,1159,Riverfront,,0,0,4260000
421019807001034,1159,Riverfront,,0,0,4260000
421019807001035,1159,Riverfront,,0,0,4260000
421019807001036,1159,Riverfront,,0,0,4260000
421019807001037,1159,Riverfront,,0,0,4260000
421019807001038,1159,Riverfront,,0,0,4260000
421019807001039,1159,Riverfront,,0,0,4260000
421019807001040,1159,Riverfront,,0,0,4260000
421019807001041,1159,Riverfront,,0,0,4260000
421019807001042,1159,Riverfront,,0,0,4260000
421019807001043,1159,Riverfront,,0,0,4260000
421019807001044,1159,Riverfront,,0,0,4260000
421019807001045,1159,Riverfront,,0,0,4260000
421019807001046,1159,Riverfront,,0,0,4260000
421019807001047,1159,Riverfront,,0,0,4260000
421019807001048,1159,Riverfront,,0,0,4260000
421019807001049,1159,Riverfront,,0,0,4260000
421019807001050,1159,Riverfront,,0,0,4260000
421019807001051,1159,Riverfront,,0,0,4260000
421019807001053,1159,Riverfront,,0,0,4260000
421019807001054,1159,Riverfront,,0,0,4260000
421019807001055,1159,Riverfront,,0,0,4260000
421019807001056,1159,Riverfront,,0,0,4260000
421019807001057,1159,Riverfront,,0,0,4260000
421019807001058,1159,Riverfront,,0,0,4260000
421019807001059,1159,Riverfront,,0,0,4260000
421019807001060,1159,Riverfront,,0,0,4260000
421019807001061,1159,Riverfront,,0,0,4260000
421019807001062,1159,Riverfront,,0,0,4260000
421019807001063,1159,Riverfront,,0,0,4260000
421019807001064,1159,Riverfront,,0,0,4260000
421019807001065,1159,Riverfront,,0,0,4260000
421019807001066,1159,Riverfront,,0,0,4260000
421019807001067,1159,Riverfront,,0,0,4260000
421019807001068,1159,Riverfront,,0,0,4260000
421019807001069,1159,Riverfront,,0,0,4260000
421019807001089,1159,Riverfront,,0,0,4260000
421019807001090,1159,Riverfront,,0,0,4260000
421019807001091,1159,Riverfront,,0,0,4260000
421019807001092,1159,Riverfront,,0,0,4260000
421019807001093,1159,Riverfront,,0,0,4260000
421019807001094,1159,Riverfront,,0,0,4260000
421019807001095,1159,Riverfront,,0,0,4260000
421019807001097,1159,Riverfront,,0,0,4260000
421019807001098,1159,Riverfront,,0,0,4260000
421019807001101,1159,Riverfront,,0,0,4260000
421019807001102,1159,Riverfront,,0,0,4260000
421019807001103,1159,Riverfront,,0,0,4260000
421019807001104,1159,Riverfront,,0,0,4260000
421010361001003,1160,Byberry,,0,0,4260000
421010361001004,1160,Byberry,,0,0,4260000
421010363031001,1160,Byberry,,7,2,4260000
421010363031006,1160,Byberry,,0,0,4260000
421010364001000,1160,Byberry,,0,0,4260000
421010364001001,1160,Byberry,,0,0,4260000
421010364001002,1160,Byberry,,2,175,4260000
421010364001003,1160,Byberry,,42,73,4260000
421010364001004,1160,Byberry,,0,18,4260000
421010364001005,1160,Byberry,,10,19,4260000
421010364001006,1160,Byberry,,31,19,4260000
421010364001007,1160,Byberry,,0,19,4260000
421010364001008,1160,Byberry,,0,14,4260000
421010364001009,1160,Byberry,,0,14,4260000
421010364001010,1160,Byberry,,2,6,4260000
421010364001011,1160,Byberry,,0,41,4260000
421010364001012,1160,Byberry,,0,0,4260000
421010364001013,1160,Byberry,,192,2,4260000
421010364001016,1160,Byberry,,0,0,4260000
421010364001017,1160,Byberry,,0,0,4260000
421010364001018,1160,Byberry,,0,0,4260000
421010364001019,1160,Byberry,,0,0,4260000
421010364001020,1160,Byberry,,0,0,4260000
421010364001021,1160,Byberry,,322,17,4260000
421010364001022,1160,Byberry,,0,0,4260000
421010364001023,1160,Byberry,,0,0,4260000
421010364001024,1160,Byberry,,0,0,4260000
421010364001025,1160,Byberry,,102,0,4260000
421010364001026,1160,Byberry,,0,0,4260000
421010364001027,1160,Byberry,,0,0,4260000
421010364001028,1160,Byberry,,0,0,4260000
421010364001029,1160,Byberry,,0,0,4260000
421010364001030,1160,Byberry,,0,0,4260000
421010364001031,1160,Byberry,,0,0,4260000
421010364001032,1160,Byberry,,0,0,4260000
421010364001035,1160,Byberry,,0,0,4260000
421010364001036,1160,Byberry,,0,0,4260000
421010364001037,1160,Byberry,,0,0,4260000
421010353022008,1161,West Torresdale,,185,61,4260000
421010135001000,1241,Fairmount,,105,56,4260000
421010135001001,1241,Fairmount,,70,50,4260000
421010135001002,1241,Fairmount,,57,30,4260000
421010135001003,1241,Fairmount,,66,52,4260000
421010135001004,1241,Fairmount,,0,0,4260000
421010135001005,1241,Fairmount,,38,23,4260000
421010135001006,1241,Fairmount,,0,0,4260000
421010135001007,1241,Fairmount,,101,56,4260000
421010135001008,1241,Fairmount,,84,47,4260000
421010135001009,1241,Fairmount,,0,0,4260000
421010135001010,1241,Fairmount,,0,0,4260000
421010135003000,1241,Fairmount,,106,57,4260000
421010135003001,1241,Fairmount,,115,64,4260000
421010135003002,1241,Fairmount,,106,58,4260000
421010135003003,1241,Fairmount,,112,50,4260000
421010135003004,1241,Fairmount,,116,51,4260000
421010135003005,1241,Fairmount,,137,70,4260000
421010136011000,1241,Fairmount,,97,55,4260000
421010136011001,1241,Fairmount,,94,54,4260000
421010136011002,1241,Fairmount,,96,51,4260000
421010136011003,1241,Fairmount,,117,64,4260000
421010136011004,1241,Fairmount,,83,46,4260000
421010136011005,1241,Fairmount,,94,51,4260000
421010136011006,1241,Fairmount,,97,55,4260000
421010136011007,1241,Fairmount,,71,35,4260000
421010136011008,1241,Fairmount,,28,11,4260000
421010136011009,1241,Fairmount,,67,30,4260000
421010136011010,1241,Fairmount,,95,52,4260000
421010136011011,1241,Fairmount,,115,57,4260000
421010136011012,1241,Fairmount,,34,26,4260000
421010136011013,1241,Fairmount,,81,40,4260000
421010136012000,1241,Fairmount,,111,57,4260000
421010136012001,1241,Fairmount,,56,26,4260000
421010136012002,1241,Fairmount,,128,61,4260000
421010136012003,1241,Fairmount,,48,25,4260000
421010136012004,1241,Fairmount,,71,51,4260000
421010136012005,1241,Fairmount,,6,3,4260000
421010136012006,1241,Fairmount,,655,495,4260000
421010136012007,1241,Fairmount,,22,15,4260000
421010136012008,1241,Fairmount,,32,22,4260000
421010136012009,1241,Fairmount,,118,62,4260000
421010136012010,1241,Fairmount,,44,25,4260000
421010136012011,1241,Fairmount,,37,23,4260000
421010136012012,1241,Fairmount,,130,64,4260000
421010136012013,1241,Fairmount,,50,24,4260000
421010136021000,1241,Fairmount,,29,16,4260000
421010136021001,1241,Fairmount,,88,53,4260000
421010136021002,1241,Fairmount,,96,50,4260000
421010136021003,1241,Fairmount,,98,57,4260000
421010136021004,1241,Fairmount,,95,51,4260000
421010136021005,1241,Fairmount,,100,49,4260000
421010136021006,1241,Fairmount,,90,46,4260000
421010136021007,1241,Fairmount,,69,41,4260000
421010136022000,1241,Fairmount,,110,56,4260000
421010136022001,1241,Fairmount,,88,52,4260000
421010136022002,1241,Fairmount,,268,154,4260000
421010136022003,1241,Fairmount,,125,59,4260000
421010136022004,1241,Fairmount,,36,21,4260000
421010136022005,1241,Fairmount,,140,73,4260000
421010136022006,1241,Fairmount,,125,83,4260000
421010136022007,1241,Fairmount,,85,52,4260000
421010136022008,1241,Fairmount,,78,36,4260000
421010136022009,1241,Fairmount,,110,52,4260000
421010136022010,1241,Fairmount,,60,29,4260000
421010136023000,1241,Fairmount,,99,54,4260000
421010136023001,1241,Fairmount,,144,80,4260000
421010136023002,1241,Fairmount,,64,32,4260000
421010136023003,1241,Fairmount,,103,55,4260000
421010136023004,1241,Fairmount,,132,74,4260000
421010136023005,1241,Fairmount,,105,56,4260000
421010136023006,1241,Fairmount,,110,70,4260000
421010136023007,1241,Fairmount,,102,60,4260000
421010136023008,1241,Fairmount,,111,56,4260000
421010136024000,1241,Fairmount,,134,83,4260000
421010136024001,1241,Fairmount,,104,60,4260000
421010136024002,1241,Fairmount,,129,61,4260000
421010136024003,1241,Fairmount,,100,61,4260000
421010136024004,1241,Fairmount,,83,48,4260000
421010136024005,1241,Fairmount,,93,49,4260000
421010137002019,1241,Fairmount,,77,51,4260000
421010137002020,1241,Fairmount,,31,18,4260000
421010137002021,1241,Fairmount,,22,15,4260000
421010137002022,1241,Fairmount,,48,27,4260000
421010137004003,1241,Fairmount,,105,51,4260000
421010137004004,1241,Fairmount,,56,29,4260000
421010137004005,1241,Fairmount,,150,87,4260000
421010137004006,1241,Fairmount,,114,57,4260000
421010137004007,1241,Fairmount,,145,69,4260000
421010137005021,1241,Fairmount,,163,106,4260000
421010138002024,1241,Fairmount,,14,11,4260000
421010138002025,1241,Fairmount,,50,32,4260000
421010138002026,1241,Fairmount,,57,30,4260000
421010138002027,1241,Fairmount,,58,34,4260000
421010139003003,1241,Fairmount,,763,91,4260000
421010361001010,1163,Parkwood Manor,,406,213,4260000
421010361001011,1163,Parkwood Manor,,0,0,4260000
421010361001012,1163,Parkwood Manor,,237,120,4260000
421010361001013,1163,Parkwood Manor,,0,0,4260000
421010361001014,1163,Parkwood Manor,,0,0,4260000
421010361001015,1163,Parkwood Manor,,289,142,4260000
421010361001016,1163,Parkwood Manor,,56,27,4260000
421010361001017,1163,Parkwood Manor,,0,0,4260000
421010361003000,1163,Parkwood Manor,,559,198,4260000
421010361003001,1163,Parkwood Manor,,5,2,4260000
421010361003002,1163,Parkwood Manor,,115,44,4260000
421010361003003,1163,Parkwood Manor,,215,77,4260000
421010361003004,1163,Parkwood Manor,,6,1,4260000
421010361003005,1163,Parkwood Manor,,239,80,4260000
421010361003006,1163,Parkwood Manor,,129,43,4260000
421010361003007,1163,Parkwood Manor,,4,1,4260000
421010361003008,1163,Parkwood Manor,,0,0,4260000
421010361003009,1163,Parkwood Manor,,440,179,4260000
421010361003010,1163,Parkwood Manor,,4,1,4260000
421010361003011,1163,Parkwood Manor,,2,1,4260000
421010361003012,1163,Parkwood Manor,,5,1,4260000
421010361003013,1163,Parkwood Manor,,17,4,4260000
421010361003014,1163,Parkwood Manor,,89,32,4260000
421010361003015,1163,Parkwood Manor,,3,1,4260000
421010361003016,1163,Parkwood Manor,,5,2,4260000
421010362024003,1163,Parkwood Manor,,0,0,4260000
421010363011000,1163,Parkwood Manor,,0,0,4260000
421010363011011,1163,Parkwood Manor,,0,0,4260000
421010363011012,1163,Parkwood Manor,,639,263,4260000
421010363011013,1163,Parkwood Manor,,134,46,4260000
421010363011014,1163,Parkwood Manor,,116,54,4260000
421010363011015,1163,Parkwood Manor,,83,35,4260000
421010363011016,1163,Parkwood Manor,,119,54,4260000
421010363011017,1163,Parkwood Manor,,653,261,4260000
421010363011018,1163,Parkwood Manor,,0,0,4260000
421010363011019,1163,Parkwood Manor,,187,70,4260000
421010363011020,1163,Parkwood Manor,,0,0,4260000
421010363011021,1163,Parkwood Manor,,0,0,4260000
421010363011022,1163,Parkwood Manor,,0,0,4260000
421010363011023,1163,Parkwood Manor,,0,0,4260000
421010363011028,1163,Parkwood Manor,,0,0,4260000
421010363011035,1163,Parkwood Manor,,0,0,4260000
421010363011036,1163,Parkwood Manor,,0,0,4260000
421010363011037,1163,Parkwood Manor,,0,0,4260000
421010363012000,1163,Parkwood Manor,,146,44,4260000
421010363012001,1163,Parkwood Manor,,0,0,4260000
421010363012002,1163,Parkwood Manor,,86,25,4260000
421010363012003,1163,Parkwood Manor,,0,0,4260000
421010363012004,1163,Parkwood Manor,,34,10,4260000
421010363012005,1163,Parkwood Manor,,51,17,4260000
421010363012006,1163,Parkwood Manor,,34,15,4260000
421010363012007,1163,Parkwood Manor,,0,0,4260000
421010363012008,1163,Parkwood Manor,,194,63,4260000
421010363012009,1163,Parkwood Manor,,723,250,4260000
421010363012010,1163,Parkwood Manor,,0,0,4260000
421010363012011,1163,Parkwood Manor,,104,47,4260000
421010363012012,1163,Parkwood Manor,,50,17,4260000
421010363012013,1163,Parkwood Manor,,1,1,4260000
421010363012014,1163,Parkwood Manor,,48,12,4260000
421010363012015,1163,Parkwood Manor,,97,32,4260000
421010363012016,1163,Parkwood Manor,,43,14,4260000
421010363012017,1163,Parkwood Manor,,22,5,4260000
421010363012018,1163,Parkwood Manor,,128,45,4260000
421010363012019,1163,Parkwood Manor,,1,1,4260000
421010363021000,1163,Parkwood Manor,,158,55,4260000
421010363021001,1163,Parkwood Manor,,230,81,4260000
421010363021002,1163,Parkwood Manor,,95,41,4260000
421010363021003,1163,Parkwood Manor,,184,66,4260000
421010363021004,1163,Parkwood Manor,,109,54,4260000
421010363021005,1163,Parkwood Manor,,601,254,4260000
421010363021006,1163,Parkwood Manor,,0,0,4260000
421010363021007,1163,Parkwood Manor,,0,0,4260000
421010363021008,1163,Parkwood Manor,,0,0,4260000
421010363022000,1163,Parkwood Manor,,199,87,4260000
421010363022001,1163,Parkwood Manor,,134,43,4260000
421010363022002,1163,Parkwood Manor,,325,114,4260000
421010363022003,1163,Parkwood Manor,,352,124,4260000
421010363022004,1163,Parkwood Manor,,121,53,4260000
421010363022005,1163,Parkwood Manor,,296,100,4260000
421010363022006,1163,Parkwood Manor,,192,62,4260000
421010363022007,1163,Parkwood Manor,,164,63,4260000
421010363022008,1163,Parkwood Manor,,128,49,4260000
421010363022009,1163,Parkwood Manor,,168,56,4260000
421010363022010,1163,Parkwood Manor,,0,0,4260000
421010363022011,1163,Parkwood Manor,,83,43,4260000
421010363022012,1163,Parkwood Manor,,0,0,4260000
421010363022013,1163,Parkwood Manor,,0,0,4260000
421010363022014,1163,Parkwood Manor,,0,0,4260000
421010363022015,1163,Parkwood Manor,,0,0,4260000
421010363022016,1163,Parkwood Manor,,0,0,4260000
421010363022017,1163,Parkwood Manor,,0,0,4260000
421010363022018,1163,Parkwood Manor,,4,1,4260000
421010363022019,1163,Parkwood Manor,,0,0,4260000
421010363031000,1163,Parkwood Manor,,439,159,4260000
421010363031002,1163,Parkwood Manor,,121,49,4260000
421010363031003,1163,Parkwood Manor,,88,37,4260000
421010363031004,1163,Parkwood Manor,,631,246,4260000
421010363031005,1163,Parkwood Manor,,143,59,4260000
421010363031007,1163,Parkwood Manor,,139,54,4260000
421010363031008,1163,Parkwood Manor,,364,151,4260000
421010363031009,1163,Parkwood Manor,,112,61,4260000
421010363031010,1163,Parkwood Manor,,32,12,4260000
421010363031011,1163,Parkwood Manor,,22,9,4260000
421010363031012,1163,Parkwood Manor,,2,1,4260000
421010363032000,1163,Parkwood Manor,,483,173,4260000
421010363032001,1163,Parkwood Manor,,5,2,4260000
421010363032002,1163,Parkwood Manor,,148,51,4260000
421010363032003,1163,Parkwood Manor,,210,79,4260000
421010363032004,1163,Parkwood Manor,,197,69,4260000
421010363032005,1163,Parkwood Manor,,4,1,4260000
421010363032006,1163,Parkwood Manor,,332,125,4260000
421010363032007,1163,Parkwood Manor,,99,37,4260000
421010363033000,1163,Parkwood Manor,,666,238,4260000
421010363033001,1163,Parkwood Manor,,0,0,4260000
421010363033002,1163,Parkwood Manor,,90,32,4260000
421010363033003,1163,Parkwood Manor,,107,37,4260000
421010363033004,1163,Parkwood Manor,,54,24,4260000
421010363033005,1163,Parkwood Manor,,259,95,4260000
421010363033006,1163,Parkwood Manor,,0,0,4260000
421010363033007,1163,Parkwood Manor,,158,64,4260000
421010363033008,1163,Parkwood Manor,,86,28,4260000
421010363033009,1163,Parkwood Manor,,66,32,4260000
421010363033010,1163,Parkwood Manor,,140,50,4260000
421010363034000,1163,Parkwood Manor,,295,116,4260000
421010363034001,1163,Parkwood Manor,,0,0,4260000
421010363034002,1163,Parkwood Manor,,74,30,4260000
421010363034003,1163,Parkwood Manor,,491,163,4260000
421010363034004,1163,Parkwood Manor,,92,28,4260000
421010363034005,1163,Parkwood Manor,,94,40,4260000
421010363034006,1163,Parkwood Manor,,238,88,4260000
421010363034007,1163,Parkwood Manor,,131,39,4260000
421010363034008,1163,Parkwood Manor,,105,36,4260000
421010363034009,1163,Parkwood Manor,,2,2,4260000
421010363011001,1164,Franklin Mills,,0,0,4260000
421010363011002,1164,Franklin Mills,,0,0,4260000
421010363011003,1164,Franklin Mills,,0,0,4260000
421010363011004,1164,Franklin Mills,,0,0,4260000
421010363011005,1164,Franklin Mills,,2,1,4260000
421010363011006,1164,Franklin Mills,,0,0,4260000
421010363011007,1164,Franklin Mills,,0,0,4260000
421010363011008,1164,Franklin Mills,,0,0,4260000
421010363011009,1164,Franklin Mills,,0,0,4260000
421010363011010,1164,Franklin Mills,,0,0,4260000
421010363011024,1164,Franklin Mills,,0,0,4260000
421010363011025,1164,Franklin Mills,,0,0,4260000
421010363011026,1164,Franklin Mills,,0,0,4260000
421010363011027,1164,Franklin Mills,,0,0,4260000
421010363011029,1164,Franklin Mills,,0,0,4260000
421010363011030,1164,Franklin Mills,,0,0,4260000
421010363011031,1164,Franklin Mills,,0,0,4260000
421010363011032,1164,Franklin Mills,,0,0,4260000
421010363011033,1164,Franklin Mills,,0,0,4260000
421010363011034,1164,Franklin Mills,,0,0,4260000
421010360001005,1165,Northeast Phila Airport,,0,0,4260000
421019803001000,1165,Northeast Phila Airport,,0,0,4260000
421019803001001,1165,Northeast Phila Airport,,0,0,4260000
421019803001002,1165,Northeast Phila Airport,,0,0,4260000
421019803001003,1165,Northeast Phila Airport,,0,0,4260000
421019803001004,1165,Northeast Phila Airport,,0,0,4260000
421019803001005,1165,Northeast Phila Airport,,0,0,4260000
421019803001006,1165,Northeast Phila Airport,,0,0,4260000
421019803001007,1165,Northeast Phila Airport,,0,0,4260000
421019803001008,1165,Northeast Phila Airport,,0,0,4260000
421019803001009,1165,Northeast Phila Airport,,0,0,4260000
421019803001010,1165,Northeast Phila Airport,,0,0,4260000
421019803001011,1165,Northeast Phila Airport,,0,0,4260000
421019803001012,1165,Northeast Phila Airport,,0,0,4260000
421019803001013,1165,Northeast Phila Airport,,0,0,4260000
421019803001014,1165,Northeast Phila Airport,,0,0,4260000
421019803001015,1165,Northeast Phila Airport,,0,0,4260000
421019803001016,1165,Northeast Phila Airport,,0,0,4260000
421019803001017,1165,Northeast Phila Airport,,0,0,4260000
421019803001018,1165,Northeast Phila Airport,,0,0,4260000
421019803001019,1165,Northeast Phila Airport,,0,0,4260000
421019803001020,1165,Northeast Phila Airport,,0,0,4260000
421019803001021,1165,Northeast Phila Airport,,0,0,4260000
421019803001022,1165,Northeast Phila Airport,,0,0,4260000
421019803001023,1165,Northeast Phila Airport,,0,0,4260000
421019803001024,1165,Northeast Phila Airport,,0,0,4260000
421019803001025,1165,Northeast Phila Airport,,0,0,4260000
421019803001026,1165,Northeast Phila Airport,,0,0,4260000
421019803001027,1165,Northeast Phila Airport,,0,0,4260000
421019803001028,1165,Northeast Phila Airport,,2,1,4260000
421019803001029,1165,Northeast Phila Airport,,0,0,4260000
421019803001030,1165,Northeast Phila Airport,,0,0,4260000
421019803001031,1165,Northeast Phila Airport,,0,0,4260000
421019803001032,1165,Northeast Phila Airport,,0,0,4260000
421019803001033,1165,Northeast Phila Airport,,0,0,4260000
421019803001034,1165,Northeast Phila Airport,,0,0,4260000
421019803001035,1165,Northeast Phila Airport,,0,0,4260000
421019803001036,1165,Northeast Phila Airport,,0,0,4260000
421019803001037,1165,Northeast Phila Airport,,0,0,4260000
421019803001038,1165,Northeast Phila Airport,,0,0,4260000
421019803001039,1165,Northeast Phila Airport,,0,0,4260000
421019803001040,1165,Northeast Phila Airport,,0,0,4260000
421019803001041,1165,Northeast Phila Airport,,0,0,4260000
421019803001042,1165,Northeast Phila Airport,,0,0,4260000
421019803001043,1165,Northeast Phila Airport,,0,0,4260000
421019803001044,1165,Northeast Phila Airport,,0,0,4260000
421019803001045,1165,Northeast Phila Airport,,0,0,4260000
421019803001046,1165,Northeast Phila Airport,,0,0,4260000
421019803001047,1165,Northeast Phila Airport,,0,0,4260000
421019803001048,1165,Northeast Phila Airport,,0,0,4260000
421019803001049,1165,Northeast Phila Airport,,0,0,4260000
421019803001050,1165,Northeast Phila Airport,,0,0,4260000
421019803001051,1165,Northeast Phila Airport,,0,0,4260000
421019803001052,1165,Northeast Phila Airport,,0,0,4260000
421019803001053,1165,Northeast Phila Airport,,0,0,4260000
421010362011000,1166,Modena,,16,16,4260000
421010362011001,1166,Modena,,0,0,4260000
421010362011002,1166,Modena,,741,484,4260000
421010362011003,1166,Modena,,125,52,4260000
421010362011004,1166,Modena,,396,135,4260000
421010362011005,1166,Modena,,68,66,4260000
421010362011006,1166,Modena,,126,45,4260000
421010362012000,1166,Modena,,92,53,4260000
421010362012001,1166,Modena,,96,47,4260000
421010362012002,1166,Modena,,0,0,4260000
421010362012003,1166,Modena,,293,102,4260000
421010362012004,1166,Modena,,138,52,4260000
421010362012005,1166,Modena,,119,46,4260000
421010362012006,1166,Modena,,11,4,4260000
421010362013000,1166,Modena,,222,84,4260000
421010362013001,1166,Modena,,148,73,4260000
421010362013002,1166,Modena,,101,42,4260000
421010362013003,1166,Modena,,323,121,4260000
421010362013004,1166,Modena,,90,37,4260000
421010362013005,1166,Modena,,114,43,4260000
421010362013006,1166,Modena,,74,28,4260000
421010362013007,1166,Modena,,58,33,4260000
421010362013008,1166,Modena,,270,111,4260000
421010362014000,1166,Modena,,517,230,4260000
421010362014001,1166,Modena,,52,33,4260000
421010362014002,1166,Modena,,130,44,4260000
421010362014003,1166,Modena,,108,42,4260000
421010362014004,1166,Modena,,157,48,4260000
421010362014005,1166,Modena,,159,78,4260000
421010362021000,1166,Modena,,0,0,4260000
421010362021001,1166,Modena,,0,0,4260000
421010362021002,1166,Modena,,630,264,4260000
421010362021003,1166,Modena,,12,5,4260000
421010362021004,1166,Modena,,2,1,4260000
421010362021005,1166,Modena,,0,0,4260000
421010362021006,1166,Modena,,0,0,4260000
421010362021007,1166,Modena,,0,0,4260000
421010362021008,1166,Modena,,3,1,4260000
421010362021009,1166,Modena,,0,0,4260000
421010362021010,1166,Modena,,142,51,4260000
421010362021011,1166,Modena,,114,46,4260000
421010362021012,1166,Modena,,176,72,4260000
421010362021013,1166,Modena,,119,37,4260000
421010362021014,1166,Modena,,0,0,4260000
421010362021015,1166,Modena,,416,191,4260000
421010362022000,1166,Modena,,106,40,4260000
421010362022001,1166,Modena,,243,139,4260000
421010362022002,1166,Modena,,60,35,4260000
421010362022003,1166,Modena,,246,81,4260000
421010362022004,1166,Modena,,154,72,4260000
421010362022005,1166,Modena,,193,78,4260000
421010362022006,1166,Modena,,276,98,4260000
421010362022007,1166,Modena,,36,12,4260000
421010362022008,1166,Modena,,118,40,4260000
421010362022009,1166,Modena,,85,34,4260000
421010362023000,1166,Modena,,57,21,4260000
421010362023001,1166,Modena,,121,41,4260000
421010362023002,1166,Modena,,0,0,4260000
421010362023003,1166,Modena,,72,22,4260000
421010362023004,1166,Modena,,62,18,4260000
421010362023005,1166,Modena,,47,18,4260000
421010362023006,1166,Modena,,53,18,4260000
421010362023007,1166,Modena,,37,16,4260000
421010362023008,1166,Modena,,211,70,4260000
421010362023009,1166,Modena,,154,59,4260000
421010362023010,1166,Modena,,111,34,4260000
421010362023011,1166,Modena,,199,66,4260000
421010362023012,1166,Modena,,277,94,4260000
421010362024000,1166,Modena,,0,0,4260000
421010362024001,1166,Modena,,26,10,4260000
421010362024002,1166,Modena,,368,175,4260000
421010362024004,1166,Modena,,303,134,4260000
421010362024005,1166,Modena,,16,7,4260000
421010362024006,1166,Modena,,294,102,4260000
421010362024007,1166,Modena,,272,90,4260000
421010362024008,1166,Modena,,75,30,4260000
421010362024009,1166,Modena,,103,33,4260000
421010362024010,1166,Modena,,82,32,4260000
421010362024011,1166,Modena,,67,22,4260000
421010353011000,1167,Morrell Park,,713,298,4260000
421010353011001,1167,Morrell Park,,173,63,4260000
421010353011002,1167,Morrell Park,,124,48,4260000
421010353011003,1167,Morrell Park,,472,175,4260000
421010353011004,1167,Morrell Park,,0,0,4260000
421010353011005,1167,Morrell Park,,113,40,4260000
421010353011006,1167,Morrell Park,,73,31,4260000
421010353011007,1167,Morrell Park,,152,49,4260000
421010353011008,1167,Morrell Park,,575,232,4260000
421010353011009,1167,Morrell Park,,48,15,4260000
421010353011010,1167,Morrell Park,,126,43,4260000
421010353011011,1167,Morrell Park,,0,0,4260000
421010353011012,1167,Morrell Park,,0,0,4260000
421010353012000,1167,Morrell Park,,164,62,4260000
421010353012001,1167,Morrell Park,,177,65,4260000
421010353012002,1167,Morrell Park,,178,80,4260000
421010353012003,1167,Morrell Park,,261,94,4260000
421010353012004,1167,Morrell Park,,330,107,4260000
421010353012005,1167,Morrell Park,,95,31,4260000
421010353012006,1167,Morrell Park,,0,0,4260000
421010353012007,1167,Morrell Park,,117,39,4260000
421010353012008,1167,Morrell Park,,283,102,4260000
421010353012009,1167,Morrell Park,,60,23,4260000
421010353012010,1167,Morrell Park,,128,48,4260000
421010353012011,1167,Morrell Park,,144,47,4260000
421010353013000,1167,Morrell Park,,133,68,4260000
421010353013001,1167,Morrell Park,,146,63,4260000
421010353013002,1167,Morrell Park,,123,61,4260000
421010353013003,1167,Morrell Park,,175,80,4260000
421010353013004,1167,Morrell Park,,180,73,4260000
421010353013005,1167,Morrell Park,,37,24,4260000
421010353021000,1167,Morrell Park,,0,0,4260000
421010353021001,1167,Morrell Park,,55,28,4260000
421010353021002,1167,Morrell Park,,606,231,4260000
421010353021003,1167,Morrell Park,,0,0,4260000
421010353021004,1167,Morrell Park,,71,24,4260000
421010353021005,1167,Morrell Park,,165,59,4260000
421010353021006,1167,Morrell Park,,197,102,4260000
421010353021007,1167,Morrell Park,,46,26,4260000
421010353021008,1167,Morrell Park,,135,67,4260000
421010353021009,1167,Morrell Park,,0,0,4260000
421010353021010,1167,Morrell Park,,152,67,4260000
421010353021011,1167,Morrell Park,,439,252,4260000
421010353021012,1167,Morrell Park,,152,85,4260000
421010353021013,1167,Morrell Park,,0,0,4260000
421010353022000,1167,Morrell Park,,132,43,4260000
421010353022001,1167,Morrell Park,,204,100,4260000
421010353022002,1167,Morrell Park,,379,222,4260000
421010353022003,1167,Morrell Park,,11,0,4260000
421010353022004,1167,Morrell Park,,411,144,4260000
421010353022005,1167,Morrell Park,,99,33,4260000
421010353022006,1167,Morrell Park,,290,199,4260000
421010353022007,1167,Morrell Park,,82,25,4260000
421010353022009,1167,Morrell Park,,27,15,4260000
421010353022010,1167,Morrell Park,,36,16,4260000
421010353022011,1167,Morrell Park,,42,14,4260000
421010353022012,1167,Morrell Park,,38,14,4260000
421010353022013,1167,Morrell Park,,77,31,4260000
421010353022014,1167,Morrell Park,,44,17,4260000
421010353022015,1167,Morrell Park,,53,18,4260000
421010353022016,1167,Morrell Park,,293,106,4260000
421010353022017,1167,Morrell Park,,41,14,4260000
421010353022018,1167,Morrell Park,,0,0,4260000
421010353022019,1167,Morrell Park,,0,0,4260000
421010362031000,1168,Millbrook,,0,0,4260000
421010362031001,1168,Millbrook,,0,0,4260000
421010362031002,1168,Millbrook,,0,0,4260000
421010362031003,1168,Millbrook,,405,179,4260000
421010362031004,1168,Millbrook,,3,1,4260000
421010362031005,1168,Millbrook,,94,32,4260000
421010362031006,1168,Millbrook,,517,173,4260000
421010362031007,1168,Millbrook,,70,23,4260000
421010362031008,1168,Millbrook,,203,64,4260000
421010362031009,1168,Millbrook,,120,52,4260000
421010362031010,1168,Millbrook,,81,29,4260000
421010362031011,1168,Millbrook,,106,38,4260000
421010362032000,1168,Millbrook,,0,0,4260000
421010362032001,1168,Millbrook,,406,141,4260000
421010362032002,1168,Millbrook,,202,79,4260000
421010362032003,1168,Millbrook,,0,0,4260000
421010362032004,1168,Millbrook,,144,47,4260000
421010362032005,1168,Millbrook,,197,67,4260000
421010362032006,1168,Millbrook,,167,58,4260000
421010362033000,1168,Millbrook,,477,193,4260000
421010362033001,1168,Millbrook,,97,34,4260000
421010362033002,1168,Millbrook,,217,92,4260000
421010362033003,1168,Millbrook,,90,30,4260000
421010362033004,1168,Millbrook,,113,46,4260000
421010362033005,1168,Millbrook,,49,21,4260000
421010362033006,1168,Millbrook,,181,71,4260000
421010362033007,1168,Millbrook,,89,32,4260000
421010362033008,1168,Millbrook,,154,54,4260000
421010362033009,1168,Millbrook,,205,71,4260000
421010362033010,1168,Millbrook,,65,33,4260000
421010362033011,1168,Millbrook,,132,62,4260000
421010362033012,1168,Millbrook,,76,34,4260000
421010362033013,1168,Millbrook,,0,0,4260000
421010362033014,1168,Millbrook,,0,0,4260000
421010362033018,1168,Millbrook,,50,24,4260000
421010362033015,1169,Crestmont Farms,,0,0,4260000
421010362033016,1169,Crestmont Farms,,188,64,4260000
421010362033017,1169,Crestmont Farms,,64,21,4260000
421010362033019,1169,Crestmont Farms,,57,21,4260000
421010362033020,1169,Crestmont Farms,,38,11,4260000
421010362033021,1169,Crestmont Farms,,55,18,4260000
421010362033022,1169,Crestmont Farms,,17,8,4260000
421010362033023,1169,Crestmont Farms,,0,0,4260000
421010362033024,1169,Crestmont Farms,,0,0,4260000
421010362033025,1169,Crestmont Farms,,0,0,4260000
421010348013000,1170,Academy Gardens,,276,140,4260000
421010348023010,1170,Academy Gardens,,0,0,4260000
421010348023011,1170,Academy Gardens,,0,0,4260000
421010348031000,1170,Academy Gardens,,0,0,4260000
421010348031001,1170,Academy Gardens,,0,0,4260000
421010348031002,1170,Academy Gardens,,0,0,4260000
421010348031003,1170,Academy Gardens,,0,0,4260000
421010348031004,1170,Academy Gardens,,0,0,4260000
421010348031005,1170,Academy Gardens,,0,0,4260000
421010348031006,1170,Academy Gardens,,50,17,4260000
421010348031007,1170,Academy Gardens,,74,34,4260000
421010348031008,1170,Academy Gardens,,72,18,4260000
421010348031009,1170,Academy Gardens,,80,25,4260000
421010348031010,1170,Academy Gardens,,179,78,4260000
421010348031011,1170,Academy Gardens,,112,50,4260000
421010348031012,1170,Academy Gardens,,91,38,4260000
421010348031013,1170,Academy Gardens,,121,48,4260000
421010348031014,1170,Academy Gardens,,306,106,4260000
421010348031015,1170,Academy Gardens,,55,28,4260000
421010348032000,1170,Academy Gardens,,130,47,4260000
421010348032001,1170,Academy Gardens,,296,112,4260000
421010348032002,1170,Academy Gardens,,208,80,4260000
421010348032003,1170,Academy Gardens,,360,175,4260000
421010348032004,1170,Academy Gardens,,253,96,4260000
421010348032005,1170,Academy Gardens,,176,68,4260000
421010348032006,1170,Academy Gardens,,283,130,4260000
421010348032007,1170,Academy Gardens,,175,74,4260000
421010348032008,1170,Academy Gardens,,246,106,4260000
421010348032009,1170,Academy Gardens,,198,64,4260000
421010348032010,1170,Academy Gardens,,121,48,4260000
421010348033000,1170,Academy Gardens,,148,67,4260000
421010348033001,1170,Academy Gardens,,117,42,4260000
421010348033002,1170,Academy Gardens,,121,46,4260000
421010348033003,1170,Academy Gardens,,130,44,4260000
421010348033004,1170,Academy Gardens,,182,97,4260000
421010348033005,1170,Academy Gardens,,106,56,4260000
421010348033006,1170,Academy Gardens,,0,0,4260000
421010348033007,1170,Academy Gardens,,0,0,4260000
421010133001000,1242,Francisville,,55,28,4260000
421010133002000,1242,Francisville,,8,5,4260000
421010133002001,1242,Francisville,,24,1,4260000
421010133002002,1242,Francisville,,0,2,4260000
421010133002003,1242,Francisville,,125,37,4260000
421010133002004,1242,Francisville,,2,1,4260000
421010133002005,1242,Francisville,,5,4,4260000
421010133002006,1242,Francisville,,2,8,4260000
421010133002007,1242,Francisville,,10,6,4260000
421010133002008,1242,Francisville,,79,49,4260000
421010133002009,1242,Francisville,,0,0,4260000
421010133002010,1242,Francisville,,0,0,4260000
421010133002011,1242,Francisville,,39,13,4260000
421010133002012,1242,Francisville,,98,41,4260000
421010133002013,1242,Francisville,,47,32,4260000
421010133002014,1242,Francisville,,64,26,4260000
421010133002015,1242,Francisville,,75,53,4260000
421010133002016,1242,Francisville,,146,61,4260000
421010133002017,1242,Francisville,,107,25,4260000
421010133002018,1242,Francisville,,0,0,4260000
421010133002019,1242,Francisville,,45,4,4260000
421010133002020,1242,Francisville,,0,0,4260000
421010133002021,1242,Francisville,,28,14,4260000
421010133002025,1242,Francisville,,46,23,4260000
421010133002026,1242,Francisville,,33,10,4260000
421010135002000,1242,Francisville,,73,32,4260000
421010135002001,1242,Francisville,,77,40,4260000
421010135002002,1242,Francisville,,85,44,4260000
421010135002003,1242,Francisville,,96,44,4260000
421010135002004,1242,Francisville,,108,55,4260000
421010135002005,1242,Francisville,,149,80,4260000
421010135004000,1242,Francisville,,0,0,4260000
421010135004001,1242,Francisville,,117,43,4260000
421010135004002,1242,Francisville,,0,0,4260000
421010135004003,1242,Francisville,,67,29,4260000
421010135004004,1242,Francisville,,127,51,4260000
421010135004005,1242,Francisville,,54,33,4260000
421010135004006,1242,Francisville,,73,23,4260000
421010135004007,1242,Francisville,,86,33,4260000
421010135004008,1242,Francisville,,53,26,4260000
421010135004009,1242,Francisville,,0,0,4260000
421010135004010,1242,Francisville,,0,1,4260000
421010135004011,1242,Francisville,,68,42,4260000
421010135004012,1242,Francisville,,41,16,4260000
421010135004013,1242,Francisville,,31,11,4260000
421010135004014,1242,Francisville,,128,47,4260000
421010135004015,1242,Francisville,,96,33,4260000
421010135004016,1242,Francisville,,22,7,4260000
421010135004017,1242,Francisville,,65,25,4260000
421010135004018,1242,Francisville,,0,0,4260000
421010135004019,1242,Francisville,,43,27,4260000
421010135004020,1242,Francisville,,94,41,4260000
421010135004021,1242,Francisville,,124,53,4260000
421010135004022,1242,Francisville,,46,25,4260000
421010135004023,1242,Francisville,,26,23,4260000
421010135004024,1242,Francisville,,24,17,4260000
421010135004025,1242,Francisville,,8,4,4260000
421010135004026,1242,Francisville,,28,13,4260000
421010139003001,1242,Francisville,,28,15,4260000
421010139003002,1242,Francisville,,5,5,4260000
421010139003004,1242,Francisville,,46,38,4260000
421010139003005,1242,Francisville,,89,58,4260000
421010139003006,1242,Francisville,,53,30,4260000
421010139003007,1242,Francisville,,38,14,4260000
421010139003008,1242,Francisville,,19,8,4260000
421010139003009,1242,Francisville,,74,39,4260000
421010139003010,1242,Francisville,,30,26,4260000
421010140001012,1242,Francisville,,0,0,4260000
421010140001013,1242,Francisville,,65,37,4260000
421010140001014,1242,Francisville,,2,5,4260000
421010140001021,1242,Francisville,,76,72,4260000
421010140001022,1242,Francisville,,186,2,4260000
421010140001023,1242,Francisville,,99,58,4260000
421010140001027,1242,Francisville,,0,0,4260000
421010140001028,1242,Francisville,,15,13,4260000
421010140001029,1242,Francisville,,65,34,4260000
421010140001030,1242,Francisville,,10,6,4260000
421010140001031,1242,Francisville,,64,30,4260000
421010140001032,1242,Francisville,,8,8,4260000
421010140001033,1242,Francisville,,7,8,4260000
421010140001034,1242,Francisville,,6,4,4260000
421010140001035,1242,Francisville,,0,0,4260000
421010140001036,1242,Francisville,,54,24,4260000
421010346001000,1171,Pennypack,,0,0,4260000
421010346001001,1171,Pennypack,,0,0,4260000
421010346001002,1171,Pennypack,,0,0,4260000
421010346001003,1171,Pennypack,,0,0,4260000
421010346001004,1171,Pennypack,,0,0,4260000
421010346001005,1171,Pennypack,,0,0,4260000
421010346001006,1171,Pennypack,,0,0,4260000
421010346001007,1171,Pennypack,,0,0,4260000
421010346001008,1171,Pennypack,,0,0,4260000
421010346001009,1171,Pennypack,,0,0,4260000
421010346001010,1171,Pennypack,,0,0,4260000
421010346001011,1171,Pennypack,,0,0,4260000
421010346001012,1171,Pennypack,,0,0,4260000
421010346001013,1171,Pennypack,,0,0,4260000
421010346001014,1171,Pennypack,,0,0,4260000
421010346001015,1171,Pennypack,,0,0,4260000
421010346001016,1171,Pennypack,,50,18,4260000
421010346001017,1171,Pennypack,,10,3,4260000
421010346001018,1171,Pennypack,,35,8,4260000
421010346001019,1171,Pennypack,,207,63,4260000
421010346001020,1171,Pennypack,,23,7,4260000
421010346001021,1171,Pennypack,,820,534,4260000
421010346001022,1171,Pennypack,,497,282,4260000
421010346001023,1171,Pennypack,,192,126,4260000
421010346001024,1171,Pennypack,,65,45,4260000
421010346001025,1171,Pennypack,,63,39,4260000
421010346001026,1171,Pennypack,,0,0,4260000
421010346001027,1171,Pennypack,,61,42,4260000
421010346001028,1171,Pennypack,,0,0,4260000
421010346001029,1171,Pennypack,,0,0,4260000
421010346001030,1171,Pennypack,,0,0,4260000
421010346001031,1171,Pennypack,,0,0,4260000
421010346001032,1171,Pennypack,,0,0,4260000
421010346001033,1171,Pennypack,,204,119,4260000
421010346001034,1171,Pennypack,,23,17,4260000
421010346001035,1171,Pennypack,,0,0,4260000
421010347011000,1171,Pennypack,,339,160,4260000
421010347011001,1171,Pennypack,,164,60,4260000
421010347011002,1171,Pennypack,,127,36,4260000
421010347011003,1171,Pennypack,,201,55,4260000
421010347011004,1171,Pennypack,,274,94,4260000
421010347011005,1171,Pennypack,,318,96,4260000
421010347011006,1171,Pennypack,,188,52,4260000
421010347011007,1171,Pennypack,,120,40,4260000
421010347011008,1171,Pennypack,,269,76,4260000
421010347011009,1171,Pennypack,,327,150,4260000
421010347011010,1171,Pennypack,,48,22,4260000
421010347011011,1171,Pennypack,,185,87,4260000
421010347012000,1171,Pennypack,,675,382,4260000
421010347012001,1171,Pennypack,,140,50,4260000
421010347012002,1171,Pennypack,,112,43,4260000
421010347012003,1171,Pennypack,,146,62,4260000
421010347012005,1171,Pennypack,,88,38,4260000
421010347012006,1171,Pennypack,,102,48,4260000
421010347012007,1171,Pennypack,,60,24,4260000
421010347012008,1171,Pennypack,,117,40,4260000
421010347012012,1171,Pennypack,,139,46,4260000
421010347012014,1171,Pennypack,,105,29,4260000
421010347012015,1171,Pennypack,,395,138,4260000
421010347013000,1171,Pennypack,,0,0,4260000
421010347013001,1171,Pennypack,,0,0,4260000
421010347013002,1171,Pennypack,,0,0,4260000
421010347013003,1171,Pennypack,,0,0,4260000
421010347013004,1171,Pennypack,,0,0,4260000
421010347013005,1171,Pennypack,,0,0,4260000
421010347013006,1171,Pennypack,,121,44,4260000
421010347013007,1171,Pennypack,,145,60,4260000
421010347013008,1171,Pennypack,,0,0,4260000
421010347013009,1171,Pennypack,,0,0,4260000
421010347013010,1171,Pennypack,,0,0,4260000
421010347013011,1171,Pennypack,,11,5,4260000
421010347013012,1171,Pennypack,,0,0,4260000
421010347013013,1171,Pennypack,,0,0,4260000
421010347013014,1171,Pennypack,,173,77,4260000
421010347013015,1171,Pennypack,,109,45,4260000
421010347013016,1171,Pennypack,,166,64,4260000
421010347013017,1171,Pennypack,,142,57,4260000
421010347013018,1171,Pennypack,,123,55,4260000
421010347013019,1171,Pennypack,,106,50,4260000
421010347013020,1171,Pennypack,,114,49,4260000
421010347013021,1171,Pennypack,,70,35,4260000
421010347013022,1171,Pennypack,,111,46,4260000
421010347013023,1171,Pennypack,,0,0,4260000
421010347021000,1171,Pennypack,,325,126,4260000
421010347021001,1171,Pennypack,,14,5,4260000
421010347021002,1171,Pennypack,,114,35,4260000
421010347021003,1171,Pennypack,,268,104,4260000
421010347021004,1171,Pennypack,,147,53,4260000
421010347021005,1171,Pennypack,,99,40,4260000
421010347021006,1171,Pennypack,,108,38,4260000
421010347021007,1171,Pennypack,,291,164,4260000
421010347021008,1171,Pennypack,,109,36,4260000
421010347021009,1171,Pennypack,,143,48,4260000
421010347021013,1171,Pennypack,,0,0,4260000
421010347022004,1171,Pennypack,,0,0,4260000
421010347022005,1171,Pennypack,,0,0,4260000
421010347022006,1171,Pennypack,,0,0,4260000
421010347021014,1172,Aston-Woodbridge,,0,0,4260000
421010348013001,1172,Aston-Woodbridge,,0,0,4260000
421010348021000,1172,Aston-Woodbridge,,933,401,4260000
421010348021001,1172,Aston-Woodbridge,,191,83,4260000
421010348021002,1172,Aston-Woodbridge,,171,80,4260000
421010348021003,1172,Aston-Woodbridge,,0,0,4260000
421010348021004,1172,Aston-Woodbridge,,0,0,4260000
421010348021005,1172,Aston-Woodbridge,,0,0,4260000
421010348021006,1172,Aston-Woodbridge,,0,0,4260000
421010348021007,1172,Aston-Woodbridge,,337,127,4260000
421010348021008,1172,Aston-Woodbridge,,241,128,4260000
421010348021009,1172,Aston-Woodbridge,,282,140,4260000
421010348021010,1172,Aston-Woodbridge,,262,104,4260000
421010348022000,1172,Aston-Woodbridge,,0,0,4260000
421010348022001,1172,Aston-Woodbridge,,636,330,4260000
421010348022002,1172,Aston-Woodbridge,,60,22,4260000
421010348022003,1172,Aston-Woodbridge,,118,48,4260000
421010348022004,1172,Aston-Woodbridge,,67,25,4260000
421010348022005,1172,Aston-Woodbridge,,105,41,4260000
421010348022006,1172,Aston-Woodbridge,,92,37,4260000
421010348022007,1172,Aston-Woodbridge,,149,50,4260000
421010348022008,1172,Aston-Woodbridge,,40,17,4260000
421010348022009,1172,Aston-Woodbridge,,76,29,4260000
421010348022010,1172,Aston-Woodbridge,,74,22,4260000
421010348023000,1172,Aston-Woodbridge,,65,25,4260000
421010348023001,1172,Aston-Woodbridge,,0,0,4260000
421010348023002,1172,Aston-Woodbridge,,161,56,4260000
421010348023003,1172,Aston-Woodbridge,,142,53,4260000
421010348023004,1172,Aston-Woodbridge,,119,46,4260000
421010348023005,1172,Aston-Woodbridge,,123,49,4260000
421010348023006,1172,Aston-Woodbridge,,129,46,4260000
421010348023007,1172,Aston-Woodbridge,,223,88,4260000
421010348023008,1172,Aston-Woodbridge,,146,60,4260000
421010348023009,1172,Aston-Woodbridge,,132,52,4260000
421010348023012,1172,Aston-Woodbridge,,164,61,4260000
421010348023013,1172,Aston-Woodbridge,,135,61,4260000
421010348023014,1172,Aston-Woodbridge,,0,0,4260000
421010347021010,1173,Pennypack Woods,,73,27,4260000
421010347021011,1173,Pennypack Woods,,174,59,4260000
421010347021012,1173,Pennypack Woods,,58,17,4260000
421010348011000,1173,Pennypack Woods,,590,288,4260000
421010348011001,1173,Pennypack Woods,,0,0,4260000
421010348011002,1173,Pennypack Woods,,154,84,4260000
421010348011003,1173,Pennypack Woods,,319,158,4260000
421010348011004,1173,Pennypack Woods,,162,72,4260000
421010348012000,1173,Pennypack Woods,,239,83,4260000
421010348012001,1173,Pennypack Woods,,0,0,4260000
421010348012002,1173,Pennypack Woods,,171,65,4260000
421010348012003,1173,Pennypack Woods,,100,35,4260000
421010348012004,1173,Pennypack Woods,,0,0,4260000
421010348012005,1173,Pennypack Woods,,196,69,4260000
421010348012006,1173,Pennypack Woods,,63,24,4260000
421010348012007,1173,Pennypack Woods,,0,0,4260000
421010348012008,1173,Pennypack Woods,,66,37,4260000
421010348012009,1173,Pennypack Woods,,0,0,4260000
421010348012010,1173,Pennypack Woods,,0,0,4260000
421010348012011,1173,Pennypack Woods,,0,0,4260000
421010348012012,1173,Pennypack Woods,,0,0,4260000
421010348012013,1173,Pennypack Woods,,212,102,4260000
421010348012014,1173,Pennypack Woods,,152,67,4260000
421010348012015,1173,Pennypack Woods,,224,96,4260000
421010348012016,1173,Pennypack Woods,,63,26,4260000
421010348012017,1173,Pennypack Woods,,0,0,4260000
421010348012018,1173,Pennypack Woods,,131,61,4260000
421010348013002,1173,Pennypack Woods,,523,291,4260000
421010348013003,1173,Pennypack Woods,,257,124,4260000
421010348013004,1173,Pennypack Woods,,223,101,4260000
421010348013005,1173,Pennypack Woods,,123,55,4260000
421010348013006,1173,Pennypack Woods,,0,0,4260000
421010348013007,1173,Pennypack Woods,,0,0,4260000
421010348013008,1173,Pennypack Woods,,0,0,4260000
421010348013009,1173,Pennypack Woods,,55,18,4260000
421010347011012,1174,Winchester Park,,0,0,4260000
421010347011013,1174,Winchester Park,,0,0,4260000
421010347011014,1174,Winchester Park,,0,0,4260000
421010347021015,1174,Winchester Park,,0,0,4260000
421010347021016,1174,Winchester Park,,0,0,4260000
421010347021017,1174,Winchester Park,,0,0,4260000
421010347021018,1174,Winchester Park,,0,0,4260000
421010347022000,1174,Winchester Park,,40,19,4260000
421010347022001,1174,Winchester Park,,99,50,4260000
421010347022002,1174,Winchester Park,,0,0,4260000
421010347022003,1174,Winchester Park,,0,0,4260000
421010347022007,1174,Winchester Park,,0,0,4260000
421010347022008,1174,Winchester Park,,0,0,4260000
421010347022009,1174,Winchester Park,,0,0,4260000
421010347022010,1174,Winchester Park,,199,77,4260000
421010347022011,1174,Winchester Park,,72,26,4260000
421010347022012,1174,Winchester Park,,68,34,4260000
421010347022013,1174,Winchester Park,,67,30,4260000
421010347022014,1174,Winchester Park,,85,44,4260000
421010347022015,1174,Winchester Park,,65,27,4260000
421010347022016,1174,Winchester Park,,93,30,4260000
421010347023000,1174,Winchester Park,,11,0,4260000
421010347023001,1174,Winchester Park,,81,35,4260000
421010347023003,1174,Winchester Park,,128,37,4260000
421010347023004,1174,Winchester Park,,89,27,4260000
421010347023005,1174,Winchester Park,,69,26,4260000
421010347023006,1174,Winchester Park,,74,22,4260000
421010347023007,1174,Winchester Park,,83,29,4260000
421010347023008,1174,Winchester Park,,55,22,4260000
421010347023009,1174,Winchester Park,,83,33,4260000
421010347023010,1174,Winchester Park,,58,25,4260000
421010347023011,1174,Winchester Park,,177,60,4260000
421010347023012,1174,Winchester Park,,97,30,4260000
421010347023013,1174,Winchester Park,,91,40,4260000
421019802001062,1174,Winchester Park,,30,16,4260000
421010349001000,1175,Torresdale,,0,0,4260000
421010349001001,1175,Torresdale,,0,0,4260000
421010349001002,1175,Torresdale,,0,0,4260000
421010349001003,1175,Torresdale,,17,16,4260000
421010349001004,1175,Torresdale,,148,51,4260000
421010349001005,1175,Torresdale,,158,60,4260000
421010349001006,1175,Torresdale,,141,48,4260000
421010349001007,1175,Torresdale,,116,176,4260000
421010349001008,1175,Torresdale,,133,66,4260000
421010349001009,1175,Torresdale,,141,52,4260000
421010349001010,1175,Torresdale,,0,0,4260000
421010349001011,1175,Torresdale,,201,390,4260000
421010349001012,1175,Torresdale,,0,0,4260000
421010349001013,1175,Torresdale,,0,0,4260000
421010349001014,1175,Torresdale,,0,0,4260000
421010349001015,1175,Torresdale,,0,0,4260000
421010349001016,1175,Torresdale,,0,0,4260000
421010349001017,1175,Torresdale,,0,0,4260000
421010349001018,1175,Torresdale,,0,0,4260000
421010349001019,1175,Torresdale,,0,0,4260000
421010349001020,1175,Torresdale,,0,0,4260000
421010349001021,1175,Torresdale,,0,0,4260000
421010349002000,1175,Torresdale,,85,41,4260000
421010349002003,1175,Torresdale,,751,267,4260000
421010349002005,1175,Torresdale,,242,76,4260000
421010349002006,1175,Torresdale,,135,47,4260000
421010351001000,1175,Torresdale,,0,0,4260000
421010351001001,1175,Torresdale,,19,7,4260000
421010351001002,1175,Torresdale,,198,120,4260000
421010351001003,1175,Torresdale,,36,22,4260000
421010351001004,1175,Torresdale,,221,119,4260000
421010351001005,1175,Torresdale,,45,15,4260000
421010351001006,1175,Torresdale,,65,19,4260000
421010351001007,1175,Torresdale,,12,7,4260000
421010351001008,1175,Torresdale,,35,18,4260000
421010351001009,1175,Torresdale,,79,32,4260000
421010351001010,1175,Torresdale,,110,33,4260000
421010351001011,1175,Torresdale,,112,39,4260000
421010351001012,1175,Torresdale,,36,19,4260000
421010351001013,1175,Torresdale,,53,24,4260000
421010351001014,1175,Torresdale,,54,18,4260000
421010351001015,1175,Torresdale,,605,433,4260000
421010351002000,1175,Torresdale,,0,0,4260000
421010351002001,1175,Torresdale,,32,9,4260000
421010351002002,1175,Torresdale,,108,72,4260000
421010351002003,1175,Torresdale,,256,82,4260000
421010351002004,1175,Torresdale,,1157,765,4260000
421010351002005,1175,Torresdale,,853,609,4260000
421010351002006,1175,Torresdale,,0,0,4260000
421010351002007,1175,Torresdale,,0,0,4260000
421010351002008,1175,Torresdale,,0,0,4260000
421010352001000,1175,Torresdale,,386,91,4260000
421010352001001,1175,Torresdale,,138,52,4260000
421010352001002,1175,Torresdale,,277,114,4260000
421010352001003,1175,Torresdale,,0,0,4260000
421010352001004,1175,Torresdale,,398,186,4260000
421010352001005,1175,Torresdale,,132,52,4260000
421010352001006,1175,Torresdale,,285,124,4260000
421010352001007,1175,Torresdale,,0,0,4260000
421010352001008,1175,Torresdale,,0,0,4260000
421010352001009,1175,Torresdale,,0,0,4260000
421010352001010,1175,Torresdale,,61,12,4260000
421010352001011,1175,Torresdale,,28,9,4260000
421010352001012,1175,Torresdale,,0,0,4260000
421010352001013,1175,Torresdale,,0,0,4260000
421010352001014,1175,Torresdale,,0,0,4260000
421010352001015,1175,Torresdale,,0,0,4260000
421010352001016,1175,Torresdale,,0,0,4260000
421010352001017,1175,Torresdale,,45,16,4260000
421010352001018,1175,Torresdale,,223,77,4260000
421010352001019,1175,Torresdale,,29,11,4260000
421010352001020,1175,Torresdale,,6,2,4260000
421010352001021,1175,Torresdale,,37,13,4260000
421010352001022,1175,Torresdale,,21,8,4260000
421010352001023,1175,Torresdale,,0,0,4260000
421010352001024,1175,Torresdale,,26,11,4260000
421010352001025,1175,Torresdale,,0,0,4260000
421010352001026,1175,Torresdale,,34,13,4260000
421010352001027,1175,Torresdale,,47,17,4260000
421010352001028,1175,Torresdale,,24,11,4260000
421010352001029,1175,Torresdale,,5,4,4260000
421010352001030,1175,Torresdale,,53,20,4260000
421010352001031,1175,Torresdale,,4,3,4260000
421010352001032,1175,Torresdale,,2,2,4260000
421010352002000,1175,Torresdale,,0,0,4260000
421010352002001,1175,Torresdale,,0,0,4260000
421010352002002,1175,Torresdale,,0,0,4260000
421010352002003,1175,Torresdale,,0,0,4260000
421010352002004,1175,Torresdale,,0,0,4260000
421010352002005,1175,Torresdale,,13,5,4260000
421010352002006,1175,Torresdale,,64,21,4260000
421010352002007,1175,Torresdale,,101,36,4260000
421010352002008,1175,Torresdale,,86,32,4260000
421010352002009,1175,Torresdale,,51,21,4260000
421010352002010,1175,Torresdale,,61,26,4260000
421010352002011,1175,Torresdale,,83,31,4260000
421010352002012,1175,Torresdale,,62,27,4260000
421010352002013,1175,Torresdale,,57,27,4260000
421010352002014,1175,Torresdale,,63,28,4260000
421010352002015,1175,Torresdale,,68,24,4260000
421010352003000,1175,Torresdale,,90,37,4260000
421010352003001,1175,Torresdale,,181,93,4260000
421010352003002,1175,Torresdale,,84,32,4260000
421010352003003,1175,Torresdale,,66,27,4260000
421010352003004,1175,Torresdale,,64,33,4260000
421010352003005,1175,Torresdale,,83,45,4260000
421010352003006,1175,Torresdale,,95,66,4260000
421010352003007,1175,Torresdale,,73,38,4260000
421010352003008,1175,Torresdale,,19,12,4260000
421010352003009,1175,Torresdale,,99,35,4260000
421010352003010,1175,Torresdale,,94,40,4260000
421010352003011,1175,Torresdale,,69,23,4260000
421010352003012,1175,Torresdale,,55,25,4260000
421010352003013,1175,Torresdale,,56,32,4260000
421010352003014,1175,Torresdale,,44,22,4260000
421010352003015,1175,Torresdale,,59,25,4260000
421010352003016,1175,Torresdale,,62,30,4260000
421010352003017,1175,Torresdale,,63,26,4260000
421010352003018,1175,Torresdale,,87,29,4260000
421010352003019,1175,Torresdale,,69,32,4260000
421010362033026,1175,Torresdale,,0,0,4260000
421019891001000,1175,Torresdale,,0,0,4260000
421019891001001,1175,Torresdale,,0,0,4260000
421019891001002,1175,Torresdale,,0,0,4260000
421010333001000,1176,Lexington Park,,0,0,4260000
421010333001001,1176,Lexington Park,,0,0,4260000
421010333001002,1176,Lexington Park,,0,0,4260000
421010333001003,1176,Lexington Park,,0,0,4260000
421010333001004,1176,Lexington Park,,0,0,4260000
421010333001005,1176,Lexington Park,,0,0,4260000
421010333001006,1176,Lexington Park,,0,0,4260000
421010333001009,1176,Lexington Park,,0,0,4260000
421010333001010,1176,Lexington Park,,0,0,4260000
421010333001011,1176,Lexington Park,,201,0,4260000
421010333001012,1176,Lexington Park,,764,237,4260000
421010333001013,1176,Lexington Park,,19,11,4260000
421010333001014,1176,Lexington Park,,0,0,4260000
421010333001015,1176,Lexington Park,,0,0,4260000
421010333001016,1176,Lexington Park,,88,36,4260000
421010333001017,1176,Lexington Park,,100,35,4260000
421010333001018,1176,Lexington Park,,0,0,4260000
421010333001019,1176,Lexington Park,,89,46,4260000
421010333001020,1176,Lexington Park,,146,65,4260000
421010333001021,1176,Lexington Park,,114,52,4260000
421010333001022,1176,Lexington Park,,113,44,4260000
421010333001023,1176,Lexington Park,,75,50,4260000
421010333002000,1176,Lexington Park,,167,73,4260000
421010333002001,1176,Lexington Park,,329,150,4260000
421010333002002,1176,Lexington Park,,0,0,4260000
421010333002003,1176,Lexington Park,,69,40,4260000
421010333002004,1176,Lexington Park,,79,38,4260000
421010333002005,1176,Lexington Park,,75,36,4260000
421010333002006,1176,Lexington Park,,68,33,4260000
421010333002007,1176,Lexington Park,,75,46,4260000
421010333002008,1176,Lexington Park,,54,29,4260000
421010333002009,1176,Lexington Park,,124,56,4260000
421010333002010,1176,Lexington Park,,97,51,4260000
421010333002011,1176,Lexington Park,,77,37,4260000
421010333002012,1176,Lexington Park,,83,30,4260000
421010333002013,1176,Lexington Park,,87,37,4260000
421010333003000,1176,Lexington Park,,0,0,4260000
421010333003001,1176,Lexington Park,,0,0,4260000
421010333003002,1176,Lexington Park,,186,131,4260000
421010333003003,1176,Lexington Park,,137,94,4260000
421010333003004,1176,Lexington Park,,191,62,4260000
421010333003005,1176,Lexington Park,,0,0,4260000
421010333003006,1176,Lexington Park,,0,0,4260000
421010333003007,1176,Lexington Park,,0,0,4260000
421010333003008,1176,Lexington Park,,85,30,4260000
421010333003009,1176,Lexington Park,,28,11,4260000
421010333003010,1176,Lexington Park,,54,20,4260000
421010333003011,1176,Lexington Park,,50,19,4260000
421010333003012,1176,Lexington Park,,62,22,4260000
421010333003013,1176,Lexington Park,,0,0,4260000
421010333003014,1176,Lexington Park,,39,15,4260000
421010333003015,1176,Lexington Park,,41,18,4260000
421010333003016,1176,Lexington Park,,38,18,4260000
421010333003017,1176,Lexington Park,,76,30,4260000
421010333003018,1176,Lexington Park,,44,19,4260000
421010333003019,1176,Lexington Park,,45,18,4260000
421010333003020,1176,Lexington Park,,40,18,4260000
421010333003021,1176,Lexington Park,,35,15,4260000
421010334001004,1176,Lexington Park,,0,0,4260000
421010334001005,1176,Lexington Park,,0,0,4260000
421010334001018,1176,Lexington Park,,0,0,4260000
421010334002020,1176,Lexington Park,,0,0,4260000
421010334002021,1176,Lexington Park,,0,0,4260000
421010334004022,1176,Lexington Park,,0,0,4260000
421010090001000,1280,Mantua,,130,92,4260000
421010090001001,1280,Mantua,,143,93,4260000
421010090003000,1280,Mantua,,55,25,4260000
421010090003001,1280,Mantua,,37,13,4260000
421010090003002,1280,Mantua,,97,47,4260000
421010090003003,1280,Mantua,,94,42,4260000
421010091001000,1280,Mantua,,192,125,4260000
421010091001001,1280,Mantua,,83,48,4260000
421010091001002,1280,Mantua,,138,92,4260000
421010091003000,1280,Mantua,,31,13,4260000
421010108001000,1280,Mantua,,0,0,4260000
421010108001001,1280,Mantua,,9,6,4260000
421010108001002,1280,Mantua,,0,0,4260000
421010108001003,1280,Mantua,,0,0,4260000
421010108001004,1280,Mantua,,12,10,4260000
421010108001005,1280,Mantua,,150,61,4260000
421010108001006,1280,Mantua,,1,1,4260000
421010108001007,1280,Mantua,,11,7,4260000
421010108001008,1280,Mantua,,44,23,4260000
421010108001009,1280,Mantua,,80,31,4260000
421010108001010,1280,Mantua,,87,40,4260000
421010108001011,1280,Mantua,,121,46,4260000
421010108001012,1280,Mantua,,36,20,4260000
421010108002000,1280,Mantua,,93,43,4260000
421010108002001,1280,Mantua,,36,25,4260000
421010108002002,1280,Mantua,,7,19,4260000
421010108002003,1280,Mantua,,28,12,4260000
421010108002004,1280,Mantua,,17,20,4260000
421010108002005,1280,Mantua,,55,24,4260000
421010108002006,1280,Mantua,,111,49,4260000
421010108002007,1280,Mantua,,96,57,4260000
421010108002008,1280,Mantua,,32,21,4260000
421010108002009,1280,Mantua,,27,20,4260000
421010108002010,1280,Mantua,,131,55,4260000
421010108003000,1280,Mantua,,47,15,4260000
421010108003001,1280,Mantua,,52,16,4260000
421010108003002,1280,Mantua,,36,15,4260000
421010108003003,1280,Mantua,,74,43,4260000
421010108003004,1280,Mantua,,71,31,4260000
421010108003005,1280,Mantua,,78,27,4260000
421010108003006,1280,Mantua,,82,34,4260000
421010108003007,1280,Mantua,,31,18,4260000
421010108003008,1280,Mantua,,42,22,4260000
421010108003009,1280,Mantua,,58,25,4260000
421010108003010,1280,Mantua,,96,44,4260000
421010108003011,1280,Mantua,,35,14,4260000
421010108003012,1280,Mantua,,28,18,4260000
421010108003013,1280,Mantua,,37,18,4260000
421010108003014,1280,Mantua,,4,5,4260000
421010108003015,1280,Mantua,,45,14,4260000
421010108003016,1280,Mantua,,50,22,4260000
421010108003017,1280,Mantua,,82,42,4260000
421010108003018,1280,Mantua,,145,52,4260000
421010108004000,1280,Mantua,,153,63,4260000
421010108004001,1280,Mantua,,96,40,4260000
421010108004002,1280,Mantua,,25,12,4260000
421010108004005,1280,Mantua,,110,54,4260000
421010108004006,1280,Mantua,,174,105,4260000
421010108004007,1280,Mantua,,114,120,4260000
421010108004008,1280,Mantua,,34,19,4260000
421010108005000,1280,Mantua,,116,56,4260000
421010108005001,1280,Mantua,,57,32,4260000
421010108005002,1280,Mantua,,18,15,4260000
421010108005003,1280,Mantua,,42,21,4260000
421010108005004,1280,Mantua,,54,25,4260000
421010108005005,1280,Mantua,,85,40,4260000
421010108005006,1280,Mantua,,22,13,4260000
421010108005007,1280,Mantua,,60,27,4260000
421010108005008,1280,Mantua,,36,16,4260000
421010108005009,1280,Mantua,,43,28,4260000
421010109001000,1280,Mantua,,108,53,4260000
421010109001001,1280,Mantua,,93,18,4260000
421010109001002,1280,Mantua,,0,0,4260000
421010109001003,1280,Mantua,,33,20,4260000
421010109001004,1280,Mantua,,24,19,4260000
421010109001005,1280,Mantua,,108,46,4260000
421010109001006,1280,Mantua,,0,0,4260000
421010109001007,1280,Mantua,,0,0,4260000
421010109001008,1280,Mantua,,38,17,4260000
421010109001009,1280,Mantua,,68,30,4260000
421010109001010,1280,Mantua,,103,48,4260000
421010109001011,1280,Mantua,,59,23,4260000
421010109001012,1280,Mantua,,119,60,4260000
421010109001013,1280,Mantua,,44,28,4260000
421010109001014,1280,Mantua,,5,1,4260000
421010109002000,1280,Mantua,,91,41,4260000
421010109002001,1280,Mantua,,173,57,4260000
421010109002002,1280,Mantua,,130,57,4260000
421010109002003,1280,Mantua,,75,26,4260000
421010109002004,1280,Mantua,,75,24,4260000
421010109002005,1280,Mantua,,40,12,4260000
421010109002006,1280,Mantua,,63,23,4260000
421010109002007,1280,Mantua,,87,35,4260000
421010109003000,1280,Mantua,,16,12,4260000
421010109003001,1280,Mantua,,86,28,4260000
421010109003002,1280,Mantua,,139,75,4260000
421010109003003,1280,Mantua,,107,52,4260000
421010109003004,1280,Mantua,,111,56,4260000
421010109003005,1280,Mantua,,62,67,4260000
421010109003006,1280,Mantua,,91,48,4260000
421010109003007,1280,Mantua,,48,25,4260000
421010109003008,1280,Mantua,,46,16,4260000
421010109003009,1280,Mantua,,71,17,4260000
421010109003010,1280,Mantua,,0,0,4260000
421010110001000,1280,Mantua,,0,0,4260000
421010110001002,1280,Mantua,,94,47,4260000
421019800001146,1280,Mantua,,0,0,4260000
421019800001147,1280,Mantua,,0,0,4260000
421019800001148,1280,Mantua,,0,0,4260000
421019800001149,1280,Mantua,,0,0,4260000
421019800001150,1280,Mantua,,0,0,4260000
421019800001151,1280,Mantua,,0,0,4260000
421019800001158,1280,Mantua,,0,0,4260000
421019800001159,1280,Mantua,,0,0,4260000
421019800001160,1280,Mantua,,0,0,4260000
421019800001161,1280,Mantua,,0,0,4260000
421019800001162,1280,Mantua,,0,0,4260000
421019800001163,1280,Mantua,,0,0,4260000
421019800001164,1280,Mantua,,0,0,4260000
421019800001165,1280,Mantua,,0,0,4260000
421019800001166,1280,Mantua,,0,0,4260000
421019800001181,1280,Mantua,,0,0,4260000
421019800001183,1280,Mantua,,0,0,4260000
421019800001190,1280,Mantua,,0,0,4260000
421019800001191,1280,Mantua,,0,0,4260000
421019800001196,1280,Mantua,,0,0,4260000
421019800001208,1280,Mantua,,0,0,4260000
421019800001209,1280,Mantua,,0,0,4260000
421019800001210,1280,Mantua,,0,0,4260000
421019800001214,1280,Mantua,,0,0,4260000
421019800001234,1280,Mantua,,0,0,4260000
421010333001007,1177,Rhawnhurst,,0,0,4260000
421010333001008,1177,Rhawnhurst,,0,0,4260000
421010334001000,1177,Rhawnhurst,,51,22,4260000
421010334001001,1177,Rhawnhurst,,41,22,4260000
421010334001002,1177,Rhawnhurst,,2,1,4260000
421010334001003,1177,Rhawnhurst,,0,0,4260000
421010334001006,1177,Rhawnhurst,,0,0,4260000
421010334001007,1177,Rhawnhurst,,0,0,4260000
421010334001008,1177,Rhawnhurst,,0,0,4260000
421010334001009,1177,Rhawnhurst,,69,26,4260000
421010334001010,1177,Rhawnhurst,,28,11,4260000
421010334001011,1177,Rhawnhurst,,54,20,4260000
421010334001012,1177,Rhawnhurst,,102,33,4260000
421010334001013,1177,Rhawnhurst,,65,22,4260000
421010334001014,1177,Rhawnhurst,,119,50,4260000
421010334001015,1177,Rhawnhurst,,131,46,4260000
421010334001016,1177,Rhawnhurst,,105,42,4260000
421010334001017,1177,Rhawnhurst,,116,58,4260000
421010334002000,1177,Rhawnhurst,,130,68,4260000
421010334002001,1177,Rhawnhurst,,104,42,4260000
421010334002002,1177,Rhawnhurst,,75,36,4260000
421010334002003,1177,Rhawnhurst,,0,0,4260000
421010334002004,1177,Rhawnhurst,,0,0,4260000
421010334002005,1177,Rhawnhurst,,0,0,4260000
421010334002006,1177,Rhawnhurst,,0,0,4260000
421010334002007,1177,Rhawnhurst,,0,0,4260000
421010334002008,1177,Rhawnhurst,,0,0,4260000
421010334002009,1177,Rhawnhurst,,137,85,4260000
421010334002010,1177,Rhawnhurst,,22,12,4260000
421010334002011,1177,Rhawnhurst,,0,0,4260000
421010334002012,1177,Rhawnhurst,,269,129,4260000
421010334002013,1177,Rhawnhurst,,116,56,4260000
421010334002014,1177,Rhawnhurst,,210,111,4260000
421010334002015,1177,Rhawnhurst,,72,31,4260000
421010334002016,1177,Rhawnhurst,,82,33,4260000
421010334002017,1177,Rhawnhurst,,81,34,4260000
421010334002018,1177,Rhawnhurst,,52,20,4260000
421010334002019,1177,Rhawnhurst,,0,0,4260000
421010334003000,1177,Rhawnhurst,,0,0,4260000
421010334003001,1177,Rhawnhurst,,137,54,4260000
421010334003002,1177,Rhawnhurst,,71,21,4260000
421010334003003,1177,Rhawnhurst,,0,0,4260000
421010334003004,1177,Rhawnhurst,,14,10,4260000
421010334003005,1177,Rhawnhurst,,35,17,4260000
421010334003006,1177,Rhawnhurst,,6,6,4260000
421010334003007,1177,Rhawnhurst,,39,22,4260000
421010334003008,1177,Rhawnhurst,,265,22,4260000
421010334003009,1177,Rhawnhurst,,123,54,4260000
421010334003010,1177,Rhawnhurst,,54,20,4260000
421010334003011,1177,Rhawnhurst,,6,3,4260000
421010334003012,1177,Rhawnhurst,,111,47,4260000
421010334004000,1177,Rhawnhurst,,107,45,4260000
421010334004001,1177,Rhawnhurst,,122,53,4260000
421010334004002,1177,Rhawnhurst,,61,25,4260000
421010334004003,1177,Rhawnhurst,,86,29,4260000
421010334004004,1177,Rhawnhurst,,63,27,4260000
421010334004005,1177,Rhawnhurst,,77,28,4260000
421010334004006,1177,Rhawnhurst,,78,28,4260000
421010334004007,1177,Rhawnhurst,,20,8,4260000
421010334004008,1177,Rhawnhurst,,0,0,4260000
421010334004009,1177,Rhawnhurst,,61,34,4260000
421010334004010,1177,Rhawnhurst,,131,50,4260000
421010334004011,1177,Rhawnhurst,,108,41,4260000
421010334004012,1177,Rhawnhurst,,0,0,4260000
421010334004013,1177,Rhawnhurst,,0,0,4260000
421010334004014,1177,Rhawnhurst,,0,0,4260000
421010334004015,1177,Rhawnhurst,,0,0,4260000
421010334004016,1177,Rhawnhurst,,303,185,4260000
421010334004017,1177,Rhawnhurst,,234,126,4260000
421010334004018,1177,Rhawnhurst,,79,26,4260000
421010334004019,1177,Rhawnhurst,,110,34,4260000
421010334004021,1177,Rhawnhurst,,0,0,4260000
421010335001000,1177,Rhawnhurst,,75,39,4260000
421010335001001,1177,Rhawnhurst,,92,28,4260000
421010335001002,1177,Rhawnhurst,,91,39,4260000
421010335001003,1177,Rhawnhurst,,55,36,4260000
421010335001004,1177,Rhawnhurst,,123,42,4260000
421010335001005,1177,Rhawnhurst,,137,47,4260000
421010335001006,1177,Rhawnhurst,,112,36,4260000
421010335001007,1177,Rhawnhurst,,27,13,4260000
421010335001008,1177,Rhawnhurst,,108,64,4260000
421010335001009,1177,Rhawnhurst,,6,4,4260000
421010335001010,1177,Rhawnhurst,,135,61,4260000
421010335001011,1177,Rhawnhurst,,54,19,4260000
421010335001012,1177,Rhawnhurst,,45,18,4260000
421010335001013,1177,Rhawnhurst,,117,32,4260000
421010335002000,1177,Rhawnhurst,,0,0,4260000
421010335002001,1177,Rhawnhurst,,118,49,4260000
421010335002002,1177,Rhawnhurst,,0,0,4260000
421010335002003,1177,Rhawnhurst,,47,25,4260000
421010335002004,1177,Rhawnhurst,,48,17,4260000
421010335002005,1177,Rhawnhurst,,89,55,4260000
421010335002006,1177,Rhawnhurst,,92,38,4260000
421010335002007,1177,Rhawnhurst,,0,0,4260000
421010335002008,1177,Rhawnhurst,,128,44,4260000
421010335002009,1177,Rhawnhurst,,24,9,4260000
421010335002010,1177,Rhawnhurst,,14,6,4260000
421010335002011,1177,Rhawnhurst,,0,0,4260000
421010335002012,1177,Rhawnhurst,,95,36,4260000
421010335002013,1177,Rhawnhurst,,2,0,4260000
421010335002014,1177,Rhawnhurst,,133,45,4260000
421010335002015,1177,Rhawnhurst,,132,51,4260000
421010335002016,1177,Rhawnhurst,,87,38,4260000
421010335002017,1177,Rhawnhurst,,88,38,4260000
421010335002018,1177,Rhawnhurst,,100,42,4260000
421010335002019,1177,Rhawnhurst,,100,41,4260000
421010335002020,1177,Rhawnhurst,,87,38,4260000
421010335002021,1177,Rhawnhurst,,161,55,4260000
421010335002022,1177,Rhawnhurst,,107,41,4260000
421010335002023,1177,Rhawnhurst,,0,0,4260000
421010335002024,1177,Rhawnhurst,,85,18,4260000
421010335003000,1177,Rhawnhurst,,0,0,4260000
421010335003001,1177,Rhawnhurst,,63,23,4260000
421010335003002,1177,Rhawnhurst,,85,33,4260000
421010335003003,1177,Rhawnhurst,,65,26,4260000
421010335003004,1177,Rhawnhurst,,56,26,4260000
421010335003005,1177,Rhawnhurst,,143,52,4260000
421010335003006,1177,Rhawnhurst,,147,48,4260000
421010335003007,1177,Rhawnhurst,,132,48,4260000
421010335003008,1177,Rhawnhurst,,75,24,4260000
421010336001000,1177,Rhawnhurst,,81,36,4260000
421010336001001,1177,Rhawnhurst,,71,32,4260000
421010336001002,1177,Rhawnhurst,,74,34,4260000
421010336001003,1177,Rhawnhurst,,85,39,4260000
421010336001004,1177,Rhawnhurst,,68,25,4260000
421010336001005,1177,Rhawnhurst,,115,55,4260000
421010336001006,1177,Rhawnhurst,,58,23,4260000
421010336001007,1177,Rhawnhurst,,85,43,4260000
421010336001008,1177,Rhawnhurst,,81,28,4260000
421010336001009,1177,Rhawnhurst,,47,16,4260000
421010336001010,1177,Rhawnhurst,,117,61,4260000
421010336001011,1177,Rhawnhurst,,37,16,4260000
421010336001012,1177,Rhawnhurst,,71,34,4260000
421010336001013,1177,Rhawnhurst,,97,36,4260000
421010336002000,1177,Rhawnhurst,,46,20,4260000
421010336002001,1177,Rhawnhurst,,74,25,4260000
421010336002002,1177,Rhawnhurst,,99,44,4260000
421010336002003,1177,Rhawnhurst,,43,15,4260000
421010336002004,1177,Rhawnhurst,,124,68,4260000
421010336002005,1177,Rhawnhurst,,85,36,4260000
421010336002006,1177,Rhawnhurst,,82,36,4260000
421010336002007,1177,Rhawnhurst,,95,41,4260000
421010336002008,1177,Rhawnhurst,,71,24,4260000
421010336002009,1177,Rhawnhurst,,75,32,4260000
421010336002010,1177,Rhawnhurst,,38,19,4260000
421010336002011,1177,Rhawnhurst,,82,29,4260000
421010336002012,1177,Rhawnhurst,,65,33,4260000
421010336003000,1177,Rhawnhurst,,142,68,4260000
421010336003001,1177,Rhawnhurst,,155,88,4260000
421010336003002,1177,Rhawnhurst,,125,60,4260000
421010336003003,1177,Rhawnhurst,,96,56,4260000
421010336003004,1177,Rhawnhurst,,53,20,4260000
421010336003005,1177,Rhawnhurst,,194,75,4260000
421010336003006,1177,Rhawnhurst,,90,55,4260000
421010336003007,1177,Rhawnhurst,,67,26,4260000
421010336003008,1177,Rhawnhurst,,142,49,4260000
421010336003009,1177,Rhawnhurst,,133,45,4260000
421010336003010,1177,Rhawnhurst,,123,44,4260000
421010336003011,1177,Rhawnhurst,,97,40,4260000
421010336003012,1177,Rhawnhurst,,66,22,4260000
421010336003013,1177,Rhawnhurst,,83,32,4260000
421010336003014,1177,Rhawnhurst,,127,42,4260000
421010336003015,1177,Rhawnhurst,,123,38,4260000
421010336003016,1177,Rhawnhurst,,327,166,4260000
421010336003017,1177,Rhawnhurst,,0,0,4260000
421010336004000,1177,Rhawnhurst,,178,81,4260000
421010336004001,1177,Rhawnhurst,,188,79,4260000
421010336004002,1177,Rhawnhurst,,108,72,4260000
421010336004003,1177,Rhawnhurst,,105,48,4260000
421010336004004,1177,Rhawnhurst,,168,69,4260000
421010336004005,1177,Rhawnhurst,,109,43,4260000
421010336004006,1177,Rhawnhurst,,57,20,4260000
421010336004007,1177,Rhawnhurst,,78,29,4260000
421010336004008,1177,Rhawnhurst,,143,65,4260000
421010336004009,1177,Rhawnhurst,,127,61,4260000
421010336004010,1177,Rhawnhurst,,169,77,4260000
421010336004011,1177,Rhawnhurst,,95,34,4260000
421010336005000,1177,Rhawnhurst,,93,54,4260000
421010336005001,1177,Rhawnhurst,,135,68,4260000
421010336005002,1177,Rhawnhurst,,108,40,4260000
421010336005003,1177,Rhawnhurst,,100,39,4260000
421010336005004,1177,Rhawnhurst,,55,20,4260000
421010336005005,1177,Rhawnhurst,,40,23,4260000
421010336005006,1177,Rhawnhurst,,65,30,4260000
421010336005007,1177,Rhawnhurst,,142,50,4260000
421010336005008,1177,Rhawnhurst,,69,37,4260000
421010336005009,1177,Rhawnhurst,,107,40,4260000
421010336005010,1177,Rhawnhurst,,173,76,4260000
421010336005011,1177,Rhawnhurst,,45,18,4260000
421010337011000,1177,Rhawnhurst,,294,148,4260000
421010337011001,1177,Rhawnhurst,,90,41,4260000
421010337011002,1177,Rhawnhurst,,149,55,4260000
421010337011003,1177,Rhawnhurst,,281,108,4260000
421010337011004,1177,Rhawnhurst,,93,46,4260000
421010337011005,1177,Rhawnhurst,,161,71,4260000
421010337011006,1177,Rhawnhurst,,197,115,4260000
421010337011007,1177,Rhawnhurst,,76,28,4260000
421010337011008,1177,Rhawnhurst,,87,36,4260000
421010337011009,1177,Rhawnhurst,,112,42,4260000
421010337011010,1177,Rhawnhurst,,174,74,4260000
421010337012000,1177,Rhawnhurst,,52,20,4260000
421010337012001,1177,Rhawnhurst,,161,70,4260000
421010337012002,1177,Rhawnhurst,,0,0,4260000
421010337012003,1177,Rhawnhurst,,0,0,4260000
421010337012004,1177,Rhawnhurst,,288,124,4260000
421010337012005,1177,Rhawnhurst,,191,72,4260000
421010337012006,1177,Rhawnhurst,,142,58,4260000
421010337012007,1177,Rhawnhurst,,34,16,4260000
421010337012008,1177,Rhawnhurst,,45,25,4260000
421010337012009,1177,Rhawnhurst,,24,15,4260000
421010337012010,1177,Rhawnhurst,,0,0,4260000
421010337012011,1177,Rhawnhurst,,100,46,4260000
421010337013000,1177,Rhawnhurst,,59,21,4260000
421010337013001,1177,Rhawnhurst,,42,16,4260000
421010337013002,1177,Rhawnhurst,,85,25,4260000
421010337013003,1177,Rhawnhurst,,403,334,4260000
421010337013004,1177,Rhawnhurst,,379,219,4260000
421010337013005,1177,Rhawnhurst,,0,0,4260000
421010337013006,1177,Rhawnhurst,,0,0,4260000
421010337013007,1177,Rhawnhurst,,0,0,4260000
421010337013008,1177,Rhawnhurst,,322,133,4260000
421010337013009,1177,Rhawnhurst,,197,80,4260000
421010337013010,1177,Rhawnhurst,,142,58,4260000
421010337013011,1177,Rhawnhurst,,0,0,4260000
421010337013012,1177,Rhawnhurst,,0,0,4260000
421010337013013,1177,Rhawnhurst,,105,44,4260000
421010337013014,1177,Rhawnhurst,,139,57,4260000
421010337013015,1177,Rhawnhurst,,93,38,4260000
421010337013016,1177,Rhawnhurst,,84,33,4260000
421010337013017,1177,Rhawnhurst,,327,162,4260000
421010337021000,1177,Rhawnhurst,,2,1,4260000
421010337021001,1177,Rhawnhurst,,85,42,4260000
421010337021002,1177,Rhawnhurst,,100,43,4260000
421010337021003,1177,Rhawnhurst,,336,132,4260000
421010337021004,1177,Rhawnhurst,,68,34,4260000
421010337021005,1177,Rhawnhurst,,220,83,4260000
421010337021006,1177,Rhawnhurst,,230,87,4260000
421010337021007,1177,Rhawnhurst,,213,86,4260000
421010337022000,1177,Rhawnhurst,,217,90,4260000
421010337022001,1177,Rhawnhurst,,122,52,4260000
421010337022002,1177,Rhawnhurst,,578,170,4260000
421010337022003,1177,Rhawnhurst,,66,32,4260000
421010337022004,1177,Rhawnhurst,,0,0,4260000
421010337022005,1177,Rhawnhurst,,50,12,4260000
421010337022006,1177,Rhawnhurst,,163,56,4260000
421010337022007,1177,Rhawnhurst,,73,32,4260000
421010337022009,1177,Rhawnhurst,,198,87,4260000
421010337022010,1177,Rhawnhurst,,259,137,4260000
421010337022011,1177,Rhawnhurst,,125,68,4260000
421010337022012,1177,Rhawnhurst,,166,84,4260000
421010337022013,1177,Rhawnhurst,,14,6,4260000
421010337022014,1177,Rhawnhurst,,125,56,4260000
421010337023000,1177,Rhawnhurst,,110,37,4260000
421010337023001,1177,Rhawnhurst,,139,50,4260000
421010337023002,1177,Rhawnhurst,,169,65,4260000
421010337023003,1177,Rhawnhurst,,152,53,4260000
421010337023004,1177,Rhawnhurst,,169,51,4260000
421010337023005,1177,Rhawnhurst,,149,52,4260000
421010337023006,1177,Rhawnhurst,,74,31,4260000
421010337023007,1177,Rhawnhurst,,64,22,4260000
421010337024000,1177,Rhawnhurst,,126,44,4260000
421010337024001,1177,Rhawnhurst,,126,45,4260000
421010337024002,1177,Rhawnhurst,,111,40,4260000
421010337024003,1177,Rhawnhurst,,83,36,4260000
421010337024004,1177,Rhawnhurst,,65,36,4260000
421010337024005,1177,Rhawnhurst,,78,42,4260000
421010337024006,1177,Rhawnhurst,,61,31,4260000
421010337024007,1177,Rhawnhurst,,89,38,4260000
421019802001025,1177,Rhawnhurst,,0,0,4260000
421019802001026,1177,Rhawnhurst,,0,0,4260000
421019802001073,1177,Rhawnhurst,,0,0,4260000
421010338001000,1178,Fox Chase,,574,352,4260000
421010338001001,1178,Fox Chase,,137,66,4260000
421010338001002,1178,Fox Chase,,135,68,4260000
421010338001003,1178,Fox Chase,,655,258,4260000
421010338001004,1178,Fox Chase,,89,28,4260000
421010338001005,1178,Fox Chase,,37,14,4260000
421010338001006,1178,Fox Chase,,104,54,4260000
421010338001007,1178,Fox Chase,,38,20,4260000
421010338001008,1178,Fox Chase,,100,42,4260000
421010338001009,1178,Fox Chase,,72,30,4260000
421010338001010,1178,Fox Chase,,113,28,4260000
421010338001011,1178,Fox Chase,,90,40,4260000
421010338002000,1178,Fox Chase,,58,23,4260000
421010338002001,1178,Fox Chase,,52,22,4260000
421010338002002,1178,Fox Chase,,77,43,4260000
421010338002003,1178,Fox Chase,,66,34,4260000
421010338002004,1178,Fox Chase,,25,12,4260000
421010338002005,1178,Fox Chase,,79,39,4260000
421010338002006,1178,Fox Chase,,65,27,4260000
421010338002007,1178,Fox Chase,,55,26,4260000
421010338002008,1178,Fox Chase,,71,28,4260000
421010338002009,1178,Fox Chase,,101,39,4260000
421010338002010,1178,Fox Chase,,203,89,4260000
421010338002011,1178,Fox Chase,,109,73,4260000
421010338002012,1178,Fox Chase,,87,60,4260000
421010338003000,1178,Fox Chase,,95,32,4260000
421010338003001,1178,Fox Chase,,42,24,4260000
421010338003002,1178,Fox Chase,,52,20,4260000
421010338003003,1178,Fox Chase,,27,14,4260000
421010338003004,1178,Fox Chase,,69,26,4260000
421010338003005,1178,Fox Chase,,111,60,4260000
421010338003006,1178,Fox Chase,,62,23,4260000
421010338003007,1178,Fox Chase,,62,27,4260000
421010338003008,1178,Fox Chase,,36,20,4260000
421010338003009,1178,Fox Chase,,33,14,4260000
421010338004000,1178,Fox Chase,,118,48,4260000
421010338004001,1178,Fox Chase,,91,37,4260000
421010338004002,1178,Fox Chase,,108,37,4260000
421010338004003,1178,Fox Chase,,109,36,4260000
421010338004004,1178,Fox Chase,,100,34,4260000
421010338004005,1178,Fox Chase,,108,37,4260000
421010338004006,1178,Fox Chase,,89,31,4260000
421010338004007,1178,Fox Chase,,126,55,4260000
421010338004008,1178,Fox Chase,,142,69,4260000
421010338004009,1178,Fox Chase,,131,55,4260000
421010338005000,1178,Fox Chase,,156,52,4260000
421010338005001,1178,Fox Chase,,58,28,4260000
421010338005002,1178,Fox Chase,,106,47,4260000
421010338005003,1178,Fox Chase,,29,12,4260000
421010338005004,1178,Fox Chase,,97,37,4260000
421010338005005,1178,Fox Chase,,105,41,4260000
421010338005006,1178,Fox Chase,,106,31,4260000
421010338005007,1178,Fox Chase,,77,31,4260000
421010338005008,1178,Fox Chase,,129,48,4260000
421010338005009,1178,Fox Chase,,11,11,4260000
421010338005010,1178,Fox Chase,,0,0,4260000
421010338005011,1178,Fox Chase,,115,38,4260000
421010338005012,1178,Fox Chase,,139,56,4260000
421010339001000,1178,Fox Chase,,104,44,4260000
421010339001001,1178,Fox Chase,,70,31,4260000
421010339001002,1178,Fox Chase,,49,21,4260000
421010339001003,1178,Fox Chase,,60,30,4260000
421010339001004,1178,Fox Chase,,97,51,4260000
421010339001005,1178,Fox Chase,,93,43,4260000
421010339001006,1178,Fox Chase,,91,38,4260000
421010339001007,1178,Fox Chase,,68,36,4260000
421010339001008,1178,Fox Chase,,105,58,4260000
421010339001009,1178,Fox Chase,,96,56,4260000
421010339002000,1178,Fox Chase,,0,0,4260000
421010339002002,1178,Fox Chase,,0,0,4260000
421010339002004,1178,Fox Chase,,13,9,4260000
421010339002005,1178,Fox Chase,,0,0,4260000
421010339002006,1178,Fox Chase,,177,79,4260000
421010339002007,1178,Fox Chase,,0,0,4260000
421010339002011,1178,Fox Chase,,283,141,4260000
421010339003000,1178,Fox Chase,,98,38,4260000
421010339003001,1178,Fox Chase,,140,66,4260000
421010339003002,1178,Fox Chase,,190,73,4260000
421010339003004,1178,Fox Chase,,48,25,4260000
421010339003005,1178,Fox Chase,,69,24,4260000
421010340001000,1178,Fox Chase,,41,12,4260000
421010340001001,1178,Fox Chase,,323,104,4260000
421010340001002,1178,Fox Chase,,30,13,4260000
421010340001003,1178,Fox Chase,,31,14,4260000
421010340001004,1178,Fox Chase,,108,62,4260000
421010340001005,1178,Fox Chase,,0,0,4260000
421010340001006,1178,Fox Chase,,106,43,4260000
421010340001007,1178,Fox Chase,,0,0,4260000
421010340001008,1178,Fox Chase,,226,82,4260000
421010340001009,1178,Fox Chase,,28,10,4260000
421010340001010,1178,Fox Chase,,24,11,4260000
421010340001011,1178,Fox Chase,,54,17,4260000
421010340001012,1178,Fox Chase,,129,47,4260000
421010340002000,1178,Fox Chase,,50,20,4260000
421010340002001,1178,Fox Chase,,76,30,4260000
421010340002002,1178,Fox Chase,,97,41,4260000
421010340002003,1178,Fox Chase,,74,29,4260000
421010340002004,1178,Fox Chase,,52,22,4260000
421010340002005,1178,Fox Chase,,376,130,4260000
421010340002006,1178,Fox Chase,,108,28,4260000
421010340002007,1178,Fox Chase,,81,38,4260000
421010340002008,1178,Fox Chase,,76,36,4260000
421010340002009,1178,Fox Chase,,32,16,4260000
421010340002010,1178,Fox Chase,,54,29,4260000
421010340003000,1178,Fox Chase,,51,17,4260000
421010340003001,1178,Fox Chase,,56,22,4260000
421010340003002,1178,Fox Chase,,63,22,4260000
421010340003003,1178,Fox Chase,,62,21,4260000
421010340003004,1178,Fox Chase,,68,28,4260000
421010340003005,1178,Fox Chase,,75,26,4260000
421010340003006,1178,Fox Chase,,65,25,4260000
421010340003007,1178,Fox Chase,,60,28,4260000
421010340003008,1178,Fox Chase,,88,36,4260000
421010340003009,1178,Fox Chase,,42,20,4260000
421010340003010,1178,Fox Chase,,66,27,4260000
421010341001000,1178,Fox Chase,,60,26,4260000
421010341001001,1178,Fox Chase,,61,20,4260000
421010341001002,1178,Fox Chase,,58,22,4260000
421010341001003,1178,Fox Chase,,74,33,4260000
421010341001004,1178,Fox Chase,,56,26,4260000
421010341001005,1178,Fox Chase,,56,19,4260000
421010341001006,1178,Fox Chase,,51,25,4260000
421010341001007,1178,Fox Chase,,87,38,4260000
421010341001008,1178,Fox Chase,,54,19,4260000
421010341001009,1178,Fox Chase,,36,16,4260000
421010341001010,1178,Fox Chase,,87,49,4260000
421010341001011,1178,Fox Chase,,45,20,4260000
421010341002000,1178,Fox Chase,,82,34,4260000
421010341002001,1178,Fox Chase,,118,43,4260000
421010341002002,1178,Fox Chase,,30,14,4260000
421010341002003,1178,Fox Chase,,144,69,4260000
421010341002004,1178,Fox Chase,,68,32,4260000
421010341002005,1178,Fox Chase,,100,63,4260000
421010341002006,1178,Fox Chase,,340,180,4260000
421010341002007,1178,Fox Chase,,70,27,4260000
421010341002008,1178,Fox Chase,,64,32,4260000
421010341002009,1178,Fox Chase,,94,33,4260000
421010341002010,1178,Fox Chase,,54,33,4260000
421010341002011,1178,Fox Chase,,72,31,4260000
421010341003000,1178,Fox Chase,,74,28,4260000
421010341003001,1178,Fox Chase,,0,0,4260000
421010341003002,1178,Fox Chase,,232,107,4260000
421010341003003,1178,Fox Chase,,72,34,4260000
421010341003004,1178,Fox Chase,,71,43,4260000
421010341003005,1178,Fox Chase,,73,32,4260000
421010341003006,1178,Fox Chase,,64,21,4260000
421010341003007,1178,Fox Chase,,88,39,4260000
421010341003008,1178,Fox Chase,,59,26,4260000
421010341003009,1178,Fox Chase,,63,29,4260000
421010341004000,1178,Fox Chase,,95,69,4260000
421010341004001,1178,Fox Chase,,58,23,4260000
421010341004002,1178,Fox Chase,,171,94,4260000
421010341004003,1178,Fox Chase,,63,32,4260000
421010341004004,1178,Fox Chase,,10,11,4260000
421010341004005,1178,Fox Chase,,2,2,4260000
421010341004006,1178,Fox Chase,,0,1,4260000
421010341004007,1178,Fox Chase,,0,0,4260000
421010341004008,1178,Fox Chase,,19,20,4260000
421010341004009,1178,Fox Chase,,122,71,4260000
421010341004010,1178,Fox Chase,,62,27,4260000
421010341004011,1178,Fox Chase,,71,28,4260000
421010341004012,1178,Fox Chase,,64,24,4260000
421010341004013,1178,Fox Chase,,82,33,4260000
421010341004014,1178,Fox Chase,,73,41,4260000
421010341004015,1178,Fox Chase,,0,0,4260000
421010341005000,1178,Fox Chase,,183,81,4260000
421010341005001,1178,Fox Chase,,69,25,4260000
421010341005002,1178,Fox Chase,,92,35,4260000
421010341005003,1178,Fox Chase,,83,54,4260000
421010341005004,1178,Fox Chase,,107,33,4260000
421010341005005,1178,Fox Chase,,69,23,4260000
421010341005006,1178,Fox Chase,,119,43,4260000
421010341005007,1178,Fox Chase,,93,39,4260000
421010341005008,1178,Fox Chase,,61,16,4260000
421010341005009,1178,Fox Chase,,73,33,4260000
421010341005010,1178,Fox Chase,,14,8,4260000
421010341005011,1178,Fox Chase,,73,25,4260000
421010341006000,1178,Fox Chase,,35,25,4260000
421010341006001,1178,Fox Chase,,179,98,4260000
421010341006002,1178,Fox Chase,,86,37,4260000
421010341006003,1178,Fox Chase,,33,15,4260000
421010341006004,1178,Fox Chase,,79,35,4260000
421010341006005,1178,Fox Chase,,74,37,4260000
421010341006006,1178,Fox Chase,,81,40,4260000
421010341006007,1178,Fox Chase,,87,33,4260000
421010341006008,1178,Fox Chase,,138,101,4260000
421010341006009,1178,Fox Chase,,42,23,4260000
421010341006010,1178,Fox Chase,,58,24,4260000
421010342001000,1178,Fox Chase,,199,123,4260000
421010342001001,1178,Fox Chase,,96,54,4260000
421010342001002,1178,Fox Chase,,118,77,4260000
421010342001003,1178,Fox Chase,,142,88,4260000
421010342001004,1178,Fox Chase,,152,75,4260000
421010342001005,1178,Fox Chase,,223,80,4260000
421010342001006,1178,Fox Chase,,249,77,4260000
421010342001007,1178,Fox Chase,,0,0,4260000
421010342001008,1178,Fox Chase,,1,1,4260000
421010342001009,1178,Fox Chase,,91,34,4260000
421010342001010,1178,Fox Chase,,145,55,4260000
421010342002000,1178,Fox Chase,,560,355,4260000
421010342002001,1178,Fox Chase,,96,56,4260000
421010342002002,1178,Fox Chase,,0,0,4260000
421010342002003,1178,Fox Chase,,3,3,4260000
421010342002004,1178,Fox Chase,,0,0,4260000
421010342002005,1178,Fox Chase,,0,0,4260000
421010342002006,1178,Fox Chase,,147,114,4260000
421010342002007,1178,Fox Chase,,254,101,4260000
421010342002008,1178,Fox Chase,,2,1,4260000
421010342002009,1178,Fox Chase,,52,36,4260000
421010342002010,1178,Fox Chase,,49,27,4260000
421010342002011,1178,Fox Chase,,95,11,4260000
421010342002012,1178,Fox Chase,,102,40,4260000
421010342002013,1178,Fox Chase,,211,84,4260000
421010342002014,1178,Fox Chase,,34,15,4260000
421010342002015,1178,Fox Chase,,36,19,4260000
421010342002016,1178,Fox Chase,,342,139,4260000
421010342002017,1178,Fox Chase,,0,0,4260000
421010307001000,1179,Burholme,,28,19,4260000
421010307001001,1179,Burholme,,57,18,4260000
421010307001002,1179,Burholme,,118,78,4260000
421010307001003,1179,Burholme,,280,211,4260000
421010307001004,1179,Burholme,,54,19,4260000
421010307001005,1179,Burholme,,75,29,4260000
421010307001006,1179,Burholme,,259,159,4260000
421010307001007,1179,Burholme,,91,33,4260000
421010307001008,1179,Burholme,,94,37,4260000
421010307002000,1179,Burholme,,0,1,4260000
421010307003000,1179,Burholme,,0,0,4260000
421010307003001,1179,Burholme,,414,236,4260000
421010307003002,1179,Burholme,,150,58,4260000
421010307003003,1179,Burholme,,44,15,4260000
421010307003004,1179,Burholme,,53,15,4260000
421010307003005,1179,Burholme,,0,0,4260000
421010307003006,1179,Burholme,,78,31,4260000
421010307003007,1179,Burholme,,96,35,4260000
421010307003008,1179,Burholme,,52,19,4260000
421010307003009,1179,Burholme,,0,0,4260000
421010307003010,1179,Burholme,,235,93,4260000
421010338005013,1179,Burholme,,1,1,4260000
421010338005014,1179,Burholme,,8,4,4260000
421010339002001,1179,Burholme,,466,196,4260000
421010339002003,1179,Burholme,,107,57,4260000
421010339002008,1179,Burholme,,137,50,4260000
421010339002009,1179,Burholme,,72,29,4260000
421010339002010,1179,Burholme,,124,52,4260000
421010339003003,1179,Burholme,,77,28,4260000
421010339003006,1179,Burholme,,90,30,4260000
421010339003007,1179,Burholme,,0,0,4260000
421010308001000,1180,Oxford Circle,,64,42,4260000
421010308001001,1180,Oxford Circle,,121,41,4260000
421010308001002,1180,Oxford Circle,,90,37,4260000
421010308001003,1180,Oxford Circle,,97,36,4260000
421010308001004,1180,Oxford Circle,,100,40,4260000
421010308001005,1180,Oxford Circle,,101,41,4260000
421010308001006,1180,Oxford Circle,,97,47,4260000
421010308002000,1180,Oxford Circle,,132,48,4260000
421010308002001,1180,Oxford Circle,,158,55,4260000
421010308002002,1180,Oxford Circle,,204,73,4260000
421010308002003,1180,Oxford Circle,,183,69,4260000
421010308002004,1180,Oxford Circle,,154,46,4260000
421010308002005,1180,Oxford Circle,,123,67,4260000
421010308002006,1180,Oxford Circle,,144,62,4260000
421010308003000,1180,Oxford Circle,,0,0,4260000
421010308003001,1180,Oxford Circle,,116,41,4260000
421010308003002,1180,Oxford Circle,,132,41,4260000
421010308003003,1180,Oxford Circle,,118,40,4260000
421010308003004,1180,Oxford Circle,,161,57,4260000
421010308003005,1180,Oxford Circle,,100,44,4260000
421010308003006,1180,Oxford Circle,,119,40,4260000
421010308003007,1180,Oxford Circle,,73,27,4260000
421010308003008,1180,Oxford Circle,,36,16,4260000
421010308003009,1180,Oxford Circle,,133,50,4260000
421010308003010,1180,Oxford Circle,,141,53,4260000
421010308003011,1180,Oxford Circle,,182,55,4260000
421010308003012,1180,Oxford Circle,,149,51,4260000
421010308003013,1180,Oxford Circle,,159,52,4260000
421010308003014,1180,Oxford Circle,,152,80,4260000
421010308004000,1180,Oxford Circle,,104,44,4260000
421010308004001,1180,Oxford Circle,,122,46,4260000
421010308004002,1180,Oxford Circle,,144,46,4260000
421010308004003,1180,Oxford Circle,,142,41,4260000
421010308004004,1180,Oxford Circle,,87,28,4260000
421010308004005,1180,Oxford Circle,,23,9,4260000
421010308004006,1180,Oxford Circle,,136,42,4260000
421010308004007,1180,Oxford Circle,,115,39,4260000
421010308004008,1180,Oxford Circle,,48,20,4260000
421010308004009,1180,Oxford Circle,,70,20,4260000
421010308004010,1180,Oxford Circle,,128,41,4260000
421010308004011,1180,Oxford Circle,,62,19,4260000
421010308004012,1180,Oxford Circle,,68,19,4260000
421010308004013,1180,Oxford Circle,,86,33,4260000
421010309001000,1180,Oxford Circle,,110,32,4260000
421010309001001,1180,Oxford Circle,,42,19,4260000
421010309001002,1180,Oxford Circle,,43,19,4260000
421010309001003,1180,Oxford Circle,,78,28,4260000
421010309001004,1180,Oxford Circle,,113,65,4260000
421010309001005,1180,Oxford Circle,,157,74,4260000
421010309001006,1180,Oxford Circle,,132,42,4260000
421010309001007,1180,Oxford Circle,,125,48,4260000
421010309001008,1180,Oxford Circle,,139,50,4260000
421010309001009,1180,Oxford Circle,,219,66,4260000
421010309001010,1180,Oxford Circle,,261,80,4260000
421010309001011,1180,Oxford Circle,,250,86,4260000
421010309002000,1180,Oxford Circle,,160,54,4260000
421010309002001,1180,Oxford Circle,,164,52,4260000
421010309002002,1180,Oxford Circle,,156,52,4260000
421010309002003,1180,Oxford Circle,,147,51,4260000
421010309002004,1180,Oxford Circle,,176,53,4260000
421010309002005,1180,Oxford Circle,,193,59,4260000
421010309003000,1180,Oxford Circle,,834,342,4260000
421010309003001,1180,Oxford Circle,,124,38,4260000
421010309003002,1180,Oxford Circle,,130,39,4260000
421010309003003,1180,Oxford Circle,,201,78,4260000
421010309003004,1180,Oxford Circle,,0,0,4260000
421010309003005,1180,Oxford Circle,,37,16,4260000
421010309003006,1180,Oxford Circle,,0,0,4260000
421010310001000,1180,Oxford Circle,,0,0,4260000
421010310001001,1180,Oxford Circle,,155,50,4260000
421010310001002,1180,Oxford Circle,,96,38,4260000
421010310001003,1180,Oxford Circle,,86,32,4260000
421010310001004,1180,Oxford Circle,,73,27,4260000
421010310001005,1180,Oxford Circle,,137,44,4260000
421010310001006,1180,Oxford Circle,,158,51,4260000
421010310001007,1180,Oxford Circle,,89,31,4260000
421010310002000,1180,Oxford Circle,,83,35,4260000
421010310002001,1180,Oxford Circle,,121,41,4260000
421010310002002,1180,Oxford Circle,,53,21,4260000
421010310002003,1180,Oxford Circle,,148,56,4260000
421010310002004,1180,Oxford Circle,,132,45,4260000
421010310002005,1180,Oxford Circle,,108,39,4260000
421010310002006,1180,Oxford Circle,,140,44,4260000
421010310002007,1180,Oxford Circle,,101,47,4260000
421010310002008,1180,Oxford Circle,,96,36,4260000
421010310003000,1180,Oxford Circle,,86,32,4260000
421010310003001,1180,Oxford Circle,,96,25,4260000
421010310003002,1180,Oxford Circle,,69,24,4260000
421010310003003,1180,Oxford Circle,,58,26,4260000
421010310003004,1180,Oxford Circle,,27,14,4260000
421010310003005,1180,Oxford Circle,,79,27,4260000
421010310003006,1180,Oxford Circle,,86,28,4260000
421010310003007,1180,Oxford Circle,,49,18,4260000
421010310003008,1180,Oxford Circle,,37,15,4260000
421010310003009,1180,Oxford Circle,,89,26,4260000
421010310003010,1180,Oxford Circle,,94,24,4260000
421010310003011,1180,Oxford Circle,,33,11,4260000
421010310004000,1180,Oxford Circle,,146,51,4260000
421010310004001,1180,Oxford Circle,,43,17,4260000
421010310004002,1180,Oxford Circle,,158,61,4260000
421010310004003,1180,Oxford Circle,,235,83,4260000
421010310004004,1180,Oxford Circle,,269,84,4260000
421010310004005,1180,Oxford Circle,,173,48,4260000
421010310005000,1180,Oxford Circle,,127,43,4260000
421010310005001,1180,Oxford Circle,,141,42,4260000
421010310005002,1180,Oxford Circle,,154,44,4260000
421010310005003,1180,Oxford Circle,,138,42,4260000
421010310005004,1180,Oxford Circle,,112,26,4260000
421010310005005,1180,Oxford Circle,,231,73,4260000
421010310005006,1180,Oxford Circle,,208,69,4260000
421010310005007,1180,Oxford Circle,,152,59,4260000
421010310006000,1180,Oxford Circle,,145,46,4260000
421010310006001,1180,Oxford Circle,,0,0,4260000
421010310006002,1180,Oxford Circle,,97,36,4260000
421010310006003,1180,Oxford Circle,,144,65,4260000
421010310006004,1180,Oxford Circle,,136,44,4260000
421010310006005,1180,Oxford Circle,,73,22,4260000
421010310006006,1180,Oxford Circle,,97,29,4260000
421010310006007,1180,Oxford Circle,,103,29,4260000
421010310007000,1180,Oxford Circle,,254,100,4260000
421010310007001,1180,Oxford Circle,,140,40,4260000
421010310007002,1180,Oxford Circle,,167,44,4260000
421010310007003,1180,Oxford Circle,,130,44,4260000
421010310007004,1180,Oxford Circle,,127,45,4260000
421010310007005,1180,Oxford Circle,,110,48,4260000
421010310007006,1180,Oxford Circle,,104,35,4260000
421010310007007,1180,Oxford Circle,,62,19,4260000
421010311011000,1180,Oxford Circle,,223,76,4260000
421010311011001,1180,Oxford Circle,,232,75,4260000
421010311011002,1180,Oxford Circle,,212,71,4260000
421010311011003,1180,Oxford Circle,,212,63,4260000
421010311011004,1180,Oxford Circle,,0,0,4260000
421010311011005,1180,Oxford Circle,,137,43,4260000
421010311011006,1180,Oxford Circle,,150,52,4260000
421010311011007,1180,Oxford Circle,,121,48,4260000
421010311012000,1180,Oxford Circle,,135,48,4260000
421010311012001,1180,Oxford Circle,,92,33,4260000
421010311012002,1180,Oxford Circle,,65,31,4260000
421010311012003,1180,Oxford Circle,,37,15,4260000
421010311012004,1180,Oxford Circle,,165,57,4260000
421010311012005,1180,Oxford Circle,,93,33,4260000
421010311012006,1180,Oxford Circle,,0,0,4260000
421010311012007,1180,Oxford Circle,,123,46,4260000
421010311012008,1180,Oxford Circle,,40,19,4260000
421010311013000,1180,Oxford Circle,,21,10,4260000
421010311013001,1180,Oxford Circle,,0,0,4260000
421010311013002,1180,Oxford Circle,,189,62,4260000
421010311013003,1180,Oxford Circle,,138,54,4260000
421010311013004,1180,Oxford Circle,,53,21,4260000
421010311013005,1180,Oxford Circle,,73,35,4260000
421010311013006,1180,Oxford Circle,,99,43,4260000
421010311013007,1180,Oxford Circle,,235,81,4260000
421010311013008,1180,Oxford Circle,,230,82,4260000
421010311013009,1180,Oxford Circle,,100,44,4260000
421010311013010,1180,Oxford Circle,,110,42,4260000
421010311014000,1180,Oxford Circle,,182,68,4260000
421010311014001,1180,Oxford Circle,,226,67,4260000
421010311014002,1180,Oxford Circle,,191,60,4260000
421010311014003,1180,Oxford Circle,,201,67,4260000
421010311014004,1180,Oxford Circle,,214,68,4260000
421010311014005,1180,Oxford Circle,,220,65,4260000
421010311014006,1180,Oxford Circle,,188,60,4260000
421010311014007,1180,Oxford Circle,,191,54,4260000
421010311021000,1180,Oxford Circle,,56,19,4260000
421010311021001,1180,Oxford Circle,,103,34,4260000
421010311021002,1180,Oxford Circle,,0,0,4260000
421010311021003,1180,Oxford Circle,,190,60,4260000
421010311021004,1180,Oxford Circle,,212,61,4260000
421010311021005,1180,Oxford Circle,,198,59,4260000
421010311021006,1180,Oxford Circle,,144,58,4260000
421010311022000,1180,Oxford Circle,,139,50,4260000
421010311022001,1180,Oxford Circle,,181,60,4260000
421010311022002,1180,Oxford Circle,,146,60,4260000
421010311022003,1180,Oxford Circle,,187,60,4260000
421010311022004,1180,Oxford Circle,,157,62,4260000
421010311022005,1180,Oxford Circle,,0,0,4260000
421010311023000,1180,Oxford Circle,,180,60,4260000
421010311023001,1180,Oxford Circle,,193,63,4260000
421010311023002,1180,Oxford Circle,,110,41,4260000
421010311023003,1180,Oxford Circle,,191,61,4260000
421010311023004,1180,Oxford Circle,,211,64,4260000
421010311023005,1180,Oxford Circle,,158,61,4260000
421010311023006,1180,Oxford Circle,,81,30,4260000
421010311024000,1180,Oxford Circle,,144,52,4260000
421010311024001,1180,Oxford Circle,,110,40,4260000
421010311024002,1180,Oxford Circle,,118,40,4260000
421010311024003,1180,Oxford Circle,,152,55,4260000
421010311024004,1180,Oxford Circle,,160,51,4260000
421010311024005,1180,Oxford Circle,,149,48,4260000
421010311024006,1180,Oxford Circle,,173,56,4260000
421010311024007,1180,Oxford Circle,,166,50,4260000
421010311024008,1180,Oxford Circle,,132,46,4260000
421010311024009,1180,Oxford Circle,,141,42,4260000
421010311024010,1180,Oxford Circle,,183,62,4260000
421010312001000,1180,Oxford Circle,,228,72,4260000
421010312001001,1180,Oxford Circle,,201,71,4260000
421010312001002,1180,Oxford Circle,,243,76,4260000
421010312001003,1180,Oxford Circle,,214,71,4260000
421010312001004,1180,Oxford Circle,,177,71,4260000
421010312001005,1180,Oxford Circle,,190,69,4260000
421010312002000,1180,Oxford Circle,,208,68,4260000
421010312002001,1180,Oxford Circle,,224,76,4260000
421010312002002,1180,Oxford Circle,,200,64,4260000
421010312002003,1180,Oxford Circle,,247,86,4260000
421010312002004,1180,Oxford Circle,,90,35,4260000
421010312002005,1180,Oxford Circle,,100,34,4260000
421010312002006,1180,Oxford Circle,,111,36,4260000
421010312002007,1180,Oxford Circle,,122,95,4260000
421010312002008,1180,Oxford Circle,,151,58,4260000
421010312002009,1180,Oxford Circle,,53,22,4260000
421010312002010,1180,Oxford Circle,,162,57,4260000
421010312002011,1180,Oxford Circle,,168,58,4260000
421010312002012,1180,Oxford Circle,,108,33,4260000
421010312002013,1180,Oxford Circle,,0,0,4260000
421010312002014,1180,Oxford Circle,,0,0,4260000
421010312002015,1180,Oxford Circle,,51,29,4260000
421010312002016,1180,Oxford Circle,,0,0,4260000
421010312002017,1180,Oxford Circle,,0,0,4260000
421010312003000,1180,Oxford Circle,,234,89,4260000
421010312003001,1180,Oxford Circle,,214,81,4260000
421010312003002,1180,Oxford Circle,,185,64,4260000
421010312003003,1180,Oxford Circle,,162,52,4260000
421010312003004,1180,Oxford Circle,,4,2,4260000
421010312003005,1180,Oxford Circle,,0,0,4260000
421010312003006,1180,Oxford Circle,,0,0,4260000
421010312003007,1180,Oxford Circle,,0,0,4260000
421010312003008,1180,Oxford Circle,,4,1,4260000
421010312003009,1180,Oxford Circle,,1,1,4260000
421010312003010,1180,Oxford Circle,,0,0,4260000
421010312003011,1180,Oxford Circle,,149,40,4260000
421010312003012,1180,Oxford Circle,,149,45,4260000
421010312003013,1180,Oxford Circle,,142,56,4260000
421010312003014,1180,Oxford Circle,,181,86,4260000
421010312003015,1180,Oxford Circle,,0,0,4260000
421010312003016,1180,Oxford Circle,,0,0,4260000
421010312003017,1180,Oxford Circle,,0,0,4260000
421010312003018,1180,Oxford Circle,,0,0,4260000
421010313001000,1180,Oxford Circle,,157,67,4260000
421010313001001,1180,Oxford Circle,,188,56,4260000
421010313001002,1180,Oxford Circle,,77,32,4260000
421010313001003,1180,Oxford Circle,,99,29,4260000
421010313001004,1180,Oxford Circle,,168,55,4260000
421010313001005,1180,Oxford Circle,,188,56,4260000
421010313002000,1180,Oxford Circle,,0,0,4260000
421010313002001,1180,Oxford Circle,,184,70,4260000
421010313002002,1180,Oxford Circle,,171,63,4260000
421010313002003,1180,Oxford Circle,,172,57,4260000
421010313002004,1180,Oxford Circle,,10,1,4260000
421010313002005,1180,Oxford Circle,,0,0,4260000
421010313002006,1180,Oxford Circle,,0,0,4260000
421010313002007,1180,Oxford Circle,,0,0,4260000
421010313002008,1180,Oxford Circle,,9,4,4260000
421010313002009,1180,Oxford Circle,,97,36,4260000
421010313002010,1180,Oxford Circle,,248,77,4260000
421010313002011,1180,Oxford Circle,,206,78,4260000
421010313002012,1180,Oxford Circle,,283,99,4260000
421010313002013,1180,Oxford Circle,,61,27,4260000
421010313002014,1180,Oxford Circle,,0,0,4260000
421010313002015,1180,Oxford Circle,,0,0,4260000
421010313002016,1180,Oxford Circle,,0,0,4260000
421010313002017,1180,Oxford Circle,,52,20,4260000
421010313002018,1180,Oxford Circle,,4,4,4260000
421010313002019,1180,Oxford Circle,,0,0,4260000
421010313003000,1180,Oxford Circle,,138,64,4260000
421010313003001,1180,Oxford Circle,,150,54,4260000
421010313003002,1180,Oxford Circle,,178,56,4260000
421010313003003,1180,Oxford Circle,,0,0,4260000
421010313003004,1180,Oxford Circle,,187,54,4260000
421010313003005,1180,Oxford Circle,,78,23,4260000
421010313003006,1180,Oxford Circle,,90,36,4260000
421010313003007,1180,Oxford Circle,,0,0,4260000
421010313003008,1180,Oxford Circle,,194,56,4260000
421010313003009,1180,Oxford Circle,,107,29,4260000
421010313004000,1180,Oxford Circle,,116,41,4260000
421010313004001,1180,Oxford Circle,,201,68,4260000
421010313004002,1180,Oxford Circle,,157,54,4260000
421010313004003,1180,Oxford Circle,,310,128,4260000
421010313004004,1180,Oxford Circle,,71,36,4260000
421010313004005,1180,Oxford Circle,,179,77,4260000
421010313004006,1180,Oxford Circle,,194,64,4260000
421010313005000,1180,Oxford Circle,,189,56,4260000
421010313005001,1180,Oxford Circle,,198,57,4260000
421010313005002,1180,Oxford Circle,,113,42,4260000
421010313005003,1180,Oxford Circle,,135,43,4260000
421010313005004,1180,Oxford Circle,,195,54,4260000
421010313005005,1180,Oxford Circle,,166,56,4260000
421010313005006,1180,Oxford Circle,,150,54,4260000
421010313006000,1180,Oxford Circle,,172,60,4260000
421010313006001,1180,Oxford Circle,,197,60,4260000
421010313006002,1180,Oxford Circle,,189,62,4260000
421010313006003,1180,Oxford Circle,,163,54,4260000
421010313006004,1180,Oxford Circle,,192,57,4260000
421010313006005,1180,Oxford Circle,,162,58,4260000
421010314011000,1180,Oxford Circle,,116,33,4260000
421010314011001,1180,Oxford Circle,,258,82,4260000
421010314011002,1180,Oxford Circle,,226,80,4260000
421010314011003,1180,Oxford Circle,,164,61,4260000
421010314011004,1180,Oxford Circle,,148,56,4260000
421010314011005,1180,Oxford Circle,,174,56,4260000
421010314011006,1180,Oxford Circle,,172,60,4260000
421010314011007,1180,Oxford Circle,,171,76,4260000
421010314012000,1180,Oxford Circle,,197,59,4260000
421010314012001,1180,Oxford Circle,,163,56,4260000
421010314012002,1180,Oxford Circle,,176,61,4260000
421010314012003,1180,Oxford Circle,,209,60,4260000
421010314012004,1180,Oxford Circle,,79,28,4260000
421010314012005,1180,Oxford Circle,,205,66,4260000
421010314012006,1180,Oxford Circle,,198,55,4260000
421010314012007,1180,Oxford Circle,,165,57,4260000
421010314012008,1180,Oxford Circle,,0,0,4260000
421010314012009,1180,Oxford Circle,,160,51,4260000
421010314013000,1180,Oxford Circle,,191,75,4260000
421010314013001,1180,Oxford Circle,,170,65,4260000
421010314013002,1180,Oxford Circle,,142,43,4260000
421010314013003,1180,Oxford Circle,,129,43,4260000
421010314013004,1180,Oxford Circle,,108,36,4260000
421010314013005,1180,Oxford Circle,,149,50,4260000
421010314013006,1180,Oxford Circle,,189,57,4260000
421010314013007,1180,Oxford Circle,,133,38,4260000
421010314014000,1180,Oxford Circle,,166,46,4260000
421010314014001,1180,Oxford Circle,,111,41,4260000
421010314014002,1180,Oxford Circle,,182,59,4260000
421010314014003,1180,Oxford Circle,,178,65,4260000
421010314014004,1180,Oxford Circle,,209,60,4260000
421010314014005,1180,Oxford Circle,,166,57,4260000
421010314014006,1180,Oxford Circle,,195,59,4260000
421010314014007,1180,Oxford Circle,,153,47,4260000
421010314015000,1180,Oxford Circle,,99,43,4260000
421010314015001,1180,Oxford Circle,,171,61,4260000
421010314015002,1180,Oxford Circle,,175,56,4260000
421010314015003,1180,Oxford Circle,,109,42,4260000
421010314015004,1180,Oxford Circle,,95,35,4260000
421010314015005,1180,Oxford Circle,,43,16,4260000
421010314015006,1180,Oxford Circle,,80,27,4260000
421010314015007,1180,Oxford Circle,,178,55,4260000
421010314015008,1180,Oxford Circle,,162,49,4260000
421010314021000,1180,Oxford Circle,,275,80,4260000
421010314021001,1180,Oxford Circle,,232,75,4260000
421010314021002,1180,Oxford Circle,,49,20,4260000
421010314021003,1180,Oxford Circle,,0,0,4260000
421010314021006,1180,Oxford Circle,,0,0,4260000
421010314021007,1180,Oxford Circle,,117,41,4260000
421010314021008,1180,Oxford Circle,,120,37,4260000
421010314021009,1180,Oxford Circle,,106,35,4260000
421010314021012,1180,Oxford Circle,,85,28,4260000
421010314021013,1180,Oxford Circle,,71,28,4260000
421010314021014,1180,Oxford Circle,,159,47,4260000
421010314021015,1180,Oxford Circle,,116,40,4260000
421010314021016,1180,Oxford Circle,,140,45,4260000
421010314022000,1180,Oxford Circle,,225,74,4260000
421010314022001,1180,Oxford Circle,,215,69,4260000
421010314022002,1180,Oxford Circle,,214,68,4260000
421010314022003,1180,Oxford Circle,,215,73,4260000
421010314022004,1180,Oxford Circle,,212,74,4260000
421010314022005,1180,Oxford Circle,,220,68,4260000
421010314022006,1180,Oxford Circle,,150,57,4260000
421010314022007,1180,Oxford Circle,,232,74,4260000
421010314022008,1180,Oxford Circle,,0,0,4260000
421010314022012,1180,Oxford Circle,,0,0,4260000
421010314023000,1180,Oxford Circle,,144,58,4260000
421010314023001,1180,Oxford Circle,,108,39,4260000
421010314023002,1180,Oxford Circle,,240,77,4260000
421010314023003,1180,Oxford Circle,,226,78,4260000
421010314023004,1180,Oxford Circle,,200,66,4260000
421010314023005,1180,Oxford Circle,,133,60,4260000
421010314023006,1180,Oxford Circle,,171,59,4260000
421010314023007,1180,Oxford Circle,,131,56,4260000
421010314023008,1180,Oxford Circle,,151,59,4260000
421010314023009,1180,Oxford Circle,,128,60,4260000
421010314023010,1180,Oxford Circle,,168,59,4260000
421010314023011,1180,Oxford Circle,,231,67,4260000
421010314023012,1180,Oxford Circle,,196,67,4260000
421010314023013,1180,Oxford Circle,,215,70,4260000
421010317004000,1180,Oxford Circle,,0,0,4260000
421010317004002,1180,Oxford Circle,,0,0,4260000
421010318001000,1180,Oxford Circle,,0,0,4260000
421010390004006,1180,Oxford Circle,,0,0,4260000
421010390004007,1180,Oxford Circle,,0,0,4260000
421010390004008,1180,Oxford Circle,,0,0,4260000
421010292002000,1181,Summerdale,,0,0,4260000
421010292002001,1181,Summerdale,,15,8,4260000
421010292002002,1181,Summerdale,,0,0,4260000
421010292002003,1181,Summerdale,,0,1,4260000
421010292002009,1181,Summerdale,,0,0,4260000
421010292002029,1181,Summerdale,,0,0,4260000
421010292002030,1181,Summerdale,,0,0,4260000
421010292003000,1181,Summerdale,,0,0,4260000
421010292003001,1181,Summerdale,,0,0,4260000
421010292003005,1181,Summerdale,,0,0,4260000
421010292003017,1181,Summerdale,,0,0,4260000
421010292003018,1181,Summerdale,,1,1,4260000
421010292003019,1181,Summerdale,,0,0,4260000
421010292003020,1181,Summerdale,,1,1,4260000
421010390001026,1181,Summerdale,,40,10,4260000
421010390001027,1181,Summerdale,,66,35,4260000
421010390001028,1181,Summerdale,,201,80,4260000
421010390001029,1181,Summerdale,,127,39,4260000
421010390001030,1181,Summerdale,,232,87,4260000
421010390001031,1181,Summerdale,,58,27,4260000
421010390002000,1181,Summerdale,,139,56,4260000
421010390002001,1181,Summerdale,,165,58,4260000
421010390002002,1181,Summerdale,,197,63,4260000
421010390002003,1181,Summerdale,,171,58,4260000
421010390002004,1181,Summerdale,,189,63,4260000
421010390002005,1181,Summerdale,,184,59,4260000
421010390002006,1181,Summerdale,,208,61,4260000
421010390003000,1181,Summerdale,,0,0,4260000
421010390003001,1181,Summerdale,,110,27,4260000
421010390003002,1181,Summerdale,,128,52,4260000
421010390003003,1181,Summerdale,,154,48,4260000
421010390003004,1181,Summerdale,,156,53,4260000
421010390003005,1181,Summerdale,,178,58,4260000
421010390003006,1181,Summerdale,,178,59,4260000
421010390004000,1181,Summerdale,,196,72,4260000
421010390004001,1181,Summerdale,,202,69,4260000
421010390004002,1181,Summerdale,,156,55,4260000
421010390004003,1181,Summerdale,,0,0,4260000
421010390004004,1181,Summerdale,,0,0,4260000
421010390004005,1181,Summerdale,,20,0,4260000
421010390004010,1181,Summerdale,,161,51,4260000
421010390004011,1181,Summerdale,,132,44,4260000
421010390004018,1181,Summerdale,,0,0,4260000
421010390005000,1181,Summerdale,,214,64,4260000
421010390005001,1181,Summerdale,,183,62,4260000
421010390005002,1181,Summerdale,,226,85,4260000
421010390005003,1181,Summerdale,,223,64,4260000
421010390005004,1181,Summerdale,,139,49,4260000
421010390005005,1181,Summerdale,,33,13,4260000
421010390006011,1181,Summerdale,,0,0,4260000
421010390007000,1181,Summerdale,,193,56,4260000
421010390007001,1181,Summerdale,,105,52,4260000
421010390007002,1181,Summerdale,,207,67,4260000
421010390007003,1181,Summerdale,,147,49,4260000
421010390007004,1181,Summerdale,,207,73,4260000
421010390007005,1181,Summerdale,,206,67,4260000
421010390007006,1181,Summerdale,,193,60,4260000
421010390007007,1181,Summerdale,,95,38,4260000
421010390008000,1181,Summerdale,,212,70,4260000
421010390008001,1181,Summerdale,,185,69,4260000
421010390008002,1181,Summerdale,,247,69,4260000
421010390008003,1181,Summerdale,,223,65,4260000
421010390008004,1181,Summerdale,,84,37,4260000
421010390008005,1181,Summerdale,,41,22,4260000
421010390008006,1181,Summerdale,,95,27,4260000
421010390008007,1181,Summerdale,,13,6,4260000
421010291001007,1182,Crescentville,,0,0,4260000
421010291001008,1182,Crescentville,,0,0,4260000
421010291001010,1182,Crescentville,,0,0,4260000
421010292002004,1182,Crescentville,,0,0,4260000
421010292002005,1182,Crescentville,,0,0,4260000
421010292002007,1182,Crescentville,,0,0,4260000
421010390001006,1182,Crescentville,,3,1,4260000
421010390001007,1182,Crescentville,,0,0,4260000
421010390001008,1182,Crescentville,,0,0,4260000
421010390001009,1182,Crescentville,,0,0,4260000
421010390001010,1182,Crescentville,,0,0,4260000
421010390001011,1182,Crescentville,,0,0,4260000
421010390001012,1182,Crescentville,,0,0,4260000
421010390001013,1182,Crescentville,,0,0,4260000
421010390001014,1182,Crescentville,,0,0,4260000
421010390001015,1182,Crescentville,,0,0,4260000
421010390001016,1182,Crescentville,,0,0,4260000
421010390001017,1182,Crescentville,,0,0,4260000
421010390001018,1182,Crescentville,,0,0,4260000
421010390001019,1182,Crescentville,,0,0,4260000
421010390001020,1182,Crescentville,,0,0,4260000
421010390001021,1182,Crescentville,,0,1,4260000
421010390001022,1182,Crescentville,,0,0,4260000
421010390001023,1182,Crescentville,,0,0,4260000
421010390001024,1182,Crescentville,,0,0,4260000
421010390001025,1182,Crescentville,,0,0,4260000
421010390006000,1182,Crescentville,,41,24,4260000
421010390006001,1182,Crescentville,,37,16,4260000
421010390006002,1182,Crescentville,,37,16,4260000
421010390006003,1182,Crescentville,,105,42,4260000
421010390006004,1182,Crescentville,,67,31,4260000
421010390006005,1182,Crescentville,,16,8,4260000
421010390006006,1182,Crescentville,,235,99,4260000
421010390006007,1182,Crescentville,,91,32,4260000
421010390006008,1182,Crescentville,,96,32,4260000
421010390006009,1182,Crescentville,,0,0,4260000
421010390006010,1182,Crescentville,,0,0,4260000
421010272002007,1183,Lawndale,,0,0,4260000
421010273001007,1183,Lawndale,,0,0,4260000
421010273001008,1183,Lawndale,,0,0,4260000
421010273001009,1183,Lawndale,,0,0,4260000
421010290001000,1183,Lawndale,,0,0,4260000
421010290001009,1183,Lawndale,,0,0,4260000
421010290002008,1183,Lawndale,,0,0,4260000
421010290002018,1183,Lawndale,,0,0,4260000
421010291001000,1183,Lawndale,,0,0,4260000
421010291001001,1183,Lawndale,,0,0,4260000
421010291001002,1183,Lawndale,,0,0,4260000
421010291001003,1183,Lawndale,,0,0,4260000
421010291001004,1183,Lawndale,,110,40,4260000
421010291001005,1183,Lawndale,,296,116,4260000
421010291001006,1183,Lawndale,,96,28,4260000
421010291001009,1183,Lawndale,,187,63,4260000
421010291001011,1183,Lawndale,,0,0,4260000
421010291002000,1183,Lawndale,,433,146,4260000
421010291002001,1183,Lawndale,,40,30,4260000
421010291002002,1183,Lawndale,,76,45,4260000
421010291002003,1183,Lawndale,,21,13,4260000
421010291002004,1183,Lawndale,,145,56,4260000
421010291002005,1183,Lawndale,,78,34,4260000
421010291002006,1183,Lawndale,,449,128,4260000
421010291002007,1183,Lawndale,,346,111,4260000
421010291002008,1183,Lawndale,,183,67,4260000
421010291002009,1183,Lawndale,,0,0,4260000
421010291003000,1183,Lawndale,,0,0,4260000
421010291003001,1183,Lawndale,,116,46,4260000
421010291003002,1183,Lawndale,,92,29,4260000
421010291003003,1183,Lawndale,,0,0,4260000
421010291003004,1183,Lawndale,,0,0,4260000
421010291003005,1183,Lawndale,,113,45,4260000
421010291003006,1183,Lawndale,,127,56,4260000
421010291003007,1183,Lawndale,,104,35,4260000
421010291003008,1183,Lawndale,,0,0,4260000
421010291003009,1183,Lawndale,,137,42,4260000
421010291003010,1183,Lawndale,,80,20,4260000
421010291003011,1183,Lawndale,,0,0,4260000
421010291003012,1183,Lawndale,,0,0,4260000
421010291003013,1183,Lawndale,,227,69,4260000
421010291003014,1183,Lawndale,,273,88,4260000
421010291003015,1183,Lawndale,,55,22,4260000
421010291003016,1183,Lawndale,,0,0,4260000
421010291004000,1183,Lawndale,,227,68,4260000
421010291004001,1183,Lawndale,,142,50,4260000
421010291004002,1183,Lawndale,,281,90,4260000
421010291004003,1183,Lawndale,,0,0,4260000
421010291004004,1183,Lawndale,,251,82,4260000
421010291004005,1183,Lawndale,,0,0,4260000
421010291004006,1183,Lawndale,,0,0,4260000
421010291004007,1183,Lawndale,,0,0,4260000
421010305011000,1183,Lawndale,,134,54,4260000
421010305011001,1183,Lawndale,,8,5,4260000
421010305011002,1183,Lawndale,,52,19,4260000
421010305011003,1183,Lawndale,,95,48,4260000
421010305011004,1183,Lawndale,,174,76,4260000
421010305011005,1183,Lawndale,,112,48,4260000
421010305011006,1183,Lawndale,,116,43,4260000
421010305011007,1183,Lawndale,,174,60,4260000
421010305011008,1183,Lawndale,,237,107,4260000
421010305011009,1183,Lawndale,,167,70,4260000
421010305012000,1183,Lawndale,,199,62,4260000
421010305012001,1183,Lawndale,,166,56,4260000
421010305012002,1183,Lawndale,,174,59,4260000
421010305012003,1183,Lawndale,,139,58,4260000
421010305012004,1183,Lawndale,,164,55,4260000
421010305012005,1183,Lawndale,,157,58,4260000
421010305012006,1183,Lawndale,,138,52,4260000
421010305012007,1183,Lawndale,,124,56,4260000
421010305012008,1183,Lawndale,,178,55,4260000
421010305012009,1183,Lawndale,,170,62,4260000
421010305012010,1183,Lawndale,,163,61,4260000
421010305013000,1183,Lawndale,,169,67,4260000
421010305013001,1183,Lawndale,,169,69,4260000
421010305013002,1183,Lawndale,,187,69,4260000
421010305013003,1183,Lawndale,,168,62,4260000
421010305013004,1183,Lawndale,,251,80,4260000
421010305013005,1183,Lawndale,,258,81,4260000
421010305013006,1183,Lawndale,,225,74,4260000
421010305013007,1183,Lawndale,,213,70,4260000
421010305013008,1183,Lawndale,,184,66,4260000
421010305013009,1183,Lawndale,,218,65,4260000
421010305013010,1183,Lawndale,,148,51,4260000
421010305021000,1183,Lawndale,,104,39,4260000
421010305021001,1183,Lawndale,,104,39,4260000
421010305021002,1183,Lawndale,,112,41,4260000
421010305021003,1183,Lawndale,,40,14,4260000
421010305021004,1183,Lawndale,,0,0,4260000
421010305021005,1183,Lawndale,,68,20,4260000
421010305021006,1183,Lawndale,,124,39,4260000
421010305021007,1183,Lawndale,,202,72,4260000
421010305021008,1183,Lawndale,,255,80,4260000
421010305021009,1183,Lawndale,,221,77,4260000
421010305022000,1183,Lawndale,,190,64,4260000
421010305022001,1183,Lawndale,,147,55,4260000
421010305022002,1183,Lawndale,,194,68,4260000
421010305022003,1183,Lawndale,,172,58,4260000
421010305022004,1183,Lawndale,,95,47,4260000
421010305022005,1183,Lawndale,,165,54,4260000
421010305022006,1183,Lawndale,,184,58,4260000
421010305022007,1183,Lawndale,,222,73,4260000
421010305023000,1183,Lawndale,,63,24,4260000
421010305023001,1183,Lawndale,,97,46,4260000
421010305023002,1183,Lawndale,,155,49,4260000
421010305023003,1183,Lawndale,,100,38,4260000
421010305023004,1183,Lawndale,,104,35,4260000
421010305023005,1183,Lawndale,,87,31,4260000
421010305023006,1183,Lawndale,,91,40,4260000
421010305023007,1183,Lawndale,,159,58,4260000
421010305023008,1183,Lawndale,,169,71,4260000
421010305024000,1183,Lawndale,,137,43,4260000
421010305024001,1183,Lawndale,,92,35,4260000
421010305024002,1183,Lawndale,,113,48,4260000
421010305024003,1183,Lawndale,,197,65,4260000
421010305024004,1183,Lawndale,,153,51,4260000
421010305024005,1183,Lawndale,,49,17,4260000
421010305024006,1183,Lawndale,,143,43,4260000
421010305024007,1183,Lawndale,,92,38,4260000
421010305024008,1183,Lawndale,,216,74,4260000
421010305024009,1183,Lawndale,,168,58,4260000
421010305024010,1183,Lawndale,,90,35,4260000
421010305025000,1183,Lawndale,,83,27,4260000
421010305025001,1183,Lawndale,,66,30,4260000
421010305025002,1183,Lawndale,,129,36,4260000
421010305025003,1183,Lawndale,,95,37,4260000
421010305025004,1183,Lawndale,,90,36,4260000
421010305025005,1183,Lawndale,,97,29,4260000
421010305025006,1183,Lawndale,,60,28,4260000
421010305025007,1183,Lawndale,,0,0,4260000
421010305025008,1183,Lawndale,,145,57,4260000
421010306001000,1183,Lawndale,,332,156,4260000
421010306001001,1183,Lawndale,,122,48,4260000
421010306001002,1183,Lawndale,,114,43,4260000
421010306001003,1183,Lawndale,,869,380,4260000
421010306001004,1183,Lawndale,,123,43,4260000
421010306001005,1183,Lawndale,,103,39,4260000
421010306001006,1183,Lawndale,,7,5,4260000
421010306002000,1183,Lawndale,,85,30,4260000
421010306002001,1183,Lawndale,,70,23,4260000
421010306002002,1183,Lawndale,,170,61,4260000
421010306002003,1183,Lawndale,,138,54,4260000
421010306002004,1183,Lawndale,,64,26,4260000
421010306002005,1183,Lawndale,,187,62,4260000
421010306002006,1183,Lawndale,,74,31,4260000
421010306003000,1183,Lawndale,,101,41,4260000
421010306003001,1183,Lawndale,,140,54,4260000
421010306003002,1183,Lawndale,,133,51,4260000
421010306003003,1183,Lawndale,,142,50,4260000
421010306003004,1183,Lawndale,,55,24,4260000
421010306003005,1183,Lawndale,,0,0,4260000
421010306003006,1183,Lawndale,,96,32,4260000
421010306003007,1183,Lawndale,,90,42,4260000
421010306004000,1183,Lawndale,,72,36,4260000
421010306004001,1183,Lawndale,,107,39,4260000
421010306004002,1183,Lawndale,,100,39,4260000
421010306004003,1183,Lawndale,,99,34,4260000
421010306004004,1183,Lawndale,,44,15,4260000
421010306004005,1183,Lawndale,,106,44,4260000
421010306004006,1183,Lawndale,,48,15,4260000
421010306004007,1183,Lawndale,,197,62,4260000
421010306004008,1183,Lawndale,,175,61,4260000
421010306005000,1183,Lawndale,,73,47,4260000
421010306005001,1183,Lawndale,,23,9,4260000
421010306005002,1183,Lawndale,,73,34,4260000
421010306005003,1183,Lawndale,,94,53,4260000
421010306005004,1183,Lawndale,,74,26,4260000
421010306005005,1183,Lawndale,,178,61,4260000
421010306005006,1183,Lawndale,,211,85,4260000
421010306006000,1183,Lawndale,,91,54,4260000
421010306006001,1183,Lawndale,,72,29,4260000
421010306006002,1183,Lawndale,,107,39,4260000
421010306006003,1183,Lawndale,,108,31,4260000
421010306006004,1183,Lawndale,,114,38,4260000
421010306006005,1183,Lawndale,,0,0,4260000
421010306006006,1183,Lawndale,,17,5,4260000
421010306006007,1183,Lawndale,,0,0,4260000
421010306006008,1183,Lawndale,,159,66,4260000
421010306006009,1183,Lawndale,,0,0,4260000
421010306006010,1183,Lawndale,,108,37,4260000
421010306006011,1183,Lawndale,,97,30,4260000
421010306006012,1183,Lawndale,,78,29,4260000
421010306007000,1183,Lawndale,,23,24,4260000
421010306007001,1183,Lawndale,,84,32,4260000
421010306007002,1183,Lawndale,,73,22,4260000
421010306007003,1183,Lawndale,,112,45,4260000
421010306007004,1183,Lawndale,,91,43,4260000
421010306007005,1183,Lawndale,,100,53,4260000
421010306007006,1183,Lawndale,,121,56,4260000
421010306007007,1183,Lawndale,,39,20,4260000
421010306007008,1183,Lawndale,,0,0,4260000
421010306007009,1183,Lawndale,,99,40,4260000
421010306007010,1183,Lawndale,,58,23,4260000
421010306007011,1183,Lawndale,,1,2,4260000
421010306007012,1183,Lawndale,,85,36,4260000
421010306007013,1183,Lawndale,,29,10,4260000
421010306007014,1183,Lawndale,,119,50,4260000
421010306007015,1183,Lawndale,,133,49,4260000
421010306007016,1183,Lawndale,,108,54,4260000
421010307002001,1183,Lawndale,,75,32,4260000
421010307002002,1183,Lawndale,,75,27,4260000
421010307002003,1183,Lawndale,,57,27,4260000
421010307002004,1183,Lawndale,,106,50,4260000
421010307002005,1183,Lawndale,,47,19,4260000
421010307002006,1183,Lawndale,,131,28,4260000
421010307002007,1183,Lawndale,,87,43,4260000
421010307002008,1183,Lawndale,,69,31,4260000
421010307002009,1183,Lawndale,,64,24,4260000
421010307003011,1183,Lawndale,,134,40,4260000
421010307003012,1183,Lawndale,,79,31,4260000
421010307003013,1183,Lawndale,,133,60,4260000
421010390001000,1183,Lawndale,,18,15,4260000
421010390001001,1183,Lawndale,,30,14,4260000
421010390001002,1183,Lawndale,,0,0,4260000
421010390001003,1183,Lawndale,,128,38,4260000
421010390001004,1183,Lawndale,,31,10,4260000
421010390001005,1183,Lawndale,,0,0,4260000
421010190003000,1184,Northwood,,0,0,4260000
421010191004000,1184,Northwood,,0,0,4260000
421010191004014,1184,Northwood,,0,0,4260000
421010289021012,1184,Northwood,,0,0,4260000
421010289022000,1184,Northwood,,0,0,4260000
421010292001000,1184,Northwood,,0,0,4260000
421010292001001,1184,Northwood,,0,0,4260000
421010292001002,1184,Northwood,,0,0,4260000
421010292001003,1184,Northwood,,143,49,4260000
421010292001004,1184,Northwood,,110,36,4260000
421010292001005,1184,Northwood,,0,0,4260000
421010292001006,1184,Northwood,,38,16,4260000
421010292001007,1184,Northwood,,0,0,4260000
421010292001008,1184,Northwood,,0,0,4260000
421010292001009,1184,Northwood,,8,4,4260000
421010292001010,1184,Northwood,,40,24,4260000
421010292001011,1184,Northwood,,185,89,4260000
421010292001012,1184,Northwood,,0,0,4260000
421010292001013,1184,Northwood,,244,80,4260000
421010292001014,1184,Northwood,,136,46,4260000
421010292001015,1184,Northwood,,245,83,4260000
421010292001016,1184,Northwood,,185,65,4260000
421010292001017,1184,Northwood,,245,79,4260000
421010292001018,1184,Northwood,,0,0,4260000
421010292001019,1184,Northwood,,0,0,4260000
421010292001020,1184,Northwood,,133,47,4260000
421010292001021,1184,Northwood,,232,72,4260000
421010292001022,1184,Northwood,,138,46,4260000
421010292002006,1184,Northwood,,0,0,4260000
421010292002008,1184,Northwood,,0,0,4260000
421010292002010,1184,Northwood,,0,0,4260000
421010292002011,1184,Northwood,,0,0,4260000
421010292002012,1184,Northwood,,84,25,4260000
421010292002013,1184,Northwood,,94,39,4260000
421010292002014,1184,Northwood,,0,0,4260000
421010292002015,1184,Northwood,,0,0,4260000
421010292002016,1184,Northwood,,0,0,4260000
421010292002017,1184,Northwood,,0,0,4260000
421010292002018,1184,Northwood,,0,0,4260000
421010292002019,1184,Northwood,,0,0,4260000
421010292002020,1184,Northwood,,0,0,4260000
421010292002021,1184,Northwood,,663,191,4260000
421010292002022,1184,Northwood,,0,0,4260000
421010292002023,1184,Northwood,,0,0,4260000
421010292002024,1184,Northwood,,0,0,4260000
421010292002025,1184,Northwood,,0,0,4260000
421010292002026,1184,Northwood,,0,0,4260000
421010292002027,1184,Northwood,,0,0,4260000
421010292002028,1184,Northwood,,0,0,4260000
421010292002031,1184,Northwood,,0,0,4260000
421010292002032,1184,Northwood,,100,41,4260000
421010292002033,1184,Northwood,,98,35,4260000
421010292002034,1184,Northwood,,48,12,4260000
421010292002035,1184,Northwood,,0,0,4260000
421010292002036,1184,Northwood,,0,0,4260000
421010292002037,1184,Northwood,,0,0,4260000
421010292002038,1184,Northwood,,137,44,4260000
421010292002039,1184,Northwood,,12,4,4260000
421010292002040,1184,Northwood,,0,0,4260000
421010292003006,1184,Northwood,,0,0,4260000
421010292003007,1184,Northwood,,0,0,4260000
421010292003011,1184,Northwood,,191,74,4260000
421010292003012,1184,Northwood,,0,0,4260000
421010292003013,1184,Northwood,,0,0,4260000
421010292003014,1184,Northwood,,0,0,4260000
421010292003015,1184,Northwood,,0,0,4260000
421010292003016,1184,Northwood,,0,0,4260000
421010292003021,1184,Northwood,,59,20,4260000
421010292003022,1184,Northwood,,93,42,4260000
421010292003023,1184,Northwood,,148,44,4260000
421010292003024,1184,Northwood,,94,44,4260000
421010292003025,1184,Northwood,,99,36,4260000
421010292003026,1184,Northwood,,47,23,4260000
421010292003027,1184,Northwood,,14,8,4260000
421010293001000,1184,Northwood,,0,0,4260000
421010293001001,1184,Northwood,,3,1,4260000
421010293001002,1184,Northwood,,0,0,4260000
421010293001003,1184,Northwood,,0,0,4260000
421010293001006,1184,Northwood,,33,13,4260000
421010293001007,1184,Northwood,,33,14,4260000
421010301003000,1184,Northwood,,157,59,4260000
421010301003001,1184,Northwood,,180,68,4260000
421010301003002,1184,Northwood,,54,40,4260000
421010301003003,1184,Northwood,,99,40,4260000
421010301003004,1184,Northwood,,71,30,4260000
421010301003005,1184,Northwood,,241,72,4260000
421010301004000,1184,Northwood,,0,0,4260000
421010301004001,1184,Northwood,,148,61,4260000
421010301004002,1184,Northwood,,49,30,4260000
421010301004003,1184,Northwood,,67,23,4260000
421010301004004,1184,Northwood,,72,23,4260000
421010301004005,1184,Northwood,,135,40,4260000
421010301004006,1184,Northwood,,132,47,4260000
421010301004007,1184,Northwood,,177,61,4260000
421010301004008,1184,Northwood,,68,34,4260000
421010301004009,1184,Northwood,,0,0,4260000
421010301005000,1184,Northwood,,66,20,4260000
421010301005001,1184,Northwood,,42,17,4260000
421010301005002,1184,Northwood,,50,23,4260000
421010301005003,1184,Northwood,,65,22,4260000
421010301005004,1184,Northwood,,2,1,4260000
421010301005005,1184,Northwood,,0,0,4260000
421010301005006,1184,Northwood,,89,35,4260000
421010301005007,1184,Northwood,,90,27,4260000
421010301005008,1184,Northwood,,126,42,4260000
421010301005009,1184,Northwood,,111,38,4260000
421010301005010,1184,Northwood,,147,49,4260000
421010301005011,1184,Northwood,,133,53,4260000
421010301005012,1184,Northwood,,114,42,4260000
421010301005013,1184,Northwood,,129,33,4260000
421010301005014,1184,Northwood,,93,29,4260000
421010301005015,1184,Northwood,,115,39,4260000
421010302003000,1184,Northwood,,205,69,4260000
421010302003001,1184,Northwood,,199,72,4260000
421010302003005,1184,Northwood,,195,68,4260000
421010302003006,1184,Northwood,,18,1,4260000
421010302003007,1184,Northwood,,127,42,4260000
421010302003008,1184,Northwood,,0,0,4260000
421010302003009,1184,Northwood,,46,14,4260000
421010302003010,1184,Northwood,,106,33,4260000
421010302004000,1184,Northwood,,68,18,4260000
421010302004001,1184,Northwood,,47,18,4260000
421010302004002,1184,Northwood,,69,22,4260000
421010302004003,1184,Northwood,,48,15,4260000
421010302004004,1184,Northwood,,0,0,4260000
421010302004005,1184,Northwood,,378,157,4260000
421010302004006,1184,Northwood,,0,0,4260000
421010302004007,1184,Northwood,,91,29,4260000
421010302004008,1184,Northwood,,0,0,4260000
421010302004009,1184,Northwood,,45,11,4260000
421010302004010,1184,Northwood,,49,15,4260000
421010302004011,1184,Northwood,,34,11,4260000
421010302004012,1184,Northwood,,0,0,4260000
421010302004013,1184,Northwood,,142,44,4260000
421010302004014,1184,Northwood,,0,0,4260000
421010302004015,1184,Northwood,,0,0,4260000
421010302004016,1184,Northwood,,44,16,4260000
421010302004017,1184,Northwood,,94,30,4260000
421010184002000,1189,Wissinoming,,0,0,4260000
421010298001000,1189,Wissinoming,,171,58,4260000
421010298001001,1189,Wissinoming,,155,63,4260000
421010298001002,1189,Wissinoming,,153,61,4260000
421010298001003,1189,Wissinoming,,139,58,4260000
421010298001004,1189,Wissinoming,,55,29,4260000
421010298001005,1189,Wissinoming,,1,1,4260000
421010298001006,1189,Wissinoming,,70,30,4260000
421010298001007,1189,Wissinoming,,57,26,4260000
421010298001008,1189,Wissinoming,,241,77,4260000
421010298002000,1189,Wissinoming,,7,0,4260000
421010298002001,1189,Wissinoming,,77,34,4260000
421010298002002,1189,Wissinoming,,85,35,4260000
421010298002003,1189,Wissinoming,,125,52,4260000
421010298002004,1189,Wissinoming,,127,53,4260000
421010298002005,1189,Wissinoming,,129,51,4260000
421010298002006,1189,Wissinoming,,136,44,4260000
421010298002007,1189,Wissinoming,,124,45,4260000
421010298002008,1189,Wissinoming,,116,51,4260000
421010298002009,1189,Wissinoming,,129,51,4260000
421010298003000,1189,Wissinoming,,89,48,4260000
421010298003001,1189,Wissinoming,,133,49,4260000
421010298003002,1189,Wissinoming,,30,14,4260000
421010298003003,1189,Wissinoming,,84,36,4260000
421010298003004,1189,Wissinoming,,78,45,4260000
421010298003005,1189,Wissinoming,,0,0,4260000
421010298003006,1189,Wissinoming,,41,25,4260000
421010298003007,1189,Wissinoming,,137,39,4260000
421010298003008,1189,Wissinoming,,98,40,4260000
421010298003009,1189,Wissinoming,,6,4,4260000
421010298003010,1189,Wissinoming,,49,24,4260000
421010298004000,1189,Wissinoming,,5,3,4260000
421010298004001,1189,Wissinoming,,3,1,4260000
421010298004002,1189,Wissinoming,,0,0,4260000
421010298004003,1189,Wissinoming,,0,0,4260000
421010298004004,1189,Wissinoming,,0,0,4260000
421010298004005,1189,Wissinoming,,0,0,4260000
421010298004006,1189,Wissinoming,,0,0,4260000
421010298004007,1189,Wissinoming,,140,49,4260000
421010298004008,1189,Wissinoming,,56,28,4260000
421010298004009,1189,Wissinoming,,56,28,4260000
421010298004010,1189,Wissinoming,,85,47,4260000
421010298004011,1189,Wissinoming,,80,35,4260000
421010298004012,1189,Wissinoming,,66,34,4260000
421010298004013,1189,Wissinoming,,0,0,4260000
421010298004014,1189,Wissinoming,,72,30,4260000
421010298004015,1189,Wissinoming,,82,28,4260000
421010298004016,1189,Wissinoming,,95,35,4260000
421010298004017,1189,Wissinoming,,71,28,4260000
421010298004018,1189,Wissinoming,,104,41,4260000
421010298004019,1189,Wissinoming,,4,2,4260000
421010298004020,1189,Wissinoming,,130,51,4260000
421010298004021,1189,Wissinoming,,0,0,4260000
421010298005000,1189,Wissinoming,,70,38,4260000
421010298005001,1189,Wissinoming,,105,48,4260000
421010298005002,1189,Wissinoming,,49,20,4260000
421010298005003,1189,Wissinoming,,93,41,4260000
421010298005004,1189,Wissinoming,,120,48,4260000
421010298005005,1189,Wissinoming,,114,44,4260000
421010298005006,1189,Wissinoming,,91,43,4260000
421010298005007,1189,Wissinoming,,155,57,4260000
421010298005008,1189,Wissinoming,,27,12,4260000
421010298005009,1189,Wissinoming,,0,0,4260000
421010300001000,1189,Wissinoming,,404,150,4260000
421010300001001,1189,Wissinoming,,77,30,4260000
421010300001002,1189,Wissinoming,,158,58,4260000
421010300002000,1189,Wissinoming,,121,39,4260000
421010300002001,1189,Wissinoming,,96,31,4260000
421010300002002,1189,Wissinoming,,192,58,4260000
421010300002003,1189,Wissinoming,,217,66,4260000
421010300004000,1189,Wissinoming,,63,25,4260000
421010300004003,1189,Wissinoming,,148,51,4260000
421010300004004,1189,Wissinoming,,125,51,4260000
421010300004005,1189,Wissinoming,,126,36,4260000
421010319001000,1189,Wissinoming,,54,21,4260000
421010319001001,1189,Wissinoming,,100,33,4260000
421010319001002,1189,Wissinoming,,81,29,4260000
421010319001003,1189,Wissinoming,,125,49,4260000
421010319001004,1189,Wissinoming,,12,8,4260000
421010319001005,1189,Wissinoming,,100,33,4260000
421010319001006,1189,Wissinoming,,52,20,4260000
421010319001007,1189,Wissinoming,,0,0,4260000
421010319001008,1189,Wissinoming,,166,60,4260000
421010319001009,1189,Wissinoming,,170,70,4260000
421010319001010,1189,Wissinoming,,166,68,4260000
421010319001011,1189,Wissinoming,,58,21,4260000
421010319001012,1189,Wissinoming,,0,0,4260000
421010319002000,1189,Wissinoming,,167,58,4260000
421010319002001,1189,Wissinoming,,205,68,4260000
421010319002002,1189,Wissinoming,,210,68,4260000
421010319002003,1189,Wissinoming,,157,61,4260000
421010319002004,1189,Wissinoming,,115,39,4260000
421010319002005,1189,Wissinoming,,48,27,4260000
421010319002006,1189,Wissinoming,,68,24,4260000
421010319002007,1189,Wissinoming,,93,34,4260000
421010319002008,1189,Wissinoming,,73,29,4260000
421010319002009,1189,Wissinoming,,49,15,4260000
421010319003000,1189,Wissinoming,,76,28,4260000
421010319003001,1189,Wissinoming,,24,10,4260000
421010319003002,1189,Wissinoming,,133,48,4260000
421010319003003,1189,Wissinoming,,131,54,4260000
421010319003004,1189,Wissinoming,,46,25,4260000
421010319003005,1189,Wissinoming,,37,11,4260000
421010319003006,1189,Wissinoming,,180,75,4260000
421010319003007,1189,Wissinoming,,154,69,4260000
421010319004000,1189,Wissinoming,,9,3,4260000
421010319004001,1189,Wissinoming,,90,31,4260000
421010319004002,1189,Wissinoming,,1,1,4260000
421010319004003,1189,Wissinoming,,125,53,4260000
421010319004004,1189,Wissinoming,,0,0,4260000
421010319004005,1189,Wissinoming,,90,35,4260000
421010319004006,1189,Wissinoming,,32,15,4260000
421010319004007,1189,Wissinoming,,50,18,4260000
421010319004008,1189,Wissinoming,,137,55,4260000
421010319004009,1189,Wissinoming,,150,61,4260000
421010319004010,1189,Wissinoming,,0,0,4260000
421010319005000,1189,Wissinoming,,163,61,4260000
421010319005001,1189,Wissinoming,,85,25,4260000
421010319005002,1189,Wissinoming,,0,0,4260000
421010319005003,1189,Wissinoming,,47,17,4260000
421010319005004,1189,Wissinoming,,81,31,4260000
421010319005005,1189,Wissinoming,,92,31,4260000
421010319005006,1189,Wissinoming,,102,31,4260000
421010319005007,1189,Wissinoming,,80,23,4260000
421010319005008,1189,Wissinoming,,80,25,4260000
421010319005009,1189,Wissinoming,,87,24,4260000
421010319005010,1189,Wissinoming,,179,57,4260000
421010319005011,1189,Wissinoming,,108,36,4260000
421010319005012,1189,Wissinoming,,133,74,4260000
421010320003009,1189,Wissinoming,,0,0,4260000
421010320003010,1189,Wissinoming,,28,12,4260000
421010320003011,1189,Wissinoming,,196,67,4260000
421010320003012,1189,Wissinoming,,175,60,4260000
421010320004000,1189,Wissinoming,,167,65,4260000
421010320004001,1189,Wissinoming,,204,70,4260000
421010320004002,1189,Wissinoming,,205,72,4260000
421010320004003,1189,Wissinoming,,174,71,4260000
421010320004004,1189,Wissinoming,,65,39,4260000
421010320004005,1189,Wissinoming,,46,16,4260000
421010320005000,1189,Wissinoming,,0,0,4260000
421010320005001,1189,Wissinoming,,98,52,4260000
421010320005002,1189,Wissinoming,,195,74,4260000
421010320005003,1189,Wissinoming,,208,78,4260000
421010320005004,1189,Wissinoming,,161,63,4260000
421010320005005,1189,Wissinoming,,210,82,4260000
421010320005006,1189,Wissinoming,,152,65,4260000
421010320006000,1189,Wissinoming,,148,55,4260000
421010320006001,1189,Wissinoming,,118,51,4260000
421010320006002,1189,Wissinoming,,107,50,4260000
421010320006003,1189,Wissinoming,,148,62,4260000
421010320006004,1189,Wissinoming,,196,73,4260000
421010320006005,1189,Wissinoming,,176,72,4260000
421010320006006,1189,Wissinoming,,165,67,4260000
421010321001000,1189,Wissinoming,,12,2,4260000
421010321001001,1189,Wissinoming,,50,13,4260000
421010321001002,1189,Wissinoming,,141,49,4260000
421010321001003,1189,Wissinoming,,75,36,4260000
421010321001004,1189,Wissinoming,,152,70,4260000
421010321001005,1189,Wissinoming,,100,37,4260000
421010321001006,1189,Wissinoming,,73,27,4260000
421010321001007,1189,Wissinoming,,142,49,4260000
421010321001008,1189,Wissinoming,,165,66,4260000
421010321001009,1189,Wissinoming,,51,24,4260000
421010321001010,1189,Wissinoming,,105,42,4260000
421010321001011,1189,Wissinoming,,62,24,4260000
421010321001012,1189,Wissinoming,,49,24,4260000
421010321001013,1189,Wissinoming,,57,19,4260000
421010321001014,1189,Wissinoming,,114,58,4260000
421010321001015,1189,Wissinoming,,68,24,4260000
421010321001016,1189,Wissinoming,,64,26,4260000
421010321001017,1189,Wissinoming,,0,0,4260000
421010321002000,1189,Wissinoming,,181,69,4260000
421010321002001,1189,Wissinoming,,29,19,4260000
421010321002002,1189,Wissinoming,,178,58,4260000
421010321002003,1189,Wissinoming,,70,36,4260000
421010321002004,1189,Wissinoming,,176,74,4260000
421010321002005,1189,Wissinoming,,128,52,4260000
421010321002006,1189,Wissinoming,,171,60,4260000
421010321002007,1189,Wissinoming,,139,47,4260000
421010321002008,1189,Wissinoming,,33,17,4260000
421010321003000,1189,Wissinoming,,77,29,4260000
421010321003001,1189,Wissinoming,,0,0,4260000
421010321003002,1189,Wissinoming,,51,24,4260000
421010321003003,1189,Wissinoming,,135,48,4260000
421010321003004,1189,Wissinoming,,122,58,4260000
421010321003005,1189,Wissinoming,,130,48,4260000
421010321003006,1189,Wissinoming,,69,29,4260000
421010321003007,1189,Wissinoming,,76,27,4260000
421010321003008,1189,Wissinoming,,122,44,4260000
421010321003009,1189,Wissinoming,,94,45,4260000
421010321003010,1189,Wissinoming,,77,40,4260000
421010321003011,1189,Wissinoming,,92,41,4260000
421010321003012,1189,Wissinoming,,125,41,4260000
421010321003013,1189,Wissinoming,,54,38,4260000
421010321003014,1189,Wissinoming,,54,36,4260000
421010321003015,1189,Wissinoming,,40,14,4260000
421010323001000,1189,Wissinoming,,21,13,4260000
421010323001001,1189,Wissinoming,,0,0,4260000
421010323001002,1189,Wissinoming,,118,59,4260000
421010323001003,1189,Wissinoming,,150,73,4260000
421010323001004,1189,Wissinoming,,205,82,4260000
421010323001005,1189,Wissinoming,,133,72,4260000
421010323001006,1189,Wissinoming,,0,0,4260000
421010323001007,1189,Wissinoming,,0,0,4260000
421010323002000,1189,Wissinoming,,208,69,4260000
421010323002001,1189,Wissinoming,,215,77,4260000
421010323002002,1189,Wissinoming,,264,84,4260000
421010323002003,1189,Wissinoming,,255,87,4260000
421010323002004,1189,Wissinoming,,132,70,4260000
421010323002005,1189,Wissinoming,,93,39,4260000
421010323002006,1189,Wissinoming,,89,46,4260000
421010323002007,1189,Wissinoming,,98,41,4260000
421010323002008,1189,Wissinoming,,99,38,4260000
421010323002009,1189,Wissinoming,,49,16,4260000
421010381001000,1189,Wissinoming,,0,0,4260000
421010381001001,1189,Wissinoming,,0,0,4260000
421010381001011,1189,Wissinoming,,0,0,4260000
421010381001012,1189,Wissinoming,,0,0,4260000
421010381001013,1189,Wissinoming,,0,0,4260000
421010381001014,1189,Wissinoming,,0,0,4260000
421010381001015,1189,Wissinoming,,0,0,4260000
421010381001020,1189,Wissinoming,,87,33,4260000
421010381001021,1189,Wissinoming,,101,36,4260000
421010381001022,1189,Wissinoming,,0,0,4260000
421010381001023,1189,Wissinoming,,0,0,4260000
421010381001024,1189,Wissinoming,,0,0,4260000
421010381001025,1189,Wissinoming,,0,0,4260000
421010381001026,1189,Wissinoming,,0,0,4260000
421010381001027,1189,Wissinoming,,33,0,4260000
421010381001028,1189,Wissinoming,,71,26,4260000
421010381001029,1189,Wissinoming,,0,0,4260000
421010381001030,1189,Wissinoming,,0,0,4260000
421010381001031,1189,Wissinoming,,0,0,4260000
421010381001032,1189,Wissinoming,,73,37,4260000
421010381001033,1189,Wissinoming,,52,30,4260000
421010381001034,1189,Wissinoming,,0,0,4260000
421010381001035,1189,Wissinoming,,59,23,4260000
421010381001036,1189,Wissinoming,,84,31,4260000
421010381001037,1189,Wissinoming,,62,24,4260000
421010381001038,1189,Wissinoming,,36,11,4260000
421010381001041,1189,Wissinoming,,0,0,4260000
421010381001042,1189,Wissinoming,,0,0,4260000
421010329001000,1185,Holmesburg,,0,0,4260000
421010329001001,1185,Holmesburg,,8,5,4260000
421010329001002,1185,Holmesburg,,0,0,4260000
421010329001003,1185,Holmesburg,,152,110,4260000
421010329001004,1185,Holmesburg,,84,66,4260000
421010329001005,1185,Holmesburg,,71,33,4260000
421010329001006,1185,Holmesburg,,139,65,4260000
421010329001007,1185,Holmesburg,,48,19,4260000
421010329001008,1185,Holmesburg,,0,0,4260000
421010329001009,1185,Holmesburg,,0,0,4260000
421010329001010,1185,Holmesburg,,0,0,4260000
421010329001011,1185,Holmesburg,,156,54,4260000
421010329002000,1185,Holmesburg,,456,249,4260000
421010329002001,1185,Holmesburg,,51,35,4260000
421010329002002,1185,Holmesburg,,0,0,4260000
421010329002003,1185,Holmesburg,,0,0,4260000
421010329002004,1185,Holmesburg,,0,0,4260000
421010329002005,1185,Holmesburg,,15,9,4260000
421010329002006,1185,Holmesburg,,101,36,4260000
421010329002007,1185,Holmesburg,,0,0,4260000
421010329002008,1185,Holmesburg,,6,4,4260000
421010329002009,1185,Holmesburg,,16,7,4260000
421010329003000,1185,Holmesburg,,105,39,4260000
421010329003001,1185,Holmesburg,,93,39,4260000
421010329003002,1185,Holmesburg,,95,42,4260000
421010329003003,1185,Holmesburg,,83,37,4260000
421010329003004,1185,Holmesburg,,78,37,4260000
421010329003005,1185,Holmesburg,,209,63,4260000
421010329003006,1185,Holmesburg,,160,56,4260000
421010329003007,1185,Holmesburg,,167,58,4260000
421010329003008,1185,Holmesburg,,142,56,4260000
421010329003009,1185,Holmesburg,,56,28,4260000
421010329004000,1185,Holmesburg,,110,52,4260000
421010329004001,1185,Holmesburg,,75,30,4260000
421010329004002,1185,Holmesburg,,39,13,4260000
421010329004003,1185,Holmesburg,,92,37,4260000
421010329004004,1185,Holmesburg,,102,62,4260000
421010329004005,1185,Holmesburg,,37,16,4260000
421010329004006,1185,Holmesburg,,32,11,4260000
421010329004007,1185,Holmesburg,,116,74,4260000
421010329004008,1185,Holmesburg,,0,0,4260000
421010329004009,1185,Holmesburg,,24,13,4260000
421010329004010,1185,Holmesburg,,36,15,4260000
421010329005000,1185,Holmesburg,,9,7,4260000
421010329005001,1185,Holmesburg,,48,26,4260000
421010329005002,1185,Holmesburg,,73,26,4260000
421010329005003,1185,Holmesburg,,83,31,4260000
421010329005004,1185,Holmesburg,,69,25,4260000
421010329005005,1185,Holmesburg,,92,35,4260000
421010329005006,1185,Holmesburg,,79,35,4260000
421010329005007,1185,Holmesburg,,72,31,4260000
421010329005008,1185,Holmesburg,,83,29,4260000
421010329005009,1185,Holmesburg,,117,41,4260000
421010329005010,1185,Holmesburg,,60,21,4260000
421010329005011,1185,Holmesburg,,150,54,4260000
421010330001000,1185,Holmesburg,,25,11,4260000
421010330001001,1185,Holmesburg,,48,20,4260000
421010330001002,1185,Holmesburg,,43,21,4260000
421010330001003,1185,Holmesburg,,61,28,4260000
421010330001004,1185,Holmesburg,,132,47,4260000
421010330001005,1185,Holmesburg,,110,45,4260000
421010330001006,1185,Holmesburg,,111,47,4260000
421010330001007,1185,Holmesburg,,140,49,4260000
421010330002000,1185,Holmesburg,,76,36,4260000
421010330002001,1185,Holmesburg,,96,40,4260000
421010330002002,1185,Holmesburg,,130,48,4260000
421010330002003,1185,Holmesburg,,127,47,4260000
421010330002004,1185,Holmesburg,,121,50,4260000
421010330002005,1185,Holmesburg,,145,47,4260000
421010330002006,1185,Holmesburg,,107,40,4260000
421010330003000,1185,Holmesburg,,89,33,4260000
421010330003001,1185,Holmesburg,,78,32,4260000
421010330003002,1185,Holmesburg,,95,34,4260000
421010330003003,1185,Holmesburg,,88,37,4260000
421010330003004,1185,Holmesburg,,110,44,4260000
421010330003005,1185,Holmesburg,,109,47,4260000
421010330003006,1185,Holmesburg,,83,42,4260000
421010330003007,1185,Holmesburg,,104,48,4260000
421010330003008,1185,Holmesburg,,152,48,4260000
421010330003009,1185,Holmesburg,,133,45,4260000
421010330004000,1185,Holmesburg,,147,60,4260000
421010330004001,1185,Holmesburg,,183,61,4260000
421010330004002,1185,Holmesburg,,142,62,4260000
421010330004003,1185,Holmesburg,,60,21,4260000
421010330004004,1185,Holmesburg,,66,24,4260000
421010330004005,1185,Holmesburg,,87,27,4260000
421010330004006,1185,Holmesburg,,242,68,4260000
421010330004007,1185,Holmesburg,,176,64,4260000
421010330004008,1185,Holmesburg,,193,68,4260000
421010330004009,1185,Holmesburg,,195,70,4260000
421010330004010,1185,Holmesburg,,180,76,4260000
421010330004011,1185,Holmesburg,,179,75,4260000
421010330004012,1185,Holmesburg,,0,0,4260000
421010330004013,1185,Holmesburg,,9,2,4260000
421010330005000,1185,Holmesburg,,164,66,4260000
421010330005001,1185,Holmesburg,,186,66,4260000
421010330005002,1185,Holmesburg,,182,64,4260000
421010330005003,1185,Holmesburg,,185,61,4260000
421010330005004,1185,Holmesburg,,187,65,4260000
421010330005005,1185,Holmesburg,,168,61,4260000
421010330005006,1185,Holmesburg,,201,69,4260000
421010330005007,1185,Holmesburg,,80,23,4260000
421010330005008,1185,Holmesburg,,54,19,4260000
421010330005009,1185,Holmesburg,,73,27,4260000
421010330005010,1185,Holmesburg,,61,22,4260000
421010330006000,1185,Holmesburg,,140,54,4260000
421010330006001,1185,Holmesburg,,77,28,4260000
421010330006002,1185,Holmesburg,,134,57,4260000
421010330006003,1185,Holmesburg,,122,47,4260000
421010330006004,1185,Holmesburg,,101,48,4260000
421010330006005,1185,Holmesburg,,147,52,4260000
421010330006006,1185,Holmesburg,,119,55,4260000
421010330006007,1185,Holmesburg,,123,46,4260000
421010330007000,1185,Holmesburg,,120,50,4260000
421010330007001,1185,Holmesburg,,128,50,4260000
421010330007002,1185,Holmesburg,,121,46,4260000
421010330007003,1185,Holmesburg,,0,0,4260000
421010330007004,1185,Holmesburg,,0,0,4260000
421010330007005,1185,Holmesburg,,132,48,4260000
421010330007006,1185,Holmesburg,,128,50,4260000
421010330007007,1185,Holmesburg,,140,51,4260000
421010331013000,1185,Holmesburg,,88,42,4260000
421010331013001,1185,Holmesburg,,102,42,4260000
421010331013002,1185,Holmesburg,,107,50,4260000
421010331013005,1185,Holmesburg,,196,70,4260000
421010331013006,1185,Holmesburg,,89,39,4260000
421010331013007,1185,Holmesburg,,103,42,4260000
421010331013008,1185,Holmesburg,,56,22,4260000
421010331014000,1185,Holmesburg,,132,49,4260000
421010331014001,1185,Holmesburg,,120,48,4260000
421010331014002,1185,Holmesburg,,134,51,4260000
421010331021000,1185,Holmesburg,,94,0,4260000
421010331021001,1185,Holmesburg,,126,58,4260000
421010331021002,1185,Holmesburg,,57,37,4260000
421010331021003,1185,Holmesburg,,31,20,4260000
421010331021004,1185,Holmesburg,,0,0,4260000
421010331021005,1185,Holmesburg,,76,37,4260000
421010331021006,1185,Holmesburg,,88,40,4260000
421010331021007,1185,Holmesburg,,107,46,4260000
421010331021008,1185,Holmesburg,,79,43,4260000
421010331021009,1185,Holmesburg,,72,33,4260000
421010331021010,1185,Holmesburg,,18,8,4260000
421010331021011,1185,Holmesburg,,306,128,4260000
421010331022000,1185,Holmesburg,,121,55,4260000
421010331022001,1185,Holmesburg,,129,59,4260000
421010331022002,1185,Holmesburg,,116,51,4260000
421010331022003,1185,Holmesburg,,96,45,4260000
421010331022004,1185,Holmesburg,,133,54,4260000
421010331022005,1185,Holmesburg,,124,52,4260000
421010331022006,1185,Holmesburg,,222,97,4260000
421010331022007,1185,Holmesburg,,75,41,4260000
421010331023000,1185,Holmesburg,,109,54,4260000
421010331023001,1185,Holmesburg,,103,40,4260000
421010331023002,1185,Holmesburg,,118,41,4260000
421010331023003,1185,Holmesburg,,101,44,4260000
421010331023004,1185,Holmesburg,,84,39,4260000
421010331023005,1185,Holmesburg,,122,54,4260000
421010331023006,1185,Holmesburg,,67,38,4260000
421010331023007,1185,Holmesburg,,59,24,4260000
421010331024000,1185,Holmesburg,,128,50,4260000
421010331024001,1185,Holmesburg,,141,47,4260000
421010331024002,1185,Holmesburg,,328,212,4260000
421010331024003,1185,Holmesburg,,66,28,4260000
421010331024004,1185,Holmesburg,,132,56,4260000
421010331024005,1185,Holmesburg,,53,24,4260000
421010331024006,1185,Holmesburg,,97,35,4260000
421010331024007,1185,Holmesburg,,111,40,4260000
421010331024008,1185,Holmesburg,,125,52,4260000
421010331024009,1185,Holmesburg,,131,51,4260000
421010349002001,1185,Holmesburg,,167,83,4260000
421010349002002,1185,Holmesburg,,0,0,4260000
421010349002004,1185,Holmesburg,,103,65,4260000
421010349002007,1185,Holmesburg,,433,173,4260000
421010349002008,1185,Holmesburg,,72,33,4260000
421010349002009,1185,Holmesburg,,76,32,4260000
421010349002010,1185,Holmesburg,,136,54,4260000
421010349002011,1185,Holmesburg,,142,51,4260000
421010349002012,1185,Holmesburg,,0,0,4260000
421010349003000,1185,Holmesburg,,271,120,4260000
421010349003001,1185,Holmesburg,,106,43,4260000
421010349003002,1185,Holmesburg,,0,0,4260000
421010349003003,1185,Holmesburg,,158,81,4260000
421010349003004,1185,Holmesburg,,70,22,4260000
421010349003005,1185,Holmesburg,,82,42,4260000
421010349003006,1185,Holmesburg,,35,19,4260000
421010349003007,1185,Holmesburg,,8,6,4260000
421010349003008,1185,Holmesburg,,49,17,4260000
421010349003009,1185,Holmesburg,,35,15,4260000
421010349003010,1185,Holmesburg,,15,10,4260000
421010349003011,1185,Holmesburg,,0,0,4260000
421010349004000,1185,Holmesburg,,153,91,4260000
421010349004001,1185,Holmesburg,,0,0,4260000
421010349004002,1185,Holmesburg,,90,43,4260000
421010349004003,1185,Holmesburg,,190,94,4260000
421010349004004,1185,Holmesburg,,74,25,4260000
421010349004005,1185,Holmesburg,,233,104,4260000
421010349004006,1185,Holmesburg,,191,80,4260000
421010349004007,1185,Holmesburg,,43,12,4260000
421010349004008,1185,Holmesburg,,23,7,4260000
421010349004009,1185,Holmesburg,,46,18,4260000
421010349004010,1185,Holmesburg,,49,20,4260000
421010349004011,1185,Holmesburg,,96,41,4260000
421010349004012,1185,Holmesburg,,129,41,4260000
421010381002000,1185,Holmesburg,,0,0,4260000
421010381002001,1185,Holmesburg,,0,0,4260000
421010381002002,1185,Holmesburg,,0,0,4260000
421010381002003,1185,Holmesburg,,0,0,4260000
421010381002004,1185,Holmesburg,,0,0,4260000
421010381002005,1185,Holmesburg,,0,0,4260000
421010381002006,1185,Holmesburg,,0,0,4260000
421010381002007,1185,Holmesburg,,0,0,4260000
421010381002010,1185,Holmesburg,,0,0,4260000
421010381002011,1185,Holmesburg,,0,0,4260000
421010381002012,1185,Holmesburg,,0,0,4260000
421010381002013,1185,Holmesburg,,0,0,4260000
421010381002014,1185,Holmesburg,,0,0,4260000
421010381002015,1185,Holmesburg,,0,0,4260000
421010381002016,1185,Holmesburg,,0,0,4260000
421010381002017,1185,Holmesburg,,0,0,4260000
421010381002019,1185,Holmesburg,,0,0,4260000
421010381002020,1185,Holmesburg,,0,0,4260000
421010381002021,1185,Holmesburg,,0,0,4260000
421010381002022,1185,Holmesburg,,0,0,4260000
421010381002025,1185,Holmesburg,,0,0,4260000
421019891001003,1185,Holmesburg,,0,0,4260000
421019891001004,1185,Holmesburg,,4535,0,4260000
421019891001005,1185,Holmesburg,,0,0,4260000
421019891001006,1185,Holmesburg,,0,0,4260000
421019891001007,1185,Holmesburg,,0,0,4260000
421019891001008,1185,Holmesburg,,0,0,4260000
421019891001009,1185,Holmesburg,,0,0,4260000
421019891001010,1185,Holmesburg,,95,0,4260000
421019891001011,1185,Holmesburg,,0,0,4260000
421019891001012,1185,Holmesburg,,0,0,4260000
421019891001013,1185,Holmesburg,,0,0,4260000
421019891001014,1185,Holmesburg,,225,0,4260000
421019891001015,1185,Holmesburg,,0,0,4260000
421019891001016,1185,Holmesburg,,2910,0,4260000
421010184001000,1186,Frankford,,0,0,4260000
421010190003005,1186,Frankford,,0,0,4260000
421010190003006,1186,Frankford,,0,0,4260000
421010190003007,1186,Frankford,,0,0,4260000
421010190003009,1186,Frankford,,0,0,4260000
421010190003019,1186,Frankford,,0,0,4260000
421010293001004,1186,Frankford,,95,65,4260000
421010293001005,1186,Frankford,,62,29,4260000
421010293001008,1186,Frankford,,117,46,4260000
421010293001009,1186,Frankford,,115,47,4260000
421010293001010,1186,Frankford,,50,25,4260000
421010293001011,1186,Frankford,,47,18,4260000
421010293001012,1186,Frankford,,61,28,4260000
421010293001013,1186,Frankford,,0,0,4260000
421010293001014,1186,Frankford,,24,12,4260000
421010293001015,1186,Frankford,,49,29,4260000
421010293001016,1186,Frankford,,10,9,4260000
421010293001017,1186,Frankford,,119,45,4260000
421010293001018,1186,Frankford,,59,26,4260000
421010293001019,1186,Frankford,,74,29,4260000
421010293001020,1186,Frankford,,59,21,4260000
421010293001021,1186,Frankford,,6,6,4260000
421010293001022,1186,Frankford,,28,10,4260000
421010293002000,1186,Frankford,,91,30,4260000
421010293002001,1186,Frankford,,128,53,4260000
421010293002002,1186,Frankford,,96,45,4260000
421010293002003,1186,Frankford,,124,54,4260000
421010293002004,1186,Frankford,,88,26,4260000
421010293002005,1186,Frankford,,52,32,4260000
421010293002006,1186,Frankford,,91,31,4260000
421010293002007,1186,Frankford,,109,44,4260000
421010293002008,1186,Frankford,,28,9,4260000
421010293002009,1186,Frankford,,0,0,4260000
421010293002010,1186,Frankford,,55,21,4260000
421010293002011,1186,Frankford,,65,24,4260000
421010293002012,1186,Frankford,,75,33,4260000
421010293002013,1186,Frankford,,136,47,4260000
421010293002014,1186,Frankford,,151,46,4260000
421010293002015,1186,Frankford,,80,44,4260000
421010293002016,1186,Frankford,,0,0,4260000
421010293002017,1186,Frankford,,55,18,4260000
421010293002018,1186,Frankford,,114,42,4260000
421010293002019,1186,Frankford,,107,41,4260000
421010293002020,1186,Frankford,,44,23,4260000
421010293002021,1186,Frankford,,0,0,4260000
421010293002022,1186,Frankford,,18,12,4260000
421010293002023,1186,Frankford,,106,38,4260000
421010293002024,1186,Frankford,,0,0,4260000
421010293002025,1186,Frankford,,34,18,4260000
421010293002026,1186,Frankford,,0,0,4260000
421010293002027,1186,Frankford,,0,0,4260000
421010294001000,1186,Frankford,,26,15,4260000
421010294001001,1186,Frankford,,101,44,4260000
421010294001002,1186,Frankford,,19,9,4260000
421010294001003,1186,Frankford,,41,23,4260000
421010294001004,1186,Frankford,,103,39,4260000
421010294001005,1186,Frankford,,67,31,4260000
421010294001006,1186,Frankford,,46,16,4260000
421010294001007,1186,Frankford,,37,15,4260000
421010294001008,1186,Frankford,,75,28,4260000
421010294001009,1186,Frankford,,119,47,4260000
421010294002000,1186,Frankford,,154,55,4260000
421010294002001,1186,Frankford,,89,25,4260000
421010294002002,1186,Frankford,,44,21,4260000
421010294002003,1186,Frankford,,51,42,4260000
421010294002004,1186,Frankford,,93,39,4260000
421010294002005,1186,Frankford,,88,28,4260000
421010294002006,1186,Frankford,,121,40,4260000
421010294002007,1186,Frankford,,38,25,4260000
421010294002008,1186,Frankford,,29,9,4260000
421010294002009,1186,Frankford,,156,53,4260000
421010294002010,1186,Frankford,,129,48,4260000
421010294002011,1186,Frankford,,76,28,4260000
421010294002012,1186,Frankford,,36,15,4260000
421010294002013,1186,Frankford,,0,0,4260000
421010294002014,1186,Frankford,,80,33,4260000
421010294002015,1186,Frankford,,147,51,4260000
421010294002016,1186,Frankford,,122,46,4260000
421010294002017,1186,Frankford,,0,0,4260000
421010294002018,1186,Frankford,,0,0,4260000
421010294002019,1186,Frankford,,0,0,4260000
421010294002020,1186,Frankford,,0,0,4260000
421010294002021,1186,Frankford,,0,0,4260000
421010294002022,1186,Frankford,,0,0,4260000
421010294002023,1186,Frankford,,0,0,4260000
421010294003000,1186,Frankford,,39,22,4260000
421010294003001,1186,Frankford,,127,62,4260000
421010294003002,1186,Frankford,,38,22,4260000
421010294003003,1186,Frankford,,35,14,4260000
421010294003004,1186,Frankford,,88,47,4260000
421010294003005,1186,Frankford,,47,29,4260000
421010294003006,1186,Frankford,,70,31,4260000
421010294003007,1186,Frankford,,31,11,4260000
421010294003008,1186,Frankford,,56,22,4260000
421010294003009,1186,Frankford,,89,37,4260000
421010294003010,1186,Frankford,,65,20,4260000
421010294003011,1186,Frankford,,19,12,4260000
421010294003012,1186,Frankford,,18,4,4260000
421010294003013,1186,Frankford,,8,2,4260000
421010294003014,1186,Frankford,,6,1,4260000
421010294003015,1186,Frankford,,43,21,4260000
421010294003016,1186,Frankford,,126,50,4260000
421010294003017,1186,Frankford,,0,0,4260000
421010294003018,1186,Frankford,,20,11,4260000
421010294003019,1186,Frankford,,88,23,4260000
421010294003020,1186,Frankford,,41,17,4260000
421010299001000,1186,Frankford,,63,22,4260000
421010299001001,1186,Frankford,,475,140,4260000
421010299001002,1186,Frankford,,22,9,4260000
421010299001003,1186,Frankford,,57,24,4260000
421010299001004,1186,Frankford,,251,84,4260000
421010299001005,1186,Frankford,,17,9,4260000
421010299001006,1186,Frankford,,167,56,4260000
421010299001007,1186,Frankford,,70,24,4260000
421010299001008,1186,Frankford,,159,60,4260000
421010299001009,1186,Frankford,,9,2,4260000
421010299001010,1186,Frankford,,84,30,4260000
421010299001011,1186,Frankford,,28,15,4260000
421010299002000,1186,Frankford,,87,38,4260000
421010299002001,1186,Frankford,,39,14,4260000
421010299002002,1186,Frankford,,52,19,4260000
421010299002003,1186,Frankford,,0,0,4260000
421010299002004,1186,Frankford,,94,31,4260000
421010299002005,1186,Frankford,,0,0,4260000
421010299002006,1186,Frankford,,79,36,4260000
421010299002007,1186,Frankford,,73,32,4260000
421010299002008,1186,Frankford,,155,68,4260000
421010299002009,1186,Frankford,,88,26,4260000
421010299002010,1186,Frankford,,0,0,4260000
421010299002011,1186,Frankford,,93,36,4260000
421010299002012,1186,Frankford,,61,19,4260000
421010299003000,1186,Frankford,,121,52,4260000
421010299003001,1186,Frankford,,78,29,4260000
421010299003002,1186,Frankford,,93,34,4260000
421010299003003,1186,Frankford,,119,57,4260000
421010299003004,1186,Frankford,,97,28,4260000
421010299003005,1186,Frankford,,103,37,4260000
421010299003006,1186,Frankford,,152,46,4260000
421010299003007,1186,Frankford,,112,43,4260000
421010299004000,1186,Frankford,,76,31,4260000
421010299004001,1186,Frankford,,60,36,4260000
421010299004002,1186,Frankford,,77,36,4260000
421010299004003,1186,Frankford,,66,30,4260000
421010299004004,1186,Frankford,,92,42,4260000
421010299004005,1186,Frankford,,117,39,4260000
421010299004006,1186,Frankford,,77,31,4260000
421010299004007,1186,Frankford,,0,0,4260000
421010299004008,1186,Frankford,,128,41,4260000
421010299004009,1186,Frankford,,127,44,4260000
421010299004010,1186,Frankford,,118,32,4260000
421010299004011,1186,Frankford,,101,32,4260000
421010299004012,1186,Frankford,,122,46,4260000
421010299004013,1186,Frankford,,104,38,4260000
421010299004014,1186,Frankford,,93,38,4260000
421010299004015,1186,Frankford,,101,48,4260000
421010299004016,1186,Frankford,,114,35,4260000
421010299004017,1186,Frankford,,29,18,4260000
421010300002004,1186,Frankford,,143,47,4260000
421010300002005,1186,Frankford,,136,46,4260000
421010300002006,1186,Frankford,,42,13,4260000
421010300002007,1186,Frankford,,51,18,4260000
421010300002008,1186,Frankford,,9,5,4260000
421010300002009,1186,Frankford,,82,18,4260000
421010300002010,1186,Frankford,,0,0,4260000
421010300002011,1186,Frankford,,79,34,4260000
421010300003000,1186,Frankford,,126,43,4260000
421010300003001,1186,Frankford,,73,29,4260000
421010300003002,1186,Frankford,,108,44,4260000
421010300003003,1186,Frankford,,140,50,4260000
421010300003004,1186,Frankford,,58,20,4260000
421010300003005,1186,Frankford,,57,14,4260000
421010300003006,1186,Frankford,,130,52,4260000
421010300003007,1186,Frankford,,136,52,4260000
421010300003008,1186,Frankford,,39,16,4260000
421010300003009,1186,Frankford,,56,22,4260000
421010300003010,1186,Frankford,,167,50,4260000
421010300003011,1186,Frankford,,25,15,4260000
421010300004001,1186,Frankford,,0,0,4260000
421010300004002,1186,Frankford,,143,55,4260000
421010300004006,1186,Frankford,,121,41,4260000
421010300004007,1186,Frankford,,0,0,4260000
421010300004008,1186,Frankford,,98,48,4260000
421010300004009,1186,Frankford,,135,50,4260000
421010300004010,1186,Frankford,,93,27,4260000
421010300005000,1186,Frankford,,77,38,4260000
421010300005001,1186,Frankford,,85,39,4260000
421010300005002,1186,Frankford,,125,43,4260000
421010300005003,1186,Frankford,,53,14,4260000
421010300005004,1186,Frankford,,32,9,4260000
421010300005005,1186,Frankford,,3,3,4260000
421010300005006,1186,Frankford,,36,16,4260000
421010300005007,1186,Frankford,,40,23,4260000
421010300005008,1186,Frankford,,49,21,4260000
421010300005009,1186,Frankford,,49,22,4260000
421010300005010,1186,Frankford,,77,35,4260000
421010300005011,1186,Frankford,,43,14,4260000
421010300005012,1186,Frankford,,34,12,4260000
421010300005013,1186,Frankford,,18,6,4260000
421010300005014,1186,Frankford,,91,36,4260000
421010300005015,1186,Frankford,,36,21,4260000
421010300005016,1186,Frankford,,55,25,4260000
421010300005017,1186,Frankford,,43,15,4260000
421010300005018,1186,Frankford,,25,12,4260000
421010300006000,1186,Frankford,,52,38,4260000
421010300006001,1186,Frankford,,58,20,4260000
421010300006002,1186,Frankford,,9,4,4260000
421010300006003,1186,Frankford,,81,50,4260000
421010300006004,1186,Frankford,,102,41,4260000
421010300006005,1186,Frankford,,79,31,4260000
421010300006006,1186,Frankford,,80,27,4260000
421010300006007,1186,Frankford,,187,97,4260000
421010300006008,1186,Frankford,,22,17,4260000
421010300006009,1186,Frankford,,8,6,4260000
421010300006010,1186,Frankford,,5,2,4260000
421010300006011,1186,Frankford,,85,38,4260000
421010300006012,1186,Frankford,,86,30,4260000
421010300007000,1186,Frankford,,74,34,4260000
421010300007001,1186,Frankford,,154,60,4260000
421010300007002,1186,Frankford,,163,74,4260000
421010300007003,1186,Frankford,,91,46,4260000
421010300007004,1186,Frankford,,77,38,4260000
421010300007005,1186,Frankford,,183,77,4260000
421010300007006,1186,Frankford,,0,0,4260000
421010300007007,1186,Frankford,,148,63,4260000
421010300007008,1186,Frankford,,136,78,4260000
421010300007009,1186,Frankford,,90,36,4260000
421010300007010,1186,Frankford,,121,55,4260000
421010300007011,1186,Frankford,,139,59,4260000
421010300007012,1186,Frankford,,113,59,4260000
421010300007013,1186,Frankford,,190,119,4260000
421010301001000,1186,Frankford,,0,0,4260000
421010301001001,1186,Frankford,,99,39,4260000
421010301001002,1186,Frankford,,133,86,4260000
421010301001003,1186,Frankford,,85,36,4260000
421010301001004,1186,Frankford,,91,45,4260000
421010301001005,1186,Frankford,,161,69,4260000
421010301001006,1186,Frankford,,28,14,4260000
421010301001007,1186,Frankford,,378,134,4260000
421010301002000,1186,Frankford,,52,29,4260000
421010301002001,1186,Frankford,,152,62,4260000
421010301002002,1186,Frankford,,368,184,4260000
421010301002003,1186,Frankford,,251,180,4260000
421010301002004,1186,Frankford,,162,68,4260000
421010301002005,1186,Frankford,,0,0,4260000
421010301002006,1186,Frankford,,155,79,4260000
421010301002007,1186,Frankford,,253,105,4260000
421010301002008,1186,Frankford,,70,52,4260000
421010301002009,1186,Frankford,,0,0,4260000
421010301002010,1186,Frankford,,169,87,4260000
421010301002011,1186,Frankford,,100,48,4260000
421010301002012,1186,Frankford,,140,74,4260000
421010302001004,1186,Frankford,,2,0,4260000
421010302001005,1186,Frankford,,33,13,4260000
421010302001009,1186,Frankford,,174,65,4260000
421010302001010,1186,Frankford,,229,74,4260000
421010302001011,1186,Frankford,,213,68,4260000
421010302001012,1186,Frankford,,97,29,4260000
421010302001013,1186,Frankford,,203,95,4260000
421010302001014,1186,Frankford,,174,108,4260000
421010302001015,1186,Frankford,,50,16,4260000
421010302001016,1186,Frankford,,56,27,4260000
421010302003002,1186,Frankford,,169,62,4260000
421010302003003,1186,Frankford,,185,66,4260000
421010302003004,1186,Frankford,,186,64,4260000
421010302003011,1186,Frankford,,2,1,4260000
421010302003012,1186,Frankford,,94,51,4260000
421010380001000,1186,Frankford,,4,3,4260000
421010380001001,1186,Frankford,,52,16,4260000
421010380001002,1186,Frankford,,185,77,4260000
421010380001003,1186,Frankford,,59,22,4260000
421010380001004,1186,Frankford,,11,4,4260000
421010380001005,1186,Frankford,,8,5,4260000
421010380001006,1186,Frankford,,0,0,4260000
421010380001007,1186,Frankford,,0,0,4260000
421010380001008,1186,Frankford,,154,71,4260000
421010380001009,1186,Frankford,,0,0,4260000
421010380001010,1186,Frankford,,46,13,4260000
421010380001011,1186,Frankford,,92,40,4260000
421010380001012,1186,Frankford,,101,35,4260000
421010380001013,1186,Frankford,,84,35,4260000
421010380001014,1186,Frankford,,121,58,4260000
421010380001015,1186,Frankford,,97,41,4260000
421010380001016,1186,Frankford,,54,21,4260000
421010380001017,1186,Frankford,,0,0,4260000
421010380002000,1186,Frankford,,44,16,4260000
421010380002001,1186,Frankford,,60,28,4260000
421010380002002,1186,Frankford,,6,4,4260000
421010380002003,1186,Frankford,,0,0,4260000
421010380002004,1186,Frankford,,0,0,4260000
421010380002005,1186,Frankford,,74,27,4260000
421010380002006,1186,Frankford,,148,51,4260000
421010380002007,1186,Frankford,,146,57,4260000
421010380002008,1186,Frankford,,4,2,4260000
421010380002009,1186,Frankford,,2,1,4260000
421010380002010,1186,Frankford,,24,10,4260000
421010380002011,1186,Frankford,,48,19,4260000
421010380002012,1186,Frankford,,0,0,4260000
421010380002013,1186,Frankford,,156,62,4260000
421010380002014,1186,Frankford,,27,10,4260000
421010380002015,1186,Frankford,,82,30,4260000
421010380002016,1186,Frankford,,203,84,4260000
421010380002017,1186,Frankford,,138,49,4260000
421010380002018,1186,Frankford,,92,44,4260000
421010380002019,1186,Frankford,,52,24,4260000
421010380002020,1186,Frankford,,1,1,4260000
421010380002021,1186,Frankford,,0,0,4260000
421010382003007,1186,Frankford,,0,0,4260000
421010382003008,1186,Frankford,,0,0,4260000
421010382003027,1186,Frankford,,0,0,4260000
421010292003002,1187,Mayfair,,0,0,4260000
421010292003003,1187,Mayfair,,0,0,4260000
421010292003004,1187,Mayfair,,0,0,4260000
421010292003008,1187,Mayfair,,0,0,4260000
421010292003009,1187,Mayfair,,0,0,4260000
421010292003010,1187,Mayfair,,0,0,4260000
421010302001000,1187,Mayfair,,0,0,4260000
421010302001001,1187,Mayfair,,0,0,4260000
421010302001002,1187,Mayfair,,113,39,4260000
421010302001003,1187,Mayfair,,85,35,4260000
421010302001006,1187,Mayfair,,91,36,4260000
421010302001007,1187,Mayfair,,59,18,4260000
421010302001008,1187,Mayfair,,93,36,4260000
421010302002000,1187,Mayfair,,164,49,4260000
421010302002001,1187,Mayfair,,155,47,4260000
421010302002002,1187,Mayfair,,156,50,4260000
421010302002003,1187,Mayfair,,155,54,4260000
421010302002004,1187,Mayfair,,152,50,4260000
421010302002005,1187,Mayfair,,177,64,4260000
421010302002006,1187,Mayfair,,182,68,4260000
421010302002007,1187,Mayfair,,240,82,4260000
421010302002008,1187,Mayfair,,191,63,4260000
421010302005000,1187,Mayfair,,132,56,4260000
421010302005001,1187,Mayfair,,0,0,4260000
421010302005002,1187,Mayfair,,0,0,4260000
421010302005003,1187,Mayfair,,136,54,4260000
421010302005004,1187,Mayfair,,114,69,4260000
421010302005005,1187,Mayfair,,153,54,4260000
421010302005006,1187,Mayfair,,250,82,4260000
421010302005007,1187,Mayfair,,230,73,4260000
421010302005008,1187,Mayfair,,236,75,4260000
421010302005009,1187,Mayfair,,207,73,4260000
421010302005010,1187,Mayfair,,2,1,4260000
421010314021004,1187,Mayfair,,0,0,4260000
421010314021005,1187,Mayfair,,0,0,4260000
421010314021010,1187,Mayfair,,0,0,4260000
421010314021011,1187,Mayfair,,0,0,4260000
421010314022009,1187,Mayfair,,0,0,4260000
421010314022010,1187,Mayfair,,0,0,4260000
421010314022011,1187,Mayfair,,0,0,4260000
421010314022013,1187,Mayfair,,0,0,4260000
421010315011000,1187,Mayfair,,170,70,4260000
421010315011001,1187,Mayfair,,185,74,4260000
421010315011002,1187,Mayfair,,129,62,4260000
421010315011003,1187,Mayfair,,126,48,4260000
421010315011004,1187,Mayfair,,192,81,4260000
421010315011005,1187,Mayfair,,115,52,4260000
421010315011006,1187,Mayfair,,83,42,4260000
421010315011007,1187,Mayfair,,100,44,4260000
421010315011008,1187,Mayfair,,86,54,4260000
421010315012000,1187,Mayfair,,184,75,4260000
421010315012001,1187,Mayfair,,209,79,4260000
421010315012002,1187,Mayfair,,192,83,4260000
421010315012003,1187,Mayfair,,166,69,4260000
421010315012004,1187,Mayfair,,189,64,4260000
421010315012005,1187,Mayfair,,161,67,4260000
421010315012006,1187,Mayfair,,136,48,4260000
421010315012007,1187,Mayfair,,135,50,4260000
421010315012008,1187,Mayfair,,114,47,4260000
421010315012009,1187,Mayfair,,80,24,4260000
421010315013000,1187,Mayfair,,161,62,4260000
421010315013001,1187,Mayfair,,178,63,4260000
421010315013002,1187,Mayfair,,173,65,4260000
421010315013003,1187,Mayfair,,171,66,4260000
421010315013004,1187,Mayfair,,21,6,4260000
421010315013005,1187,Mayfair,,0,0,4260000
421010315013006,1187,Mayfair,,180,63,4260000
421010315013007,1187,Mayfair,,102,33,4260000
421010315014000,1187,Mayfair,,204,56,4260000
421010315014001,1187,Mayfair,,159,54,4260000
421010315014002,1187,Mayfair,,159,62,4260000
421010315014003,1187,Mayfair,,133,48,4260000
421010315014004,1187,Mayfair,,107,47,4260000
421010315014005,1187,Mayfair,,77,27,4260000
421010315014006,1187,Mayfair,,162,69,4260000
421010315014007,1187,Mayfair,,141,70,4260000
421010315015000,1187,Mayfair,,180,63,4260000
421010315015001,1187,Mayfair,,187,61,4260000
421010315015002,1187,Mayfair,,137,60,4260000
421010315015003,1187,Mayfair,,185,61,4260000
421010315015004,1187,Mayfair,,140,60,4260000
421010315015005,1187,Mayfair,,188,71,4260000
421010315015006,1187,Mayfair,,153,61,4260000
421010315015007,1187,Mayfair,,167,58,4260000
421010315021000,1187,Mayfair,,0,0,4260000
421010315021001,1187,Mayfair,,10,4,4260000
421010315021002,1187,Mayfair,,100,54,4260000
421010315021003,1187,Mayfair,,0,0,4260000
421010315021004,1187,Mayfair,,0,0,4260000
421010315021005,1187,Mayfair,,263,99,4260000
421010315021006,1187,Mayfair,,132,52,4260000
421010315021007,1187,Mayfair,,154,54,4260000
421010315021008,1187,Mayfair,,148,60,4260000
421010315021009,1187,Mayfair,,154,69,4260000
421010315021010,1187,Mayfair,,140,66,4260000
421010315021011,1187,Mayfair,,182,57,4260000
421010315021012,1187,Mayfair,,0,0,4260000
421010315021013,1187,Mayfair,,163,55,4260000
421010315021014,1187,Mayfair,,146,54,4260000
421010315021015,1187,Mayfair,,156,54,4260000
421010315021016,1187,Mayfair,,131,56,4260000
421010315022000,1187,Mayfair,,0,0,4260000
421010315022001,1187,Mayfair,,0,0,4260000
421010315022002,1187,Mayfair,,322,127,4260000
421010315022003,1187,Mayfair,,167,77,4260000
421010315022004,1187,Mayfair,,166,91,4260000
421010315022005,1187,Mayfair,,35,1,4260000
421010315022006,1187,Mayfair,,108,62,4260000
421010315022007,1187,Mayfair,,52,25,4260000
421010315023000,1187,Mayfair,,130,52,4260000
421010315023001,1187,Mayfair,,134,52,4260000
421010315023002,1187,Mayfair,,144,55,4260000
421010315023003,1187,Mayfair,,146,53,4260000
421010315023004,1187,Mayfair,,107,44,4260000
421010315023005,1187,Mayfair,,158,66,4260000
421010315023006,1187,Mayfair,,172,60,4260000
421010315023007,1187,Mayfair,,161,57,4260000
421010315023008,1187,Mayfair,,137,52,4260000
421010316001000,1187,Mayfair,,147,56,4260000
421010316001001,1187,Mayfair,,148,56,4260000
421010316001002,1187,Mayfair,,136,55,4260000
421010316001003,1187,Mayfair,,132,53,4260000
421010316001004,1187,Mayfair,,142,53,4260000
421010316001005,1187,Mayfair,,146,55,4260000
421010316002000,1187,Mayfair,,179,63,4260000
421010316002001,1187,Mayfair,,90,36,4260000
421010316002002,1187,Mayfair,,72,33,4260000
421010316002003,1187,Mayfair,,196,66,4260000
421010316002004,1187,Mayfair,,163,58,4260000
421010316002005,1187,Mayfair,,49,17,4260000
421010316003000,1187,Mayfair,,191,63,4260000
421010316003001,1187,Mayfair,,163,59,4260000
421010316003002,1187,Mayfair,,178,54,4260000
421010316003003,1187,Mayfair,,116,43,4260000
421010316003004,1187,Mayfair,,42,26,4260000
421010316003005,1187,Mayfair,,0,0,4260000
421010316004000,1187,Mayfair,,115,44,4260000
421010316004001,1187,Mayfair,,134,55,4260000
421010316004002,1187,Mayfair,,164,52,4260000
421010316004003,1187,Mayfair,,125,37,4260000
421010316004004,1187,Mayfair,,0,0,4260000
421010316004005,1187,Mayfair,,92,28,4260000
421010316004006,1187,Mayfair,,109,36,4260000
421010316004007,1187,Mayfair,,26,9,4260000
421010316005000,1187,Mayfair,,133,56,4260000
421010316005001,1187,Mayfair,,142,60,4260000
421010316005002,1187,Mayfair,,127,61,4260000
421010316005003,1187,Mayfair,,147,55,4260000
421010316005004,1187,Mayfair,,122,58,4260000
421010316005005,1187,Mayfair,,164,57,4260000
421010316006000,1187,Mayfair,,190,61,4260000
421010316006001,1187,Mayfair,,146,64,4260000
421010316006002,1187,Mayfair,,168,69,4260000
421010316006003,1187,Mayfair,,162,65,4260000
421010316006004,1187,Mayfair,,199,69,4260000
421010316006005,1187,Mayfair,,136,58,4260000
421010316006006,1187,Mayfair,,4,4,4260000
421010316007000,1187,Mayfair,,0,0,4260000
421010316007001,1187,Mayfair,,199,69,4260000
421010316007002,1187,Mayfair,,115,45,4260000
421010316007003,1187,Mayfair,,112,49,4260000
421010316007004,1187,Mayfair,,148,48,4260000
421010316007005,1187,Mayfair,,111,42,4260000
421010316007006,1187,Mayfair,,0,0,4260000
421010316007007,1187,Mayfair,,4,1,4260000
421010316007008,1187,Mayfair,,57,21,4260000
421010316007009,1187,Mayfair,,146,52,4260000
421010316007010,1187,Mayfair,,114,50,4260000
421010316007011,1187,Mayfair,,144,49,4260000
421010317001000,1187,Mayfair,,158,56,4260000
421010317001001,1187,Mayfair,,140,53,4260000
421010317001002,1187,Mayfair,,182,67,4260000
421010317001003,1187,Mayfair,,152,60,4260000
421010317001004,1187,Mayfair,,177,72,4260000
421010317001005,1187,Mayfair,,164,61,4260000
421010317001006,1187,Mayfair,,161,59,4260000
421010317001007,1187,Mayfair,,155,73,4260000
421010317002000,1187,Mayfair,,0,0,4260000
421010317002001,1187,Mayfair,,0,0,4260000
421010317002002,1187,Mayfair,,88,31,4260000
421010317002003,1187,Mayfair,,140,63,4260000
421010317002004,1187,Mayfair,,165,61,4260000
421010317002005,1187,Mayfair,,153,56,4260000
421010317002006,1187,Mayfair,,200,74,4260000
421010317002007,1187,Mayfair,,172,72,4260000
421010317002008,1187,Mayfair,,328,114,4260000
421010317002009,1187,Mayfair,,144,56,4260000
421010317002010,1187,Mayfair,,161,54,4260000
421010317003000,1187,Mayfair,,211,65,4260000
421010317003001,1187,Mayfair,,210,63,4260000
421010317003002,1187,Mayfair,,147,65,4260000
421010317003003,1187,Mayfair,,105,37,4260000
421010317003004,1187,Mayfair,,21,11,4260000
421010317003005,1187,Mayfair,,0,0,4260000
421010317003006,1187,Mayfair,,0,0,4260000
421010317004001,1187,Mayfair,,0,0,4260000
421010317004003,1187,Mayfair,,0,0,4260000
421010317004004,1187,Mayfair,,83,35,4260000
421010317004005,1187,Mayfair,,0,0,4260000
421010317004006,1187,Mayfair,,158,59,4260000
421010317004007,1187,Mayfair,,134,58,4260000
421010317004008,1187,Mayfair,,213,85,4260000
421010317004009,1187,Mayfair,,0,0,4260000
421010317004010,1187,Mayfair,,154,58,4260000
421010317004011,1187,Mayfair,,174,57,4260000
421010317004012,1187,Mayfair,,163,56,4260000
421010317004013,1187,Mayfair,,165,57,4260000
421010317004014,1187,Mayfair,,175,65,4260000
421010317004015,1187,Mayfair,,51,20,4260000
421010317005000,1187,Mayfair,,111,56,4260000
421010317005001,1187,Mayfair,,127,56,4260000
421010317005002,1187,Mayfair,,128,59,4260000
421010317005003,1187,Mayfair,,120,59,4260000
421010317005004,1187,Mayfair,,67,34,4260000
421010317005005,1187,Mayfair,,145,57,4260000
421010317005006,1187,Mayfair,,212,96,4260000
421010317005007,1187,Mayfair,,155,55,4260000
421010317005008,1187,Mayfair,,24,20,4260000
421010318001001,1187,Mayfair,,0,0,4260000
421010318001002,1187,Mayfair,,0,0,4260000
421010318001003,1187,Mayfair,,9,4,4260000
421010318001004,1187,Mayfair,,252,119,4260000
421010318001005,1187,Mayfair,,0,0,4260000
421010318001006,1187,Mayfair,,205,72,4260000
421010318001007,1187,Mayfair,,308,114,4260000
421010318001008,1187,Mayfair,,73,27,4260000
421010318001009,1187,Mayfair,,0,0,4260000
421010318001010,1187,Mayfair,,0,0,4260000
421010318001011,1187,Mayfair,,0,0,4260000
421010318001012,1187,Mayfair,,219,67,4260000
421010318001013,1187,Mayfair,,45,18,4260000
421010318001014,1187,Mayfair,,69,45,4260000
421010318001015,1187,Mayfair,,154,57,4260000
421010318001016,1187,Mayfair,,0,0,4260000
421010318001017,1187,Mayfair,,0,0,4260000
421010318001018,1187,Mayfair,,78,31,4260000
421010318002000,1187,Mayfair,,90,46,4260000
421010318002001,1187,Mayfair,,46,26,4260000
421010318002002,1187,Mayfair,,86,43,4260000
421010318002003,1187,Mayfair,,188,70,4260000
421010318002004,1187,Mayfair,,194,71,4260000
421010318002005,1187,Mayfair,,77,26,4260000
421010318002006,1187,Mayfair,,155,50,4260000
421010318002007,1187,Mayfair,,82,37,4260000
421010318002008,1187,Mayfair,,104,50,4260000
421010318003000,1187,Mayfair,,92,30,4260000
421010318003001,1187,Mayfair,,63,23,4260000
421010318003002,1187,Mayfair,,85,31,4260000
421010318003003,1187,Mayfair,,76,28,4260000
421010318003004,1187,Mayfair,,114,35,4260000
421010318003005,1187,Mayfair,,219,81,4260000
421010318003006,1187,Mayfair,,112,38,4260000
421010318004000,1187,Mayfair,,0,0,4260000
421010318004001,1187,Mayfair,,0,0,4260000
421010318004002,1187,Mayfair,,166,79,4260000
421010318004003,1187,Mayfair,,232,66,4260000
421010318004004,1187,Mayfair,,206,62,4260000
421010318004005,1187,Mayfair,,218,70,4260000
421010331011000,1187,Mayfair,,91,35,4260000
421010331011001,1187,Mayfair,,62,23,4260000
421010331011002,1187,Mayfair,,119,38,4260000
421010331011003,1187,Mayfair,,102,39,4260000
421010331011004,1187,Mayfair,,108,43,4260000
421010331011005,1187,Mayfair,,130,48,4260000
421010331011006,1187,Mayfair,,3,1,4260000
421010331011007,1187,Mayfair,,214,87,4260000
421010331011008,1187,Mayfair,,168,64,4260000
421010331011009,1187,Mayfair,,176,57,4260000
421010331011010,1187,Mayfair,,142,52,4260000
421010331011011,1187,Mayfair,,137,49,4260000
421010331012000,1187,Mayfair,,195,66,4260000
421010331012001,1187,Mayfair,,181,68,4260000
421010331012002,1187,Mayfair,,180,71,4260000
421010331012003,1187,Mayfair,,187,73,4260000
421010331012004,1187,Mayfair,,165,63,4260000
421010331012005,1187,Mayfair,,147,60,4260000
421010331012006,1187,Mayfair,,122,55,4260000
421010331012007,1187,Mayfair,,0,0,4260000
421010331013003,1187,Mayfair,,116,61,4260000
421010331013004,1187,Mayfair,,188,68,4260000
421010331014003,1187,Mayfair,,126,54,4260000
421010331014004,1187,Mayfair,,113,53,4260000
421010331014005,1187,Mayfair,,99,40,4260000
421010331014006,1187,Mayfair,,106,44,4260000
421010331014007,1187,Mayfair,,152,49,4260000
421010331014008,1187,Mayfair,,128,54,4260000
421010331014009,1187,Mayfair,,129,51,4260000
421010332001000,1187,Mayfair,,184,75,4260000
421010332001001,1187,Mayfair,,183,61,4260000
421010332001002,1187,Mayfair,,125,46,4260000
421010332001003,1187,Mayfair,,0,0,4260000
421010332001004,1187,Mayfair,,94,37,4260000
421010332001005,1187,Mayfair,,94,35,4260000
421010332001006,1187,Mayfair,,107,42,4260000
421010332001007,1187,Mayfair,,181,67,4260000
421010332001008,1187,Mayfair,,118,40,4260000
421010332001009,1187,Mayfair,,105,38,4260000
421010332001010,1187,Mayfair,,127,40,4260000
421010332001011,1187,Mayfair,,116,46,4260000
421010332001012,1187,Mayfair,,120,40,4260000
421010332002000,1187,Mayfair,,0,0,4260000
421010332002001,1187,Mayfair,,135,71,4260000
421010332002002,1187,Mayfair,,205,86,4260000
421010332002003,1187,Mayfair,,135,41,4260000
421010332002004,1187,Mayfair,,113,40,4260000
421010332002005,1187,Mayfair,,112,38,4260000
421010332002006,1187,Mayfair,,111,38,4260000
421010332002007,1187,Mayfair,,86,38,4260000
421010332002008,1187,Mayfair,,109,46,4260000
421010332002009,1187,Mayfair,,179,68,4260000
421010332002010,1187,Mayfair,,2,1,4260000
421010334004020,1187,Mayfair,,0,0,4260000
421010390004009,1187,Mayfair,,0,0,4260000
421010390004012,1187,Mayfair,,0,0,4260000
421010390004013,1187,Mayfair,,0,0,4260000
421010390004014,1187,Mayfair,,0,0,4260000
421010390004015,1187,Mayfair,,0,0,4260000
421010390004016,1187,Mayfair,,0,0,4260000
421010390004017,1187,Mayfair,,0,0,4260000
421010390004019,1187,Mayfair,,0,0,4260000
421010390004020,1187,Mayfair,,0,0,4260000
421010390004021,1187,Mayfair,,0,0,4260000
421010390004022,1187,Mayfair,,0,0,4260000
421010320001000,1188,Tacony,,16,8,4260000
421010320001001,1188,Tacony,,66,33,4260000
421010320001002,1188,Tacony,,154,69,4260000
421010320001003,1188,Tacony,,201,71,4260000
421010320001004,1188,Tacony,,174,74,4260000
421010320001005,1188,Tacony,,168,66,4260000
421010320002000,1188,Tacony,,116,47,4260000
421010320002001,1188,Tacony,,134,46,4260000
421010320002002,1188,Tacony,,128,46,4260000
421010320002003,1188,Tacony,,112,46,4260000
421010320002004,1188,Tacony,,145,50,4260000
421010320002005,1188,Tacony,,0,0,4260000
421010320002006,1188,Tacony,,153,57,4260000
421010320002007,1188,Tacony,,170,58,4260000
421010320003000,1188,Tacony,,35,23,4260000
421010320003001,1188,Tacony,,25,14,4260000
421010320003002,1188,Tacony,,61,31,4260000
421010320003003,1188,Tacony,,171,61,4260000
421010320003004,1188,Tacony,,53,24,4260000
421010320003005,1188,Tacony,,43,14,4260000
421010320003006,1188,Tacony,,55,27,4260000
421010320003007,1188,Tacony,,0,0,4260000
421010320003008,1188,Tacony,,22,16,4260000
421010320003013,1188,Tacony,,66,26,4260000
421010320003014,1188,Tacony,,65,26,4260000
421010320007000,1188,Tacony,,27,11,4260000
421010320007001,1188,Tacony,,52,34,4260000
421010320007002,1188,Tacony,,75,20,4260000
421010320007003,1188,Tacony,,59,33,4260000
421010320007004,1188,Tacony,,202,66,4260000
421010320007005,1188,Tacony,,175,65,4260000
421010320007006,1188,Tacony,,174,106,4260000
421010320007007,1188,Tacony,,160,72,4260000
421010323003000,1188,Tacony,,180,62,4260000
421010323003001,1188,Tacony,,164,91,4260000
421010323003002,1188,Tacony,,155,53,4260000
421010323003003,1188,Tacony,,183,65,4260000
421010323003004,1188,Tacony,,177,76,4260000
421010323003005,1188,Tacony,,171,58,4260000
421010323003006,1188,Tacony,,0,0,4260000
421010323003007,1188,Tacony,,157,65,4260000
421010323003008,1188,Tacony,,104,55,4260000
421010323003009,1188,Tacony,,0,0,4260000
421010323003010,1188,Tacony,,0,0,4260000
421010323003011,1188,Tacony,,99,53,4260000
421010323003012,1188,Tacony,,108,54,4260000
421010323003013,1188,Tacony,,61,21,4260000
421010323003014,1188,Tacony,,40,10,4260000
421010323003015,1188,Tacony,,25,13,4260000
421010323003016,1188,Tacony,,82,32,4260000
421010325001000,1188,Tacony,,65,25,4260000
421010325001001,1188,Tacony,,39,19,4260000
421010325001002,1188,Tacony,,0,0,4260000
421010325001003,1188,Tacony,,71,27,4260000
421010325001004,1188,Tacony,,78,36,4260000
421010325001005,1188,Tacony,,124,67,4260000
421010325001006,1188,Tacony,,203,86,4260000
421010325001007,1188,Tacony,,89,48,4260000
421010325001008,1188,Tacony,,0,0,4260000
421010325001009,1188,Tacony,,86,46,4260000
421010325002000,1188,Tacony,,155,63,4260000
421010325002001,1188,Tacony,,178,66,4260000
421010325002002,1188,Tacony,,159,57,4260000
421010325002003,1188,Tacony,,138,50,4260000
421010325002004,1188,Tacony,,112,40,4260000
421010325002005,1188,Tacony,,112,48,4260000
421010325002006,1188,Tacony,,76,28,4260000
421010325002007,1188,Tacony,,98,38,4260000
421010325002008,1188,Tacony,,134,49,4260000
421010325002009,1188,Tacony,,130,43,4260000
421010325002010,1188,Tacony,,131,46,4260000
421010325002011,1188,Tacony,,150,51,4260000
421010325002012,1188,Tacony,,117,43,4260000
421010325003000,1188,Tacony,,46,18,4260000
421010325003001,1188,Tacony,,57,26,4260000
421010325003002,1188,Tacony,,23,11,4260000
421010325003003,1188,Tacony,,35,15,4260000
421010325003004,1188,Tacony,,99,41,4260000
421010325003005,1188,Tacony,,41,19,4260000
421010325003006,1188,Tacony,,37,24,4260000
421010325003007,1188,Tacony,,22,10,4260000
421010325003008,1188,Tacony,,56,29,4260000
421010325003009,1188,Tacony,,15,10,4260000
421010325003010,1188,Tacony,,52,19,4260000
421010325003011,1188,Tacony,,0,0,4260000
421010325003012,1188,Tacony,,26,7,4260000
421010325003013,1188,Tacony,,30,8,4260000
421010325003014,1188,Tacony,,94,37,4260000
421010325003015,1188,Tacony,,30,11,4260000
421010325003016,1188,Tacony,,0,0,4260000
421010325003017,1188,Tacony,,42,14,4260000
421010325003018,1188,Tacony,,126,59,4260000
421010325003019,1188,Tacony,,102,49,4260000
421010325003020,1188,Tacony,,39,15,4260000
421010325003021,1188,Tacony,,48,22,4260000
421010325003022,1188,Tacony,,35,7,4260000
421010325003023,1188,Tacony,,22,15,4260000
421010325003024,1188,Tacony,,37,19,4260000
421010325003025,1188,Tacony,,86,50,4260000
421010325003026,1188,Tacony,,27,18,4260000
421010325003027,1188,Tacony,,51,24,4260000
421010325003028,1188,Tacony,,35,14,4260000
421010325003029,1188,Tacony,,52,16,4260000
421010325003030,1188,Tacony,,36,28,4260000
421010325003031,1188,Tacony,,61,37,4260000
421010325003032,1188,Tacony,,97,52,4260000
421010325004000,1188,Tacony,,34,12,4260000
421010325004001,1188,Tacony,,35,28,4260000
421010325004002,1188,Tacony,,57,43,4260000
421010325004003,1188,Tacony,,77,40,4260000
421010325004004,1188,Tacony,,106,49,4260000
421010325004005,1188,Tacony,,89,43,4260000
421010325004006,1188,Tacony,,63,18,4260000
421010325004007,1188,Tacony,,183,69,4260000
421010325004008,1188,Tacony,,35,15,4260000
421010325004009,1188,Tacony,,122,48,4260000
421010325004010,1188,Tacony,,154,65,4260000
421010325004011,1188,Tacony,,157,58,4260000
421010325004012,1188,Tacony,,169,66,4260000
421010325004013,1188,Tacony,,78,36,4260000
421010325004014,1188,Tacony,,103,31,4260000
421010325004015,1188,Tacony,,39,18,4260000
421010325004016,1188,Tacony,,0,0,4260000
421010325004017,1188,Tacony,,0,0,4260000
421010325004018,1188,Tacony,,0,0,4260000
421010325004019,1188,Tacony,,64,25,4260000
421010325004020,1188,Tacony,,197,70,4260000
421010326001000,1188,Tacony,,0,0,4260000
421010326001001,1188,Tacony,,81,29,4260000
421010326001002,1188,Tacony,,94,32,4260000
421010326001003,1188,Tacony,,221,84,4260000
421010326001004,1188,Tacony,,122,52,4260000
421010326001005,1188,Tacony,,118,39,4260000
421010326001006,1188,Tacony,,172,72,4260000
421010326002000,1188,Tacony,,151,83,4260000
421010326002001,1188,Tacony,,165,56,4260000
421010326002002,1188,Tacony,,261,95,4260000
421010326002003,1188,Tacony,,208,75,4260000
421010326002004,1188,Tacony,,107,46,4260000
421010326002005,1188,Tacony,,131,47,4260000
421010326003000,1188,Tacony,,156,65,4260000
421010326003001,1188,Tacony,,88,32,4260000
421010326003002,1188,Tacony,,90,34,4260000
421010326003003,1188,Tacony,,102,50,4260000
421010326003004,1188,Tacony,,126,42,4260000
421010326003005,1188,Tacony,,139,55,4260000
421010326003006,1188,Tacony,,133,60,4260000
421010326003007,1188,Tacony,,243,82,4260000
421010326003008,1188,Tacony,,127,41,4260000
421010326004000,1188,Tacony,,154,58,4260000
421010326004001,1188,Tacony,,248,87,4260000
421010326004002,1188,Tacony,,117,44,4260000
421010326004003,1188,Tacony,,119,44,4260000
421010326004004,1188,Tacony,,232,77,4260000
421010326004005,1188,Tacony,,173,60,4260000
421010326004006,1188,Tacony,,175,60,4260000
421010326004007,1188,Tacony,,219,69,4260000
421010326004008,1188,Tacony,,99,46,4260000
421010326005000,1188,Tacony,,117,53,4260000
421010326005001,1188,Tacony,,59,21,4260000
421010326005002,1188,Tacony,,38,15,4260000
421010326005003,1188,Tacony,,89,47,4260000
421010326005004,1188,Tacony,,73,34,4260000
421010326005005,1188,Tacony,,94,36,4260000
421010326005006,1188,Tacony,,53,20,4260000
421010326005007,1188,Tacony,,84,35,4260000
421010326006000,1188,Tacony,,83,31,4260000
421010326006001,1188,Tacony,,102,38,4260000
421010326006002,1188,Tacony,,127,46,4260000
421010326006003,1188,Tacony,,81,42,4260000
421010326006004,1188,Tacony,,91,33,4260000
421010326006005,1188,Tacony,,140,48,4260000
421010326006006,1188,Tacony,,129,49,4260000
421010326006007,1188,Tacony,,72,23,4260000
421010326007000,1188,Tacony,,67,34,4260000
421010326007001,1188,Tacony,,35,21,4260000
421010326007002,1188,Tacony,,57,18,4260000
421010326007003,1188,Tacony,,53,21,4260000
421010326007004,1188,Tacony,,29,8,4260000
421010326007005,1188,Tacony,,88,41,4260000
421010326007006,1188,Tacony,,89,32,4260000
421010326007007,1188,Tacony,,95,42,4260000
421010326007008,1188,Tacony,,75,27,4260000
421010326007009,1188,Tacony,,96,44,4260000
421010326007010,1188,Tacony,,79,34,4260000
421010326007011,1188,Tacony,,69,21,4260000
421010326007012,1188,Tacony,,107,67,4260000
421010326007013,1188,Tacony,,0,0,4260000
421010381001002,1188,Tacony,,0,0,4260000
421010381001003,1188,Tacony,,0,0,4260000
421010381001004,1188,Tacony,,0,0,4260000
421010381001005,1188,Tacony,,0,0,4260000
421010381001006,1188,Tacony,,0,0,4260000
421010381001007,1188,Tacony,,0,0,4260000
421010381001008,1188,Tacony,,0,0,4260000
421010381001009,1188,Tacony,,0,0,4260000
421010381001010,1188,Tacony,,0,0,4260000
421010381001016,1188,Tacony,,0,0,4260000
421010381001017,1188,Tacony,,0,0,4260000
421010381001018,1188,Tacony,,0,0,4260000
421010381001019,1188,Tacony,,0,0,4260000
421010381001039,1188,Tacony,,0,0,4260000
421010381001040,1188,Tacony,,0,0,4260000
421010381002008,1188,Tacony,,50,23,4260000
421010381002009,1188,Tacony,,14,11,4260000
421010381002018,1188,Tacony,,6,5,4260000
421010381002023,1188,Tacony,,0,0,4260000
421010381002024,1188,Tacony,,0,0,4260000
421010381002026,1188,Tacony,,0,0,4260000
421010381002027,1188,Tacony,,8,4,4260000
421010381002028,1188,Tacony,,23,11,4260000
421010381002029,1188,Tacony,,21,7,4260000
421010381002030,1188,Tacony,,0,0,4260000
421010381002031,1188,Tacony,,0,0,4260000
421010381002032,1188,Tacony,,0,0,4260000
421010381002033,1188,Tacony,,6,4,4260000
421010381002034,1188,Tacony,,46,15,4260000
421010381002035,1188,Tacony,,0,0,4260000
421010381002036,1188,Tacony,,0,0,4260000
421010381002037,1188,Tacony,,0,0,4260000
421010381002038,1188,Tacony,,0,0,4260000
421010381002039,1188,Tacony,,1,1,4260000
421010381002040,1188,Tacony,,0,0,4260000
421010381002041,1188,Tacony,,0,0,4260000
421010381002042,1188,Tacony,,0,0,4260000
421010381002043,1188,Tacony,,0,0,4260000
421010381002044,1188,Tacony,,0,0,4260000
421010381002045,1188,Tacony,,0,0,4260000
421010381002046,1188,Tacony,,0,0,4260000
421010381002047,1188,Tacony,,0,0,4260000
421010381002048,1188,Tacony,,0,0,4260000
421010381002049,1188,Tacony,,0,0,4260000
421010381002050,1188,Tacony,,0,0,4260000
421010381002051,1188,Tacony,,0,0,4260000
421010381002052,1188,Tacony,,0,0,4260000
421010381002053,1188,Tacony,,0,0,4260000
421010381002054,1188,Tacony,,0,0,4260000
421010381002055,1188,Tacony,,0,0,4260000
421010381002056,1188,Tacony,,0,0,4260000
421010381002057,1188,Tacony,,0,0,4260000
421010381002058,1188,Tacony,,0,0,4260000
421010381002059,1188,Tacony,,0,0,4260000
421010381002060,1188,Tacony,,0,0,4260000
421010381002061,1188,Tacony,,0,0,4260000
421010381002062,1188,Tacony,,0,0,4260000
421010381002063,1188,Tacony,,0,0,4260000
421010381002064,1188,Tacony,,0,0,4260000
421010381002065,1188,Tacony,,0,0,4260000
421010381002066,1188,Tacony,,0,0,4260000
421010381002067,1188,Tacony,,0,0,4260000
421010381002068,1188,Tacony,,0,0,4260000
421010381002069,1188,Tacony,,0,0,4260000
421010381002070,1188,Tacony,,0,0,4260000
421010381002071,1188,Tacony,,0,0,4260000
421010381002072,1188,Tacony,,0,0,4260000
421010381002073,1188,Tacony,,0,0,4260000
421010218001000,1190,Andorra,,43,18,4260000
421010218001001,1190,Andorra,,140,53,4260000
421010218001002,1190,Andorra,,20,9,4260000
421010384001000,1190,Andorra,,127,53,4260000
421010384001001,1190,Andorra,,60,24,4260000
421010384001003,1190,Andorra,,27,13,4260000
421010384001004,1190,Andorra,,101,36,4260000
421010384001005,1190,Andorra,,17,8,4260000
421010384001006,1190,Andorra,,130,43,4260000
421010384001007,1190,Andorra,,31,13,4260000
421010384001008,1190,Andorra,,128,44,4260000
421010384001010,1190,Andorra,,71,24,4260000
421010384001011,1190,Andorra,,58,23,4260000
421010384001012,1190,Andorra,,29,13,4260000
421010384001013,1190,Andorra,,0,0,4260000
421010384001017,1190,Andorra,,3,1,4260000
421010384001018,1190,Andorra,,203,96,4260000
421010384001019,1190,Andorra,,161,58,4260000
421010384002000,1190,Andorra,,42,17,4260000
421010384002001,1190,Andorra,,103,41,4260000
421010384002002,1190,Andorra,,113,48,4260000
421010384002003,1190,Andorra,,53,18,4260000
421010384002004,1190,Andorra,,32,13,4260000
421010384002005,1190,Andorra,,164,72,4260000
421010384002006,1190,Andorra,,20,10,4260000
421010384002007,1190,Andorra,,45,18,4260000
421010384002008,1190,Andorra,,32,13,4260000
421010384002009,1190,Andorra,,83,30,4260000
421010384002010,1190,Andorra,,64,25,4260000
421010384002011,1190,Andorra,,35,15,4260000
421010384002012,1190,Andorra,,8,2,4260000
421010384002013,1190,Andorra,,72,29,4260000
421010384002014,1190,Andorra,,36,13,4260000
421010384002017,1190,Andorra,,112,91,4260000
421010384002018,1190,Andorra,,56,21,4260000
421010217001000,1191,Upper Roxborough,,396,165,4260000
421010217001001,1191,Upper Roxborough,,142,52,4260000
421010217001002,1191,Upper Roxborough,,209,79,4260000
421010217001003,1191,Upper Roxborough,,133,55,4260000
421010217001004,1191,Upper Roxborough,,249,105,4260000
421010217001005,1191,Upper Roxborough,,125,52,4260000
421010217001006,1191,Upper Roxborough,,191,78,4260000
421010217001007,1191,Upper Roxborough,,66,24,4260000
421010217001008,1191,Upper Roxborough,,85,34,4260000
421010217001009,1191,Upper Roxborough,,178,69,4260000
421010217001010,1191,Upper Roxborough,,196,115,4260000
421010217002000,1191,Upper Roxborough,,107,43,4260000
421010217002001,1191,Upper Roxborough,,179,66,4260000
421010217002002,1191,Upper Roxborough,,216,78,4260000
421010217002003,1191,Upper Roxborough,,275,112,4260000
421010217002004,1191,Upper Roxborough,,383,214,4260000
421010217002005,1191,Upper Roxborough,,0,0,4260000
421010217002006,1191,Upper Roxborough,,195,96,4260000
421010217002007,1191,Upper Roxborough,,358,146,4260000
421010217002008,1191,Upper Roxborough,,63,28,4260000
421010217002009,1191,Upper Roxborough,,33,13,4260000
421010217002010,1191,Upper Roxborough,,75,34,4260000
421010217002011,1191,Upper Roxborough,,48,23,4260000
421010217003000,1191,Upper Roxborough,,230,120,4260000
421010217003001,1191,Upper Roxborough,,0,0,4260000
421010217003002,1191,Upper Roxborough,,0,0,4260000
421010217003003,1191,Upper Roxborough,,142,67,4260000
421010217003004,1191,Upper Roxborough,,195,139,4260000
421010217003005,1191,Upper Roxborough,,14,6,4260000
421010218001003,1191,Upper Roxborough,,1004,594,4260000
421010218001004,1191,Upper Roxborough,,63,21,4260000
421010218001005,1191,Upper Roxborough,,43,14,4260000
421010218001006,1191,Upper Roxborough,,24,11,4260000
421010218001007,1191,Upper Roxborough,,1,1,4260000
421010218001008,1191,Upper Roxborough,,54,19,4260000
421010218001009,1191,Upper Roxborough,,360,242,4260000
421010218001010,1191,Upper Roxborough,,12,5,4260000
421010218001011,1191,Upper Roxborough,,70,26,4260000
421010218001012,1191,Upper Roxborough,,48,21,4260000
421010218002000,1191,Upper Roxborough,,44,18,4260000
421010218002001,1191,Upper Roxborough,,782,483,4260000
421010218002002,1191,Upper Roxborough,,37,16,4260000
421010218002003,1191,Upper Roxborough,,42,16,4260000
421010218002004,1191,Upper Roxborough,,179,70,4260000
421010218002005,1191,Upper Roxborough,,166,72,4260000
421010218002006,1191,Upper Roxborough,,30,18,4260000
421010218002007,1191,Upper Roxborough,,43,19,4260000
421010218002008,1191,Upper Roxborough,,107,42,4260000
421010218003000,1191,Upper Roxborough,,233,134,4260000
421010218003001,1191,Upper Roxborough,,714,401,4260000
421010218003002,1191,Upper Roxborough,,0,0,4260000
421010219001000,1191,Upper Roxborough,,36,14,4260000
421010219001001,1191,Upper Roxborough,,0,0,4260000
421010219001002,1191,Upper Roxborough,,51,16,4260000
421010219001003,1191,Upper Roxborough,,35,15,4260000
421010219001004,1191,Upper Roxborough,,59,28,4260000
421010219001005,1191,Upper Roxborough,,51,18,4260000
421010219001006,1191,Upper Roxborough,,119,58,4260000
421010219001007,1191,Upper Roxborough,,35,15,4260000
421010219001008,1191,Upper Roxborough,,33,13,4260000
421010219001009,1191,Upper Roxborough,,32,13,4260000
421010219001026,1191,Upper Roxborough,,33,12,4260000
421010219001027,1191,Upper Roxborough,,10,6,4260000
421010219001028,1191,Upper Roxborough,,0,0,4260000
421010220001000,1191,Upper Roxborough,,309,136,4260000
421010220001001,1191,Upper Roxborough,,95,30,4260000
421010220001002,1191,Upper Roxborough,,162,66,4260000
421010220001003,1191,Upper Roxborough,,35,18,4260000
421010220001004,1191,Upper Roxborough,,644,379,4260000
421010220001005,1191,Upper Roxborough,,30,13,4260000
421010220001006,1191,Upper Roxborough,,25,9,4260000
421010220001007,1191,Upper Roxborough,,0,0,4260000
421010220001008,1191,Upper Roxborough,,149,51,4260000
421010220001009,1191,Upper Roxborough,,13,2,4260000
421010220001010,1191,Upper Roxborough,,57,26,4260000
421010220001011,1191,Upper Roxborough,,23,15,4260000
421010220001012,1191,Upper Roxborough,,0,0,4260000
421010220001013,1191,Upper Roxborough,,0,0,4260000
421010220001014,1191,Upper Roxborough,,52,18,4260000
421010220001015,1191,Upper Roxborough,,31,11,4260000
421010220001016,1191,Upper Roxborough,,41,19,4260000
421010220001017,1191,Upper Roxborough,,15,4,4260000
421010384001014,1191,Upper Roxborough,,2,1,4260000
421010384001015,1191,Upper Roxborough,,4,1,4260000
421010384001016,1191,Upper Roxborough,,8,4,4260000
421010384002015,1191,Upper Roxborough,,0,0,4260000
421010384002016,1191,Upper Roxborough,,0,0,4260000
421010384002019,1191,Upper Roxborough,,0,0,4260000
421010384002020,1191,Upper Roxborough,,0,0,4260000
421010384002021,1191,Upper Roxborough,,0,0,4260000
421010384002022,1191,Upper Roxborough,,7,5,4260000
421019801001021,1191,Upper Roxborough,,0,0,4260000
421010216002000,1192,Dearnley Park,,393,234,4260000
421010216002001,1192,Dearnley Park,,2,1,4260000
421010216002002,1192,Dearnley Park,,0,0,4260000
421010216002003,1192,Dearnley Park,,0,0,4260000
421010216002004,1192,Dearnley Park,,2,1,4260000
421010216002005,1192,Dearnley Park,,0,0,4260000
421010216002006,1192,Dearnley Park,,0,0,4260000
421010216002007,1192,Dearnley Park,,0,0,4260000
421010216002008,1192,Dearnley Park,,0,0,4260000
421010216002013,1192,Dearnley Park,,0,0,4260000
421010216002014,1192,Dearnley Park,,91,41,4260000
421010216002015,1192,Dearnley Park,,201,138,4260000
421010219001010,1192,Dearnley Park,,44,19,4260000
421010219001011,1192,Dearnley Park,,0,0,4260000
421010219001012,1192,Dearnley Park,,37,17,4260000
421010219001013,1192,Dearnley Park,,412,299,4260000
421010219001014,1192,Dearnley Park,,24,13,4260000
421010219001015,1192,Dearnley Park,,40,10,4260000
421010219001016,1192,Dearnley Park,,35,11,4260000
421010219001017,1192,Dearnley Park,,31,13,4260000
421010219001018,1192,Dearnley Park,,81,32,4260000
421010219001019,1192,Dearnley Park,,48,22,4260000
421010219001020,1192,Dearnley Park,,66,26,4260000
421010219001021,1192,Dearnley Park,,26,10,4260000
421010219001022,1192,Dearnley Park,,20,12,4260000
421010219001023,1192,Dearnley Park,,28,11,4260000
421010219001024,1192,Dearnley Park,,29,10,4260000
421010219001025,1192,Dearnley Park,,17,8,4260000
421010216001000,1193,Roxborough Park,,103,43,4260000
421010216001001,1193,Roxborough Park,,189,94,4260000
421010216001002,1193,Roxborough Park,,83,36,4260000
421010216001003,1193,Roxborough Park,,61,23,4260000
421010216001004,1193,Roxborough Park,,39,22,4260000
421010216001005,1193,Roxborough Park,,64,23,4260000
421010216001006,1193,Roxborough Park,,333,150,4260000
421010216001007,1193,Roxborough Park,,36,15,4260000
421010216001008,1193,Roxborough Park,,2,1,4260000
421010216002016,1193,Roxborough Park,,227,194,4260000
421010216002017,1193,Roxborough Park,,0,0,4260000
421010216002019,1193,Roxborough Park,,0,0,4260000
421010215001000,1194,Germany Hill,,71,31,4260000
421010215001001,1194,Germany Hill,,71,30,4260000
421010215001002,1194,Germany Hill,,79,33,4260000
421010215001003,1194,Germany Hill,,124,54,4260000
421010215001004,1194,Germany Hill,,180,105,4260000
421010215001005,1194,Germany Hill,,116,48,4260000
421010215001006,1194,Germany Hill,,106,47,4260000
421010215001007,1194,Germany Hill,,34,18,4260000
421010215002019,1194,Germany Hill,,0,0,4260000
421010215004000,1194,Germany Hill,,194,84,4260000
421010215004001,1194,Germany Hill,,5,2,4260000
421010215004002,1194,Germany Hill,,402,203,4260000
421010215004003,1194,Germany Hill,,106,41,4260000
421010215004004,1194,Germany Hill,,61,27,4260000
421010215004005,1194,Germany Hill,,6,3,4260000
421010215004006,1194,Germany Hill,,40,16,4260000
421010215004007,1194,Germany Hill,,0,0,4260000
421010215004008,1194,Germany Hill,,131,63,4260000
421010216002009,1194,Germany Hill,,0,0,4260000
421010216002010,1194,Germany Hill,,0,0,4260000
421010216002011,1194,Germany Hill,,0,0,4260000
421010216002012,1194,Germany Hill,,0,0,4260000
421010216002018,1194,Germany Hill,,0,0,4260000
421010216002020,1194,Germany Hill,,0,0,4260000
421010216002021,1194,Germany Hill,,0,0,4260000
421010217003006,1195,Wissahickon Hills,,94,38,4260000
421010217003007,1195,Wissahickon Hills,,0,0,4260000
421010217003008,1195,Wissahickon Hills,,82,37,4260000
421010217003009,1195,Wissahickon Hills,,138,52,4260000
421010217004000,1195,Wissahickon Hills,,159,74,4260000
421010217004001,1195,Wissahickon Hills,,71,36,4260000
421010217004002,1195,Wissahickon Hills,,111,52,4260000
421010217004003,1195,Wissahickon Hills,,74,32,4260000
421010217004004,1195,Wissahickon Hills,,159,65,4260000
421010217004005,1195,Wissahickon Hills,,100,40,4260000
421010217004006,1195,Wissahickon Hills,,48,20,4260000
421010217004009,1195,Wissahickon Hills,,52,25,4260000
421010240001003,1203,Germantown - Westside,,59,59,4260000
421010240001004,1203,Germantown - Westside,,777,517,4260000
421010240002003,1203,Germantown - Westside,,99,48,4260000
421010240002004,1203,Germantown - Westside,,71,29,4260000
421010240002005,1203,Germantown - Westside,,128,36,4260000
421010240002006,1203,Germantown - Westside,,109,59,4260000
421010240002007,1203,Germantown - Westside,,69,36,4260000
421010240002008,1203,Germantown - Westside,,99,52,4260000
421010240002009,1203,Germantown - Westside,,39,23,4260000
421010240002010,1203,Germantown - Westside,,47,24,4260000
421010240002011,1203,Germantown - Westside,,45,18,4260000
421010240002012,1203,Germantown - Westside,,35,14,4260000
421010240003000,1203,Germantown - Westside,,72,43,4260000
421010240003001,1203,Germantown - Westside,,23,13,4260000
421010240003002,1203,Germantown - Westside,,61,23,4260000
421010240003003,1203,Germantown - Westside,,66,25,4260000
421010240003004,1203,Germantown - Westside,,62,16,4260000
421010240003005,1203,Germantown - Westside,,96,40,4260000
421010240003006,1203,Germantown - Westside,,355,120,4260000
421010240004000,1203,Germantown - Westside,,137,54,4260000
421010240004001,1203,Germantown - Westside,,151,70,4260000
421010240004002,1203,Germantown - Westside,,94,50,4260000
421010240004003,1203,Germantown - Westside,,54,30,4260000
421010240004004,1203,Germantown - Westside,,217,154,4260000
421010240004005,1203,Germantown - Westside,,0,0,4260000
421010240004006,1203,Germantown - Westside,,112,62,4260000
421010240004007,1203,Germantown - Westside,,71,47,4260000
421010242002003,1203,Germantown - Westside,,302,176,4260000
421010242002004,1203,Germantown - Westside,,158,112,4260000
421010242002005,1203,Germantown - Westside,,99,79,4260000
421010243001000,1203,Germantown - Westside,,148,84,4260000
421010243001001,1203,Germantown - Westside,,95,49,4260000
421010243001002,1203,Germantown - Westside,,69,50,4260000
421010243001003,1203,Germantown - Westside,,126,60,4260000
421010243001004,1203,Germantown - Westside,,165,109,4260000
421010243001005,1203,Germantown - Westside,,157,87,4260000
421010209001001,1196,Roxborough,,33,17,4260000
421010209001002,1196,Roxborough,,108,53,4260000
421010209004000,1196,Roxborough,,52,31,4260000
421010209004005,1196,Roxborough,,92,63,4260000
421010209004006,1196,Roxborough,,37,21,4260000
421010210001000,1196,Roxborough,,0,0,4260000
421010210001001,1196,Roxborough,,68,30,4260000
421010210001002,1196,Roxborough,,42,19,4260000
421010210001003,1196,Roxborough,,90,33,4260000
421010210001004,1196,Roxborough,,11,6,4260000
421010210001005,1196,Roxborough,,138,122,4260000
421010210001006,1196,Roxborough,,120,58,4260000
421010210001007,1196,Roxborough,,99,46,4260000
421010210001008,1196,Roxborough,,21,9,4260000
421010210001009,1196,Roxborough,,107,50,4260000
421010210001010,1196,Roxborough,,85,40,4260000
421010210001011,1196,Roxborough,,79,33,4260000
421010210001012,1196,Roxborough,,76,44,4260000
421010210001013,1196,Roxborough,,2,1,4260000
421010210003000,1196,Roxborough,,83,34,4260000
421010210003001,1196,Roxborough,,71,37,4260000
421010210003002,1196,Roxborough,,76,40,4260000
421010210003003,1196,Roxborough,,92,50,4260000
421010210003004,1196,Roxborough,,112,53,4260000
421010210003005,1196,Roxborough,,64,31,4260000
421010210003006,1196,Roxborough,,116,52,4260000
421010210003007,1196,Roxborough,,113,61,4260000
421010210003008,1196,Roxborough,,155,69,4260000
421010210003009,1196,Roxborough,,32,18,4260000
421010210003010,1196,Roxborough,,28,10,4260000
421010210005000,1196,Roxborough,,94,48,4260000
421010210005001,1196,Roxborough,,52,30,4260000
421010210005002,1196,Roxborough,,294,179,4260000
421010210005003,1196,Roxborough,,64,39,4260000
421010210005004,1196,Roxborough,,107,54,4260000
421010210005005,1196,Roxborough,,42,21,4260000
421010210005006,1196,Roxborough,,31,14,4260000
421010210005007,1196,Roxborough,,49,26,4260000
421010210005008,1196,Roxborough,,125,76,4260000
421010210005009,1196,Roxborough,,50,28,4260000
421010211002000,1196,Roxborough,,147,65,4260000
421010211002001,1196,Roxborough,,63,23,4260000
421010211002002,1196,Roxborough,,85,46,4260000
421010211002003,1196,Roxborough,,70,41,4260000
421010211002004,1196,Roxborough,,101,41,4260000
421010211002005,1196,Roxborough,,0,0,4260000
421010211002006,1196,Roxborough,,99,66,4260000
421010211002007,1196,Roxborough,,78,35,4260000
421010211002008,1196,Roxborough,,156,74,4260000
421010211002009,1196,Roxborough,,108,46,4260000
421010211002010,1196,Roxborough,,2,2,4260000
421010211002011,1196,Roxborough,,13,10,4260000
421010211002012,1196,Roxborough,,26,15,4260000
421010211002013,1196,Roxborough,,30,18,4260000
421010211002014,1196,Roxborough,,42,17,4260000
421010211002015,1196,Roxborough,,27,12,4260000
421010211002016,1196,Roxborough,,86,45,4260000
421010211002017,1196,Roxborough,,85,45,4260000
421010211002018,1196,Roxborough,,42,15,4260000
421010212001000,1196,Roxborough,,151,58,4260000
421010212001001,1196,Roxborough,,252,173,4260000
421010212001002,1196,Roxborough,,152,91,4260000
421010212001003,1196,Roxborough,,131,78,4260000
421010212001004,1196,Roxborough,,163,82,4260000
421010212001005,1196,Roxborough,,61,27,4260000
421010212001006,1196,Roxborough,,135,72,4260000
421010212001007,1196,Roxborough,,105,51,4260000
421010212001008,1196,Roxborough,,0,0,4260000
421010212002000,1196,Roxborough,,0,0,4260000
421010212002001,1196,Roxborough,,40,19,4260000
421010212002002,1196,Roxborough,,26,9,4260000
421010212002003,1196,Roxborough,,335,144,4260000
421010212002004,1196,Roxborough,,132,70,4260000
421010212002005,1196,Roxborough,,120,52,4260000
421010212002006,1196,Roxborough,,90,47,4260000
421010212002007,1196,Roxborough,,90,46,4260000
421010212002008,1196,Roxborough,,166,67,4260000
421010212002009,1196,Roxborough,,96,48,4260000
421010213001000,1196,Roxborough,,107,47,4260000
421010213001001,1196,Roxborough,,88,53,4260000
421010213001002,1196,Roxborough,,96,48,4260000
421010213001003,1196,Roxborough,,141,28,4260000
421010213001004,1196,Roxborough,,131,70,4260000
421010213001005,1196,Roxborough,,120,54,4260000
421010213002000,1196,Roxborough,,128,57,4260000
421010213002001,1196,Roxborough,,76,39,4260000
421010213002002,1196,Roxborough,,88,43,4260000
421010213002003,1196,Roxborough,,81,43,4260000
421010213002004,1196,Roxborough,,97,56,4260000
421010213002005,1196,Roxborough,,110,64,4260000
421010213002006,1196,Roxborough,,113,51,4260000
421010213003000,1196,Roxborough,,84,34,4260000
421010213003001,1196,Roxborough,,75,34,4260000
421010213003002,1196,Roxborough,,123,40,4260000
421010213003003,1196,Roxborough,,157,71,4260000
421010213003004,1196,Roxborough,,126,56,4260000
421010213003005,1196,Roxborough,,67,36,4260000
421010213003006,1196,Roxborough,,97,51,4260000
421010213004000,1196,Roxborough,,69,25,4260000
421010213004001,1196,Roxborough,,105,43,4260000
421010213004002,1196,Roxborough,,115,66,4260000
421010213004003,1196,Roxborough,,46,18,4260000
421010213004004,1196,Roxborough,,132,53,4260000
421010213004005,1196,Roxborough,,148,60,4260000
421010213004006,1196,Roxborough,,118,56,4260000
421010213005000,1196,Roxborough,,106,54,4260000
421010213005002,1196,Roxborough,,86,40,4260000
421010213005003,1196,Roxborough,,78,35,4260000
421010213005004,1196,Roxborough,,113,55,4260000
421010213005005,1196,Roxborough,,35,20,4260000
421010215003000,1196,Roxborough,,0,0,4260000
421010215003001,1196,Roxborough,,0,0,4260000
421010215003002,1196,Roxborough,,99,44,4260000
421010215003003,1196,Roxborough,,36,22,4260000
421010215003004,1196,Roxborough,,92,48,4260000
421010217004007,1196,Roxborough,,91,43,4260000
421010217004008,1196,Roxborough,,110,44,4260000
421010210002000,1197,Manayunk,,87,50,4260000
421010210002001,1197,Manayunk,,79,33,4260000
421010210002002,1197,Manayunk,,123,60,4260000
421010210002003,1197,Manayunk,,124,60,4260000
421010210002004,1197,Manayunk,,120,50,4260000
421010210002005,1197,Manayunk,,45,21,4260000
421010210002006,1197,Manayunk,,122,64,4260000
421010210002007,1197,Manayunk,,48,27,4260000
421010210002008,1197,Manayunk,,25,16,4260000
421010210002009,1197,Manayunk,,24,13,4260000
421010210004000,1197,Manayunk,,27,12,4260000
421010210004001,1197,Manayunk,,0,0,4260000
421010210004002,1197,Manayunk,,13,7,4260000
421010210004003,1197,Manayunk,,31,26,4260000
421010210004004,1197,Manayunk,,40,23,4260000
421010210004005,1197,Manayunk,,0,0,4260000
421010210004006,1197,Manayunk,,19,10,4260000
421010210004007,1197,Manayunk,,73,31,4260000
421010210004008,1197,Manayunk,,95,40,4260000
421010210004009,1197,Manayunk,,66,29,4260000
421010210004010,1197,Manayunk,,29,15,4260000
421010210004011,1197,Manayunk,,15,7,4260000
421010210004018,1197,Manayunk,,0,0,4260000
421010210004019,1197,Manayunk,,46,21,4260000
421010210004021,1197,Manayunk,,0,0,4260000
421010210004022,1197,Manayunk,,4,3,4260000
421010210004023,1197,Manayunk,,98,81,4260000
421010210004024,1197,Manayunk,,0,0,4260000
421010210004025,1197,Manayunk,,0,0,4260000
421010210004026,1197,Manayunk,,0,0,4260000
421010210004027,1197,Manayunk,,0,0,4260000
421010210004028,1197,Manayunk,,0,0,4260000
421010210004029,1197,Manayunk,,0,0,4260000
421010210004036,1197,Manayunk,,25,19,4260000
421010210004037,1197,Manayunk,,13,10,4260000
421010213005001,1197,Manayunk,,117,69,4260000
421010213005006,1197,Manayunk,,178,82,4260000
421010214001000,1197,Manayunk,,34,14,4260000
421010214001001,1197,Manayunk,,31,19,4260000
421010214001002,1197,Manayunk,,41,19,4260000
421010214001003,1197,Manayunk,,135,56,4260000
421010214001004,1197,Manayunk,,43,31,4260000
421010214001005,1197,Manayunk,,23,18,4260000
421010214001006,1197,Manayunk,,0,0,4260000
421010214001007,1197,Manayunk,,7,4,4260000
421010214001008,1197,Manayunk,,4,4,4260000
421010214001009,1197,Manayunk,,0,0,4260000
421010214001010,1197,Manayunk,,0,0,4260000
421010214001011,1197,Manayunk,,0,0,4260000
421010214001012,1197,Manayunk,,76,47,4260000
421010214001013,1197,Manayunk,,10,6,4260000
421010214001014,1197,Manayunk,,15,9,4260000
421010214001015,1197,Manayunk,,61,31,4260000
421010214001016,1197,Manayunk,,67,38,4260000
421010214001017,1197,Manayunk,,0,0,4260000
421010214001018,1197,Manayunk,,0,0,4260000
421010214001019,1197,Manayunk,,0,0,4260000
421010214001020,1197,Manayunk,,0,0,4260000
421010214001021,1197,Manayunk,,0,0,4260000
421010214001022,1197,Manayunk,,0,0,4260000
421010214001023,1197,Manayunk,,0,0,4260000
421010214001024,1197,Manayunk,,0,0,4260000
421010214001025,1197,Manayunk,,0,0,4260000
421010214001026,1197,Manayunk,,65,29,4260000
421010214001027,1197,Manayunk,,37,24,4260000
421010214002000,1197,Manayunk,,41,22,4260000
421010214002001,1197,Manayunk,,69,27,4260000
421010214002002,1197,Manayunk,,42,17,4260000
421010214002003,1197,Manayunk,,15,11,4260000
421010214002004,1197,Manayunk,,51,24,4260000
421010214002005,1197,Manayunk,,48,23,4260000
421010214002006,1197,Manayunk,,45,26,4260000
421010214002007,1197,Manayunk,,68,33,4260000
421010214002008,1197,Manayunk,,28,16,4260000
421010214002009,1197,Manayunk,,53,21,4260000
421010214002010,1197,Manayunk,,39,20,4260000
421010214002011,1197,Manayunk,,43,25,4260000
421010214002012,1197,Manayunk,,43,23,4260000
421010214003000,1197,Manayunk,,96,46,4260000
421010214003001,1197,Manayunk,,61,22,4260000
421010214003002,1197,Manayunk,,146,70,4260000
421010214003003,1197,Manayunk,,73,32,4260000
421010214003004,1197,Manayunk,,38,21,4260000
421010214003005,1197,Manayunk,,44,24,4260000
421010214003006,1197,Manayunk,,67,37,4260000
421010214003007,1197,Manayunk,,27,15,4260000
421010214003008,1197,Manayunk,,42,20,4260000
421010214003009,1197,Manayunk,,9,8,4260000
421010214003010,1197,Manayunk,,33,20,4260000
421010214004000,1197,Manayunk,,133,62,4260000
421010214004001,1197,Manayunk,,156,106,4260000
421010214004002,1197,Manayunk,,66,32,4260000
421010214004003,1197,Manayunk,,106,47,4260000
421010214004004,1197,Manayunk,,83,39,4260000
421010214004005,1197,Manayunk,,130,57,4260000
421010214004006,1197,Manayunk,,124,64,4260000
421010214004007,1197,Manayunk,,39,20,4260000
421010214004008,1197,Manayunk,,93,46,4260000
421010214004009,1197,Manayunk,,0,0,4260000
421010214004010,1197,Manayunk,,22,11,4260000
421010214004011,1197,Manayunk,,81,42,4260000
421010214005000,1197,Manayunk,,68,36,4260000
421010214005001,1197,Manayunk,,131,66,4260000
421010214005002,1197,Manayunk,,97,49,4260000
421010214005003,1197,Manayunk,,31,12,4260000
421010214005004,1197,Manayunk,,14,10,4260000
421010214005005,1197,Manayunk,,49,30,4260000
421010214005006,1197,Manayunk,,82,55,4260000
421010214005007,1197,Manayunk,,226,148,4260000
421010214005008,1197,Manayunk,,159,64,4260000
421010214005009,1197,Manayunk,,71,27,4260000
421010214005010,1197,Manayunk,,49,26,4260000
421010215002000,1197,Manayunk,,87,40,4260000
421010215002001,1197,Manayunk,,87,41,4260000
421010215002002,1197,Manayunk,,88,41,4260000
421010215002003,1197,Manayunk,,163,95,4260000
421010215002004,1197,Manayunk,,31,13,4260000
421010215002005,1197,Manayunk,,22,11,4260000
421010215002006,1197,Manayunk,,34,34,4260000
421010215002007,1197,Manayunk,,67,32,4260000
421010215002008,1197,Manayunk,,33,17,4260000
421010215002009,1197,Manayunk,,35,15,4260000
421010215002010,1197,Manayunk,,0,5,4260000
421010215002011,1197,Manayunk,,156,73,4260000
421010215002012,1197,Manayunk,,99,46,4260000
421010215002013,1197,Manayunk,,107,49,4260000
421010215002014,1197,Manayunk,,20,9,4260000
421010215002015,1197,Manayunk,,0,0,4260000
421010215002016,1197,Manayunk,,0,0,4260000
421010215002017,1197,Manayunk,,0,0,4260000
421010215002018,1197,Manayunk,,0,0,4260000
421010215002020,1197,Manayunk,,0,0,4260000
421010215002021,1197,Manayunk,,0,0,4260000
421010215002022,1197,Manayunk,,234,159,4260000
421010215002023,1197,Manayunk,,28,13,4260000
421010215002024,1197,Manayunk,,49,27,4260000
421010215002025,1197,Manayunk,,58,36,4260000
421010215002026,1197,Manayunk,,25,12,4260000
421010215003005,1197,Manayunk,,86,42,4260000
421010215003006,1197,Manayunk,,69,34,4260000
421010215003007,1197,Manayunk,,43,18,4260000
421010215003008,1197,Manayunk,,283,143,4260000
421010209001000,1198,Wissahickon,,108,45,4260000
421010209001003,1198,Wissahickon,,169,73,4260000
421010209001004,1198,Wissahickon,,133,65,4260000
421010209001005,1198,Wissahickon,,120,55,4260000
421010209002000,1198,Wissahickon,,227,97,4260000
421010209002001,1198,Wissahickon,,144,72,4260000
421010209002002,1198,Wissahickon,,231,94,4260000
421010209002003,1198,Wissahickon,,140,78,4260000
421010209003000,1198,Wissahickon,,191,126,4260000
421010209003001,1198,Wissahickon,,53,26,4260000
421010209003002,1198,Wissahickon,,128,67,4260000
421010209003003,1198,Wissahickon,,87,39,4260000
421010209003004,1198,Wissahickon,,21,16,4260000
421010209003005,1198,Wissahickon,,34,16,4260000
421010209003006,1198,Wissahickon,,0,0,4260000
421010209003007,1198,Wissahickon,,6,3,4260000
421010209003008,1198,Wissahickon,,52,26,4260000
421010209003009,1198,Wissahickon,,0,0,4260000
421010209003010,1198,Wissahickon,,111,60,4260000
421010209003011,1198,Wissahickon,,0,0,4260000
421010209004001,1198,Wissahickon,,90,51,4260000
421010209004002,1198,Wissahickon,,97,45,4260000
421010209004003,1198,Wissahickon,,59,28,4260000
421010209004004,1198,Wissahickon,,75,40,4260000
421010209004007,1198,Wissahickon,,124,65,4260000
421010209004008,1198,Wissahickon,,73,32,4260000
421010209004009,1198,Wissahickon,,90,45,4260000
421010209004010,1198,Wissahickon,,25,14,4260000
421010210004012,1198,Wissahickon,,24,10,4260000
421010210004013,1198,Wissahickon,,89,48,4260000
421010210004014,1198,Wissahickon,,144,60,4260000
421010210004015,1198,Wissahickon,,71,27,4260000
421010210004016,1198,Wissahickon,,106,48,4260000
421010210004017,1198,Wissahickon,,0,0,4260000
421010210004020,1198,Wissahickon,,2,3,4260000
421010210004030,1198,Wissahickon,,0,0,4260000
421010210004031,1198,Wissahickon,,0,0,4260000
421010210004032,1198,Wissahickon,,0,0,4260000
421010210004033,1198,Wissahickon,,33,11,4260000
421010210004034,1198,Wissahickon,,131,69,4260000
421010210004035,1198,Wissahickon,,138,63,4260000
421010211001000,1198,Wissahickon,,18,8,4260000
421010211001001,1198,Wissahickon,,136,65,4260000
421010211001002,1198,Wissahickon,,101,59,4260000
421010211001003,1198,Wissahickon,,169,95,4260000
421010211001004,1198,Wissahickon,,202,92,4260000
421010211001005,1198,Wissahickon,,146,132,4260000
421010211001006,1198,Wissahickon,,78,48,4260000
421010211001007,1198,Wissahickon,,141,67,4260000
421010211001008,1198,Wissahickon,,76,36,4260000
421010245003000,1199,East Germantown,,0,0,4260000
421010245003001,1199,East Germantown,,92,34,4260000
421010245003002,1199,East Germantown,,82,40,4260000
421010245003003,1199,East Germantown,,88,42,4260000
421010245003004,1199,East Germantown,,100,45,4260000
421010245003005,1199,East Germantown,,16,12,4260000
421010245003006,1199,East Germantown,,57,40,4260000
421010245003007,1199,East Germantown,,3,1,4260000
421010245003008,1199,East Germantown,,0,0,4260000
421010247001000,1199,East Germantown,,114,69,4260000
421010247001001,1199,East Germantown,,96,39,4260000
421010247001002,1199,East Germantown,,132,43,4260000
421010247001003,1199,East Germantown,,125,53,4260000
421010247001004,1199,East Germantown,,100,43,4260000
421010247001005,1199,East Germantown,,90,33,4260000
421010247001006,1199,East Germantown,,119,82,4260000
421010247002000,1199,East Germantown,,0,0,4260000
421010247002001,1199,East Germantown,,126,62,4260000
421010247002002,1199,East Germantown,,148,61,4260000
421010247002003,1199,East Germantown,,126,48,4260000
421010247002004,1199,East Germantown,,396,144,4260000
421010247002005,1199,East Germantown,,318,200,4260000
421010247003000,1199,East Germantown,,262,114,4260000
421010247003001,1199,East Germantown,,144,55,4260000
421010247003002,1199,East Germantown,,66,32,4260000
421010247003003,1199,East Germantown,,22,11,4260000
421010247003004,1199,East Germantown,,12,6,4260000
421010247003005,1199,East Germantown,,0,0,4260000
421010247003006,1199,East Germantown,,268,105,4260000
421010247004000,1199,East Germantown,,84,36,4260000
421010247004001,1199,East Germantown,,67,28,4260000
421010247004002,1199,East Germantown,,80,35,4260000
421010247004003,1199,East Germantown,,90,40,4260000
421010247004004,1199,East Germantown,,96,38,4260000
421010247004005,1199,East Germantown,,160,78,4260000
421010247004006,1199,East Germantown,,58,24,4260000
421010247004007,1199,East Germantown,,147,52,4260000
421010247004008,1199,East Germantown,,159,67,4260000
421010247004009,1199,East Germantown,,56,28,4260000
421010247004010,1199,East Germantown,,71,22,4260000
421010247004011,1199,East Germantown,,31,13,4260000
421010247005000,1199,East Germantown,,0,0,4260000
421010247005001,1199,East Germantown,,0,0,4260000
421010247005002,1199,East Germantown,,89,30,4260000
421010247005003,1199,East Germantown,,42,0,4260000
421010247005004,1199,East Germantown,,127,43,4260000
421010247005005,1199,East Germantown,,11,6,4260000
421010247005006,1199,East Germantown,,0,0,4260000
421010247005007,1199,East Germantown,,146,61,4260000
421010247005008,1199,East Germantown,,124,72,4260000
421010247005009,1199,East Germantown,,35,23,4260000
421010247005011,1199,East Germantown,,33,12,4260000
421010247005012,1199,East Germantown,,24,14,4260000
421010247005013,1199,East Germantown,,29,10,4260000
421010247005014,1199,East Germantown,,0,0,4260000
421010248001000,1199,East Germantown,,104,40,4260000
421010248001001,1199,East Germantown,,134,58,4260000
421010248001002,1199,East Germantown,,148,62,4260000
421010248001003,1199,East Germantown,,124,48,4260000
421010248001004,1199,East Germantown,,94,42,4260000
421010248001005,1199,East Germantown,,110,53,4260000
421010248002000,1199,East Germantown,,172,64,4260000
421010248002001,1199,East Germantown,,139,59,4260000
421010248002002,1199,East Germantown,,105,37,4260000
421010248002003,1199,East Germantown,,110,53,4260000
421010248002004,1199,East Germantown,,148,57,4260000
421010248002005,1199,East Germantown,,52,17,4260000
421010248002006,1199,East Germantown,,97,52,4260000
421010248002007,1199,East Germantown,,9,4,4260000
421010248002010,1199,East Germantown,,109,45,4260000
421010248002011,1199,East Germantown,,0,0,4260000
421010248002013,1199,East Germantown,,74,32,4260000
421010249001000,1199,East Germantown,,123,56,4260000
421010249001001,1199,East Germantown,,347,118,4260000
421010249001002,1199,East Germantown,,173,74,4260000
421010249001003,1199,East Germantown,,55,21,4260000
421010249001004,1199,East Germantown,,168,67,4260000
421010249001005,1199,East Germantown,,170,65,4260000
421010249001006,1199,East Germantown,,167,61,4260000
421010249001007,1199,East Germantown,,22,10,4260000
421010249002000,1199,East Germantown,,167,75,4260000
421010249002001,1199,East Germantown,,111,47,4260000
421010249002002,1199,East Germantown,,102,47,4260000
421010249002003,1199,East Germantown,,58,31,4260000
421010249002004,1199,East Germantown,,0,0,4260000
421010249002005,1199,East Germantown,,119,51,4260000
421010249002006,1199,East Germantown,,83,36,4260000
421010249003000,1199,East Germantown,,90,38,4260000
421010249003001,1199,East Germantown,,97,40,4260000
421010249003002,1199,East Germantown,,94,32,4260000
421010249003003,1199,East Germantown,,121,52,4260000
421010249003004,1199,East Germantown,,163,76,4260000
421010249003005,1199,East Germantown,,129,58,4260000
421010249004000,1199,East Germantown,,110,48,4260000
421010249004001,1199,East Germantown,,150,59,4260000
421010249004002,1199,East Germantown,,161,67,4260000
421010249004003,1199,East Germantown,,106,51,4260000
421010249004004,1199,East Germantown,,60,11,4260000
421010249004005,1199,East Germantown,,84,44,4260000
421010249004006,1199,East Germantown,,81,34,4260000
421010389001001,1199,East Germantown,,139,83,4260000
421010389001002,1199,East Germantown,,124,71,4260000
421010389001003,1199,East Germantown,,221,0,4260000
421010389001004,1199,East Germantown,,89,39,4260000
421010389001005,1199,East Germantown,,28,10,4260000
421010389001006,1199,East Germantown,,119,5,4260000
421010389001013,1199,East Germantown,,4,1,4260000
421010389001014,1199,East Germantown,,33,11,4260000
421010389001015,1199,East Germantown,,30,14,4260000
421010246002000,1200,Germantown - Morton,,171,90,4260000
421010246002001,1200,Germantown - Morton,,146,62,4260000
421010246002002,1200,Germantown - Morton,,118,49,4260000
421010246002003,1200,Germantown - Morton,,127,48,4260000
421010246002004,1200,Germantown - Morton,,122,48,4260000
421010246002005,1200,Germantown - Morton,,92,39,4260000
421010246002006,1200,Germantown - Morton,,71,26,4260000
421010246002007,1200,Germantown - Morton,,54,24,4260000
421010246002008,1200,Germantown - Morton,,60,28,4260000
421010246002009,1200,Germantown - Morton,,161,68,4260000
421010246002010,1200,Germantown - Morton,,79,53,4260000
421010246003000,1200,Germantown - Morton,,149,54,4260000
421010246003001,1200,Germantown - Morton,,195,73,4260000
421010246003002,1200,Germantown - Morton,,0,0,4260000
421010246003003,1200,Germantown - Morton,,0,0,4260000
421010246003004,1200,Germantown - Morton,,161,72,4260000
421010246003005,1200,Germantown - Morton,,93,50,4260000
421010246003006,1200,Germantown - Morton,,13,6,4260000
421010246003007,1200,Germantown - Morton,,67,8,4260000
421010246003008,1200,Germantown - Morton,,43,21,4260000
421010246003009,1200,Germantown - Morton,,71,35,4260000
421010246003010,1200,Germantown - Morton,,55,27,4260000
421010247005010,1200,Germantown - Morton,,0,0,4260000
421010248002008,1200,Germantown - Morton,,62,24,4260000
421010248002009,1200,Germantown - Morton,,90,36,4260000
421010248002012,1200,Germantown - Morton,,8,3,4260000
421010252001000,1200,Germantown - Morton,,125,70,4260000
421010252001001,1200,Germantown - Morton,,107,47,4260000
421010252001002,1200,Germantown - Morton,,100,43,4260000
421010252001003,1200,Germantown - Morton,,169,71,4260000
421010252001004,1200,Germantown - Morton,,282,95,4260000
421010252001005,1200,Germantown - Morton,,235,95,4260000
421010252002001,1200,Germantown - Morton,,116,50,4260000
421010252002002,1200,Germantown - Morton,,93,40,4260000
421010252002003,1200,Germantown - Morton,,144,65,4260000
421010252002004,1200,Germantown - Morton,,113,45,4260000
421010252002005,1200,Germantown - Morton,,113,54,4260000
421010252002006,1200,Germantown - Morton,,120,50,4260000
421010252003002,1200,Germantown - Morton,,178,86,4260000
421010252003003,1200,Germantown - Morton,,222,95,4260000
421010252003004,1200,Germantown - Morton,,143,61,4260000
421010252003005,1200,Germantown - Morton,,54,25,4260000
421010252003006,1200,Germantown - Morton,,49,29,4260000
421010252004000,1200,Germantown - Morton,,131,58,4260000
421010252004004,1200,Germantown - Morton,,166,63,4260000
421010252004005,1200,Germantown - Morton,,144,63,4260000
421010252004006,1200,Germantown - Morton,,139,62,4260000
421010252004007,1200,Germantown - Morton,,74,36,4260000
421010252005000,1200,Germantown - Morton,,112,45,4260000
421010252005001,1200,Germantown - Morton,,144,59,4260000
421010252005002,1200,Germantown - Morton,,109,48,4260000
421010252005003,1200,Germantown - Morton,,77,33,4260000
421010252005004,1200,Germantown - Morton,,75,36,4260000
421010252005005,1200,Germantown - Morton,,72,27,4260000
421010252005006,1200,Germantown - Morton,,175,91,4260000
421010252005007,1200,Germantown - Morton,,82,38,4260000
421010389001007,1200,Germantown - Morton,,54,26,4260000
421010389001008,1200,Germantown - Morton,,101,41,4260000
421010389001009,1200,Germantown - Morton,,0,0,4260000
421010389001010,1200,Germantown - Morton,,22,5,4260000
421010389001011,1200,Germantown - Morton,,69,32,4260000
421010389001012,1200,Germantown - Morton,,21,9,4260000
421010238001000,1201,West Central Germantown,,172,92,4260000
421010238001001,1201,West Central Germantown,,155,79,4260000
421010238001002,1201,West Central Germantown,,101,59,4260000
421010238001003,1201,West Central Germantown,,102,46,4260000
421010238001004,1201,West Central Germantown,,114,56,4260000
421010238001005,1201,West Central Germantown,,105,48,4260000
421010238002000,1201,West Central Germantown,,83,48,4260000
421010238002001,1201,West Central Germantown,,105,57,4260000
421010238002002,1201,West Central Germantown,,242,180,4260000
421010238002003,1201,West Central Germantown,,164,85,4260000
421010238002004,1201,West Central Germantown,,118,55,4260000
421010238002005,1201,West Central Germantown,,41,19,4260000
421010238002006,1201,West Central Germantown,,14,8,4260000
421010238003000,1201,West Central Germantown,,105,44,4260000
421010238003001,1201,West Central Germantown,,93,60,4260000
421010238003002,1201,West Central Germantown,,95,47,4260000
421010238003003,1201,West Central Germantown,,78,50,4260000
421010238003004,1201,West Central Germantown,,188,116,4260000
421010238003005,1201,West Central Germantown,,251,106,4260000
421010238004000,1201,West Central Germantown,,206,134,4260000
421010238004001,1201,West Central Germantown,,107,24,4260000
421010238004002,1201,West Central Germantown,,242,169,4260000
421010238004003,1201,West Central Germantown,,363,246,4260000
421010238004004,1201,West Central Germantown,,18,10,4260000
421010238004005,1201,West Central Germantown,,51,20,4260000
421010238005000,1201,West Central Germantown,,122,70,4260000
421010238005001,1201,West Central Germantown,,67,27,4260000
421010238005002,1201,West Central Germantown,,165,68,4260000
421010238005003,1201,West Central Germantown,,97,53,4260000
421010238005004,1201,West Central Germantown,,352,108,4260000
421010238005005,1201,West Central Germantown,,275,214,4260000
421010239001000,1201,West Central Germantown,,52,25,4260000
421010239001001,1201,West Central Germantown,,39,24,4260000
421010239001002,1201,West Central Germantown,,286,275,4260000
421010239001003,1201,West Central Germantown,,353,268,4260000
421010239001004,1201,West Central Germantown,,110,70,4260000
421010239001005,1201,West Central Germantown,,103,51,4260000
421010239001006,1201,West Central Germantown,,71,33,4260000
421010239002000,1201,West Central Germantown,,0,0,4260000
421010239002001,1201,West Central Germantown,,0,0,4260000
421010239002002,1201,West Central Germantown,,0,0,4260000
421010239002003,1201,West Central Germantown,,0,0,4260000
421010239002004,1201,West Central Germantown,,0,0,4260000
421010239002005,1201,West Central Germantown,,0,0,4260000
421010239002006,1201,West Central Germantown,,0,0,4260000
421010239002007,1201,West Central Germantown,,763,575,4260000
421010240001000,1201,West Central Germantown,,106,48,4260000
421010240001001,1201,West Central Germantown,,81,29,4260000
421010240001002,1201,West Central Germantown,,387,265,4260000
421010240001005,1201,West Central Germantown,,33,13,4260000
421010240002000,1201,West Central Germantown,,9,6,4260000
421010240002001,1201,West Central Germantown,,0,0,4260000
421010240002002,1201,West Central Germantown,,58,81,4260000
421010241001000,1201,West Central Germantown,,85,75,4260000
421010241001001,1201,West Central Germantown,,331,172,4260000
421010241001002,1201,West Central Germantown,,75,49,4260000
421010241001010,1201,West Central Germantown,,0,0,4260000
421010241001011,1201,West Central Germantown,,49,32,4260000
421010241001003,1202,Germantown - Penn Knox,,115,110,4260000
421010241001004,1202,Germantown - Penn Knox,,7,4,4260000
421010241001005,1202,Germantown - Penn Knox,,12,8,4260000
421010241001006,1202,Germantown - Penn Knox,,4,1,4260000
421010241001007,1202,Germantown - Penn Knox,,381,256,4260000
421010241001008,1202,Germantown - Penn Knox,,352,100,4260000
421010241001009,1202,Germantown - Penn Knox,,22,17,4260000
421010242001000,1202,Germantown - Penn Knox,,39,35,4260000
421010242001001,1202,Germantown - Penn Knox,,77,53,4260000
421010242001002,1202,Germantown - Penn Knox,,138,73,4260000
421010242001003,1202,Germantown - Penn Knox,,73,37,4260000
421010242001004,1202,Germantown - Penn Knox,,79,44,4260000
421010242001005,1202,Germantown - Penn Knox,,60,37,4260000
421010242001006,1202,Germantown - Penn Knox,,156,54,4260000
421010242002000,1202,Germantown - Penn Knox,,145,68,4260000
421010242002001,1202,Germantown - Penn Knox,,145,72,4260000
421010242002002,1202,Germantown - Penn Knox,,213,103,4260000
421010277001005,1205,Ogontz,,80,34,4260000
421010277001006,1205,Ogontz,,138,55,4260000
421010277001007,1205,Ogontz,,83,41,4260000
421010277002001,1205,Ogontz,,96,36,4260000
421010277002002,1205,Ogontz,,97,35,4260000
421010277002003,1205,Ogontz,,104,47,4260000
421010277002004,1205,Ogontz,,0,0,4260000
421010277002005,1205,Ogontz,,146,74,4260000
421010277002006,1205,Ogontz,,163,70,4260000
421010277002007,1205,Ogontz,,113,51,4260000
421010277002008,1205,Ogontz,,182,89,4260000
421010277003000,1205,Ogontz,,116,45,4260000
421010277003001,1205,Ogontz,,16,2,4260000
421010277003002,1205,Ogontz,,29,13,4260000
421010277003003,1205,Ogontz,,104,42,4260000
421010277003004,1205,Ogontz,,203,86,4260000
421010277003005,1205,Ogontz,,107,48,4260000
421010277003006,1205,Ogontz,,126,60,4260000
421010277003007,1205,Ogontz,,72,31,4260000
421010277004000,1205,Ogontz,,27,15,4260000
421010277004001,1205,Ogontz,,0,0,4260000
421010277004002,1205,Ogontz,,115,51,4260000
421010277004003,1205,Ogontz,,120,46,4260000
421010277004004,1205,Ogontz,,128,45,4260000
421010277004005,1205,Ogontz,,108,43,4260000
421010277004006,1205,Ogontz,,95,45,4260000
421010277004007,1205,Ogontz,,139,54,4260000
421010277005000,1205,Ogontz,,97,33,4260000
421010277005001,1205,Ogontz,,69,36,4260000
421010277005002,1205,Ogontz,,94,37,4260000
421010277005003,1205,Ogontz,,77,36,4260000
421010277005004,1205,Ogontz,,73,36,4260000
421010277005005,1205,Ogontz,,83,42,4260000
421010277005006,1205,Ogontz,,67,61,4260000
421010277005007,1205,Ogontz,,34,14,4260000
421010277006000,1205,Ogontz,,122,48,4260000
421010277006001,1205,Ogontz,,66,24,4260000
421010277006002,1205,Ogontz,,38,17,4260000
421010277006003,1205,Ogontz,,89,48,4260000
421010277006004,1205,Ogontz,,89,42,4260000
421010277006005,1205,Ogontz,,0,0,4260000
421010277006006,1205,Ogontz,,24,10,4260000
421010277006007,1205,Ogontz,,58,20,4260000
421010277006008,1205,Ogontz,,83,37,4260000
421010277006009,1205,Ogontz,,101,44,4260000
421010278001000,1205,Ogontz,,0,0,4260000
421010278001001,1205,Ogontz,,29,14,4260000
421010278001002,1205,Ogontz,,136,58,4260000
421010278001003,1205,Ogontz,,83,40,4260000
421010278001004,1205,Ogontz,,107,51,4260000
421010278001005,1205,Ogontz,,142,53,4260000
421010278001006,1205,Ogontz,,63,32,4260000
421010278001007,1205,Ogontz,,99,29,4260000
421010278001008,1205,Ogontz,,132,53,4260000
421010278001009,1205,Ogontz,,76,40,4260000
421010278001010,1205,Ogontz,,71,34,4260000
421010278001011,1205,Ogontz,,70,24,4260000
421010278001012,1205,Ogontz,,128,65,4260000
421010278001013,1205,Ogontz,,207,81,4260000
421010278001014,1205,Ogontz,,143,57,4260000
421010278002000,1205,Ogontz,,22,38,4260000
421010278002001,1205,Ogontz,,45,21,4260000
421010278002002,1205,Ogontz,,90,42,4260000
421010278002003,1205,Ogontz,,102,50,4260000
421010278002004,1205,Ogontz,,83,47,4260000
421010278002005,1205,Ogontz,,80,33,4260000
421010278002006,1205,Ogontz,,104,43,4260000
421010278002007,1205,Ogontz,,90,41,4260000
421010278002008,1205,Ogontz,,133,109,4260000
421010278002009,1205,Ogontz,,0,0,4260000
421010278002010,1205,Ogontz,,0,0,4260000
421010278002011,1205,Ogontz,,0,0,4260000
421010278002012,1205,Ogontz,,45,21,4260000
421010278002013,1205,Ogontz,,48,19,4260000
421010278002014,1205,Ogontz,,110,52,4260000
421010278003000,1205,Ogontz,,0,0,4260000
421010278003001,1205,Ogontz,,133,53,4260000
421010278003002,1205,Ogontz,,257,190,4260000
421010278003003,1205,Ogontz,,0,0,4260000
421010278003004,1205,Ogontz,,108,47,4260000
421010278003005,1205,Ogontz,,93,41,4260000
421010278003006,1205,Ogontz,,130,56,4260000
421010278003007,1205,Ogontz,,0,0,4260000
421010278004000,1205,Ogontz,,246,124,4260000
421010278004001,1205,Ogontz,,104,45,4260000
421010278004002,1205,Ogontz,,97,44,4260000
421010278004003,1205,Ogontz,,154,90,4260000
421010278004004,1205,Ogontz,,37,16,4260000
421010278004005,1205,Ogontz,,21,22,4260000
421010278004006,1205,Ogontz,,127,62,4260000
421010278004007,1205,Ogontz,,0,0,4260000
421010278004008,1205,Ogontz,,97,58,4260000
421010278004009,1205,Ogontz,,100,45,4260000
421010278004010,1205,Ogontz,,77,31,4260000
421010278004011,1205,Ogontz,,47,23,4260000
421010278004012,1205,Ogontz,,90,50,4260000
421010278004013,1205,Ogontz,,67,27,4260000
421010279011000,1205,Ogontz,,1,1,4260000
421010279011001,1205,Ogontz,,188,75,4260000
421010279011002,1205,Ogontz,,45,17,4260000
421010279011003,1205,Ogontz,,43,17,4260000
421010279011004,1205,Ogontz,,96,39,4260000
421010279011005,1205,Ogontz,,60,21,4260000
421010279011006,1205,Ogontz,,196,90,4260000
421010279011007,1205,Ogontz,,195,85,4260000
421010279012000,1205,Ogontz,,96,45,4260000
421010279012001,1205,Ogontz,,206,95,4260000
421010279012002,1205,Ogontz,,105,33,4260000
421010279012003,1205,Ogontz,,145,58,4260000
421010279012004,1205,Ogontz,,175,92,4260000
421010279012005,1205,Ogontz,,152,62,4260000
421010279013000,1205,Ogontz,,88,29,4260000
421010279013001,1205,Ogontz,,27,13,4260000
421010279013002,1205,Ogontz,,104,47,4260000
421010279013003,1205,Ogontz,,33,19,4260000
421010279013004,1205,Ogontz,,127,51,4260000
421010279013005,1205,Ogontz,,159,65,4260000
421010279013006,1205,Ogontz,,157,71,4260000
421010279013007,1205,Ogontz,,104,52,4260000
421010279014000,1205,Ogontz,,144,56,4260000
421010279014001,1205,Ogontz,,186,70,4260000
421010279014002,1205,Ogontz,,0,0,4260000
421010279014003,1205,Ogontz,,167,77,4260000
421010279014004,1205,Ogontz,,129,68,4260000
421010279014005,1205,Ogontz,,161,57,4260000
421010279014006,1205,Ogontz,,57,27,4260000
421010279014007,1205,Ogontz,,0,0,4260000
421010279014008,1205,Ogontz,,91,34,4260000
421010279014009,1205,Ogontz,,103,57,4260000
421010279014010,1205,Ogontz,,71,36,4260000
421010279014011,1205,Ogontz,,4,2,4260000
421010279014012,1205,Ogontz,,61,20,4260000
421010279014013,1205,Ogontz,,68,36,4260000
421010279014014,1205,Ogontz,,83,36,4260000
421010279021000,1205,Ogontz,,139,67,4260000
421010279021001,1205,Ogontz,,18,7,4260000
421010279021002,1205,Ogontz,,216,97,4260000
421010279021003,1205,Ogontz,,57,92,4260000
421010279021004,1205,Ogontz,,82,39,4260000
421010279021005,1205,Ogontz,,120,48,4260000
421010279021006,1205,Ogontz,,246,205,4260000
421010279021007,1205,Ogontz,,79,31,4260000
421010279021008,1205,Ogontz,,100,35,4260000
421010279021009,1205,Ogontz,,123,45,4260000
421010279022000,1205,Ogontz,,157,69,4260000
421010279022001,1205,Ogontz,,140,62,4260000
421010279022002,1205,Ogontz,,149,63,4260000
421010279022003,1205,Ogontz,,97,34,4260000
421010279022004,1205,Ogontz,,117,48,4260000
421010279022005,1205,Ogontz,,202,43,4260000
421010279022006,1205,Ogontz,,477,9,4260000
421010245001000,1206,Wister,,151,82,4260000
421010245001001,1206,Wister,,88,75,4260000
421010245001002,1206,Wister,,159,91,4260000
421010245001003,1206,Wister,,164,69,4260000
421010245001004,1206,Wister,,168,75,4260000
421010245001005,1206,Wister,,183,80,4260000
421010245002000,1206,Wister,,82,30,4260000
421010245002001,1206,Wister,,181,73,4260000
421010245002002,1206,Wister,,113,44,4260000
421010245002003,1206,Wister,,145,70,4260000
421010245002004,1206,Wister,,83,32,4260000
421010245002005,1206,Wister,,72,27,4260000
421010245002006,1206,Wister,,0,0,4260000
421010245002008,1206,Wister,,113,62,4260000
421010245002012,1206,Wister,,68,38,4260000
421010245003009,1206,Wister,,0,0,4260000
421010245003010,1206,Wister,,117,41,4260000
421010245003011,1206,Wister,,27,17,4260000
421010245003012,1206,Wister,,0,0,4260000
421010245003013,1206,Wister,,98,36,4260000
421010245003014,1206,Wister,,119,39,4260000
421010245003015,1206,Wister,,275,111,4260000
421010245003016,1206,Wister,,121,56,4260000
421010245003017,1206,Wister,,26,12,4260000
421010245004000,1206,Wister,,177,79,4260000
421010245004001,1206,Wister,,111,51,4260000
421010245004002,1206,Wister,,23,10,4260000
421010245004003,1206,Wister,,90,59,4260000
421010245004004,1206,Wister,,147,65,4260000
421010245004005,1206,Wister,,186,70,4260000
421010246001000,1206,Wister,,74,50,4260000
421010246001001,1206,Wister,,8,4,4260000
421010246001002,1206,Wister,,55,25,4260000
421010246001003,1206,Wister,,34,17,4260000
421010246001004,1206,Wister,,59,1,4260000
421010246001005,1206,Wister,,133,47,4260000
421010246001006,1206,Wister,,155,116,4260000
421010246001007,1206,Wister,,136,50,4260000
421010246001008,1206,Wister,,165,75,4260000
421010246001009,1206,Wister,,60,22,4260000
421010246001010,1206,Wister,,29,16,4260000
421010246001011,1206,Wister,,0,0,4260000
421010246003011,1206,Wister,,0,0,4260000
421010246003012,1206,Wister,,0,0,4260000
421010279022009,1206,Wister,,3,1,4260000
421010279022011,1206,Wister,,120,51,4260000
421010203002002,1207,Nicetown,,0,0,4260000
421010203002006,1207,Nicetown,,0,0,4260000
421010203002007,1207,Nicetown,,0,0,4260000
421010204001009,1207,Nicetown,,22,11,4260000
421010204001010,1207,Nicetown,,0,0,4260000
421010204001011,1207,Nicetown,,0,0,4260000
421010204001012,1207,Nicetown,,11,5,4260000
421010204002003,1207,Nicetown,,66,26,4260000
421010204002005,1207,Nicetown,,2,1,4260000
421010204002006,1207,Nicetown,,80,32,4260000
421010204002007,1207,Nicetown,,54,26,4260000
421010204002008,1207,Nicetown,,57,29,4260000
421010204002009,1207,Nicetown,,50,32,4260000
421010204002010,1207,Nicetown,,116,43,4260000
421010204002011,1207,Nicetown,,86,40,4260000
421010204002012,1207,Nicetown,,89,36,4260000
421010204002013,1207,Nicetown,,0,13,4260000
421010204002015,1207,Nicetown,,5,4,4260000
421010204002016,1207,Nicetown,,0,0,4260000
421010204004000,1207,Nicetown,,74,30,4260000
421010204004001,1207,Nicetown,,106,45,4260000
421010204004002,1207,Nicetown,,150,58,4260000
421010204004003,1207,Nicetown,,0,0,4260000
421010204004004,1207,Nicetown,,93,50,4260000
421010204004005,1207,Nicetown,,139,79,4260000
421010204004006,1207,Nicetown,,53,35,4260000
421010204004007,1207,Nicetown,,63,36,4260000
421010204004008,1207,Nicetown,,135,69,4260000
421010205001013,1207,Nicetown,,77,43,4260000
421010205001014,1207,Nicetown,,96,50,4260000
421010205001015,1207,Nicetown,,0,0,4260000
421010205001016,1207,Nicetown,,106,50,4260000
421010205001017,1207,Nicetown,,139,52,4260000
421010205001018,1207,Nicetown,,9,7,4260000
421010205001019,1207,Nicetown,,150,52,4260000
421010205001020,1207,Nicetown,,100,28,4260000
421010205001021,1207,Nicetown,,0,0,4260000
421010205001026,1207,Nicetown,,105,49,4260000
421010205001027,1207,Nicetown,,70,24,4260000
421010205001030,1207,Nicetown,,81,42,4260000
421010205001031,1207,Nicetown,,90,33,4260000
421010205001032,1207,Nicetown,,108,50,4260000
421010205001033,1207,Nicetown,,142,48,4260000
421010205001034,1207,Nicetown,,92,52,4260000
421010205001035,1207,Nicetown,,117,59,4260000
421010205001036,1207,Nicetown,,44,23,4260000
421010205001037,1207,Nicetown,,129,51,4260000
421010205002000,1207,Nicetown,,301,274,4260000
421010205002001,1207,Nicetown,,21,9,4260000
421010205002002,1207,Nicetown,,67,36,4260000
421010205002003,1207,Nicetown,,29,13,4260000
421010205002004,1207,Nicetown,,17,9,4260000
421010205002005,1207,Nicetown,,79,33,4260000
421010205002006,1207,Nicetown,,70,32,4260000
421010170002000,1208,Tioga,,1,0,4260000
421010170002001,1208,Tioga,,0,0,4260000
421010170002002,1208,Tioga,,0,0,4260000
421010170002003,1208,Tioga,,0,0,4260000
421010170002004,1208,Tioga,,0,0,4260000
421010170002010,1208,Tioga,,0,0,4260000
421010170002011,1208,Tioga,,0,0,4260000
421010170002012,1208,Tioga,,0,0,4260000
421010170002013,1208,Tioga,,0,0,4260000
421010171003000,1208,Tioga,,0,0,4260000
421010171003001,1208,Tioga,,0,0,4260000
421010171003002,1208,Tioga,,0,0,4260000
421010173002000,1208,Tioga,,64,19,4260000
421010173002001,1208,Tioga,,0,0,4260000
421010201011000,1208,Tioga,,0,0,4260000
421010201011001,1208,Tioga,,80,54,4260000
421010201011002,1208,Tioga,,117,60,4260000
421010201011003,1208,Tioga,,177,145,4260000
421010201011004,1208,Tioga,,85,35,4260000
421010201011005,1208,Tioga,,39,34,4260000
421010201011006,1208,Tioga,,60,42,4260000
421010201011007,1208,Tioga,,86,69,4260000
421010201011008,1208,Tioga,,68,36,4260000
421010201011009,1208,Tioga,,105,56,4260000
421010201011010,1208,Tioga,,81,50,4260000
421010201011011,1208,Tioga,,25,21,4260000
421010201011012,1208,Tioga,,18,11,4260000
421010201011013,1208,Tioga,,6,5,4260000
421010201011014,1208,Tioga,,0,0,4260000
421010201011015,1208,Tioga,,8,2,4260000
421010201011016,1208,Tioga,,119,62,4260000
421010201011017,1208,Tioga,,115,58,4260000
421010201011018,1208,Tioga,,80,37,4260000
421010201011019,1208,Tioga,,71,42,4260000
421010201011020,1208,Tioga,,95,53,4260000
421010201011021,1208,Tioga,,124,57,4260000
421010201012000,1208,Tioga,,63,39,4260000
421010201012001,1208,Tioga,,102,59,4260000
421010201013000,1208,Tioga,,66,35,4260000
421010201013001,1208,Tioga,,133,120,4260000
421010201013002,1208,Tioga,,89,95,4260000
421010201021000,1208,Tioga,,78,42,4260000
421010201021001,1208,Tioga,,159,95,4260000
421010201021002,1208,Tioga,,150,78,4260000
421010201021003,1208,Tioga,,176,74,4260000
421010201021004,1208,Tioga,,132,68,4260000
421010201021005,1208,Tioga,,82,46,4260000
421010201022000,1208,Tioga,,27,26,4260000
421010201022001,1208,Tioga,,101,74,4260000
421010201022002,1208,Tioga,,134,71,4260000
421010201022003,1208,Tioga,,88,43,4260000
421010201022004,1208,Tioga,,67,36,4260000
421010201022005,1208,Tioga,,31,11,4260000
421010201022006,1208,Tioga,,60,41,4260000
421010201022007,1208,Tioga,,90,38,4260000
421010201023000,1208,Tioga,,0,0,4260000
421010201023001,1208,Tioga,,152,57,4260000
421010201023002,1208,Tioga,,57,27,4260000
421010201023003,1208,Tioga,,85,42,4260000
421010201023004,1208,Tioga,,174,78,4260000
421010201023005,1208,Tioga,,170,80,4260000
421010201023006,1208,Tioga,,0,0,4260000
421010201023007,1208,Tioga,,110,52,4260000
421010201023008,1208,Tioga,,76,46,4260000
421010201023009,1208,Tioga,,38,24,4260000
421010201023010,1208,Tioga,,48,31,4260000
421010201024000,1208,Tioga,,0,0,4260000
421010201024001,1208,Tioga,,121,54,4260000
421010201024002,1208,Tioga,,164,79,4260000
421010201024003,1208,Tioga,,135,62,4260000
421010201024004,1208,Tioga,,179,62,4260000
421010201024005,1208,Tioga,,156,67,4260000
421010201024006,1208,Tioga,,80,46,4260000
421010201024007,1208,Tioga,,19,9,4260000
421010201024008,1208,Tioga,,161,68,4260000
421010201024009,1208,Tioga,,53,51,4260000
421010202001000,1208,Tioga,,232,103,4260000
421010202001001,1208,Tioga,,69,13,4260000
421010202001002,1208,Tioga,,0,0,4260000
421010202001003,1208,Tioga,,16,16,4260000
421010202001004,1208,Tioga,,84,37,4260000
421010202001005,1208,Tioga,,100,47,4260000
421010202001006,1208,Tioga,,76,35,4260000
421010202001007,1208,Tioga,,104,43,4260000
421010202001008,1208,Tioga,,109,65,4260000
421010202001009,1208,Tioga,,47,27,4260000
421010202001010,1208,Tioga,,8,8,4260000
421010202001011,1208,Tioga,,0,0,4260000
421010202001012,1208,Tioga,,73,34,4260000
421010202001013,1208,Tioga,,136,68,4260000
421010202001014,1208,Tioga,,72,35,4260000
421010202001015,1208,Tioga,,22,18,4260000
421010202001016,1208,Tioga,,46,30,4260000
421010202001017,1208,Tioga,,42,29,4260000
421010202001018,1208,Tioga,,0,0,4260000
421010202001019,1208,Tioga,,0,0,4260000
421010202002000,1208,Tioga,,72,31,4260000
421010202002001,1208,Tioga,,87,31,4260000
421010202002002,1208,Tioga,,65,29,4260000
421010202002003,1208,Tioga,,47,21,4260000
421010202002004,1208,Tioga,,0,0,4260000
421010202002005,1208,Tioga,,60,23,4260000
421010202002006,1208,Tioga,,55,18,4260000
421010202002007,1208,Tioga,,94,44,4260000
421010202002008,1208,Tioga,,106,39,4260000
421010202002009,1208,Tioga,,90,65,4260000
421010202003000,1208,Tioga,,55,33,4260000
421010202003001,1208,Tioga,,85,48,4260000
421010202003002,1208,Tioga,,102,44,4260000
421010202003003,1208,Tioga,,85,37,4260000
421010202003004,1208,Tioga,,54,25,4260000
421010202003005,1208,Tioga,,75,47,4260000
421010202003006,1208,Tioga,,159,71,4260000
421010202003007,1208,Tioga,,1,2,4260000
421010202004000,1208,Tioga,,0,0,4260000
421010202004001,1208,Tioga,,0,0,4260000
421010202004002,1208,Tioga,,50,25,4260000
421010202004003,1208,Tioga,,0,0,4260000
421010202004004,1208,Tioga,,5,7,4260000
421010202004005,1208,Tioga,,146,60,4260000
421010202004006,1208,Tioga,,115,58,4260000
421010202004007,1208,Tioga,,0,0,4260000
421010202004008,1208,Tioga,,30,14,4260000
421010202004009,1208,Tioga,,8,7,4260000
421010202004010,1208,Tioga,,71,49,4260000
421010202004011,1208,Tioga,,76,26,4260000
421010202004012,1208,Tioga,,96,91,4260000
421010202005000,1208,Tioga,,0,0,4260000
421010202005001,1208,Tioga,,55,24,4260000
421010202005002,1208,Tioga,,152,63,4260000
421010202005003,1208,Tioga,,0,0,4260000
421010202005004,1208,Tioga,,164,84,4260000
421010202005005,1208,Tioga,,45,13,4260000
421010202005006,1208,Tioga,,139,67,4260000
421010202005007,1208,Tioga,,106,52,4260000
421010202005008,1208,Tioga,,29,18,4260000
421010202005009,1208,Tioga,,100,44,4260000
421010202005010,1208,Tioga,,80,34,4260000
421010202005011,1208,Tioga,,95,47,4260000
421010202005012,1208,Tioga,,132,68,4260000
421010202005013,1208,Tioga,,155,53,4260000
421010202006000,1208,Tioga,,107,51,4260000
421010202006001,1208,Tioga,,165,104,4260000
421010202006002,1208,Tioga,,99,20,4260000
421010202006003,1208,Tioga,,71,45,4260000
421010202006004,1208,Tioga,,29,24,4260000
421010202006005,1208,Tioga,,109,69,4260000
421010202006006,1208,Tioga,,87,56,4260000
421010202006007,1208,Tioga,,145,61,4260000
421010203001004,1208,Tioga,,28,32,4260000
421010203001005,1208,Tioga,,6,4,4260000
421010203001010,1208,Tioga,,0,0,4260000
421010203002005,1208,Tioga,,58,23,4260000
421010203002008,1208,Tioga,,44,25,4260000
421010203002009,1208,Tioga,,0,0,4260000
421010203002010,1208,Tioga,,46,13,4260000
421010203002014,1208,Tioga,,59,21,4260000
421010203002015,1208,Tioga,,11,14,4260000
421010203002016,1208,Tioga,,7,8,4260000
421010203002017,1208,Tioga,,12,11,4260000
421010203002018,1208,Tioga,,3,2,4260000
421010203002019,1208,Tioga,,24,14,4260000
421010203002020,1208,Tioga,,0,0,4260000
421010205001022,1208,Tioga,,0,0,4260000
421010205001023,1208,Tioga,,0,0,4260000
421010205001024,1208,Tioga,,0,0,4260000
421010205001028,1208,Tioga,,0,0,4260000
421010205001029,1208,Tioga,,0,0,4260000
421010205001038,1208,Tioga,,0,0,4260000
421010205002007,1208,Tioga,,32,16,4260000
421010205002008,1208,Tioga,,24,12,4260000
421010205002009,1208,Tioga,,54,7,4260000
421010205002010,1208,Tioga,,55,27,4260000
421010205002011,1208,Tioga,,132,69,4260000
421010205002012,1208,Tioga,,45,30,4260000
421010205002013,1208,Tioga,,0,0,4260000
421010205002014,1208,Tioga,,0,0,4260000
421010205002015,1208,Tioga,,0,0,4260000
421010205002016,1208,Tioga,,114,63,4260000
421010205002017,1208,Tioga,,44,27,4260000
421010205002018,1208,Tioga,,0,0,4260000
421010205002019,1208,Tioga,,0,0,4260000
421010205002020,1208,Tioga,,0,0,4260000
421010205002021,1208,Tioga,,0,0,4260000
421010206001015,1208,Tioga,,0,0,4260000
421010206001016,1208,Tioga,,0,0,4260000
421010243004007,1208,Tioga,,0,0,4260000
421010170001000,1209,Allegheny West,,0,0,4260000
421010170001001,1209,Allegheny West,,602,428,4260000
421010170001002,1209,Allegheny West,,37,39,4260000
421010170001003,1209,Allegheny West,,0,0,4260000
421010170001004,1209,Allegheny West,,0,0,4260000
421010170001005,1209,Allegheny West,,0,0,4260000
421010170001006,1209,Allegheny West,,0,0,4260000
421010170001007,1209,Allegheny West,,102,51,4260000
421010170001008,1209,Allegheny West,,73,34,4260000
421010170001009,1209,Allegheny West,,74,48,4260000
421010170001010,1209,Allegheny West,,76,34,4260000
421010170001011,1209,Allegheny West,,79,35,4260000
421010170001012,1209,Allegheny West,,140,58,4260000
421010170001013,1209,Allegheny West,,103,47,4260000
421010170001014,1209,Allegheny West,,10,8,4260000
421010170001015,1209,Allegheny West,,36,16,4260000
421010170001016,1209,Allegheny West,,18,10,4260000
421010170001017,1209,Allegheny West,,30,14,4260000
421010170001018,1209,Allegheny West,,56,20,4260000
421010170001019,1209,Allegheny West,,2,1,4260000
421010170001020,1209,Allegheny West,,0,1,4260000
421010170001021,1209,Allegheny West,,0,0,4260000
421010170001022,1209,Allegheny West,,0,0,4260000
421010170001023,1209,Allegheny West,,0,0,4260000
421010170001024,1209,Allegheny West,,0,0,4260000
421010170001025,1209,Allegheny West,,0,0,4260000
421010170002005,1209,Allegheny West,,0,0,4260000
421010170002006,1209,Allegheny West,,106,53,4260000
421010170002007,1209,Allegheny West,,34,12,4260000
421010170002008,1209,Allegheny West,,86,30,4260000
421010170002009,1209,Allegheny West,,0,0,4260000
421010170002014,1209,Allegheny West,,2,1,4260000
421010170002015,1209,Allegheny West,,219,78,4260000
421010170002016,1209,Allegheny West,,54,20,4260000
421010170002017,1209,Allegheny West,,0,0,4260000
421010170002018,1209,Allegheny West,,0,0,4260000
421010170002019,1209,Allegheny West,,0,0,4260000
421010170002020,1209,Allegheny West,,0,0,4260000
421010170003000,1209,Allegheny West,,0,0,4260000
421010170003001,1209,Allegheny West,,261,0,4260000
421010170003002,1209,Allegheny West,,0,0,4260000
421010170003003,1209,Allegheny West,,0,0,4260000
421010170003004,1209,Allegheny West,,0,0,4260000
421010170003005,1209,Allegheny West,,89,50,4260000
421010170003006,1209,Allegheny West,,99,51,4260000
421010170003007,1209,Allegheny West,,89,53,4260000
421010170003008,1209,Allegheny West,,169,66,4260000
421010170003009,1209,Allegheny West,,84,33,4260000
421010170003010,1209,Allegheny West,,85,30,4260000
421010170003011,1209,Allegheny West,,1,1,4260000
421010170003012,1209,Allegheny West,,0,0,4260000
421010170003013,1209,Allegheny West,,136,53,4260000
421010171001000,1209,Allegheny West,,96,56,4260000
421010171001001,1209,Allegheny West,,144,60,4260000
421010171001002,1209,Allegheny West,,0,0,4260000
421010171001003,1209,Allegheny West,,109,53,4260000
421010171001004,1209,Allegheny West,,117,58,4260000
421010171001005,1209,Allegheny West,,116,64,4260000
421010171001006,1209,Allegheny West,,0,0,4260000
421010171001007,1209,Allegheny West,,110,53,4260000
421010171001008,1209,Allegheny West,,84,45,4260000
421010171002000,1209,Allegheny West,,156,62,4260000
421010171002001,1209,Allegheny West,,160,63,4260000
421010171002002,1209,Allegheny West,,137,55,4260000
421010171002003,1209,Allegheny West,,155,65,4260000
421010171002004,1209,Allegheny West,,120,45,4260000
421010171002005,1209,Allegheny West,,37,27,4260000
421010171002006,1209,Allegheny West,,71,36,4260000
421010171002007,1209,Allegheny West,,24,7,4260000
421010171002008,1209,Allegheny West,,28,14,4260000
421010171002009,1209,Allegheny West,,61,26,4260000
421010171003003,1209,Allegheny West,,0,0,4260000
421010171003004,1209,Allegheny West,,116,52,4260000
421010171003005,1209,Allegheny West,,78,37,4260000
421010171003006,1209,Allegheny West,,102,41,4260000
421010171003007,1209,Allegheny West,,127,53,4260000
421010171003008,1209,Allegheny West,,125,66,4260000
421010171003009,1209,Allegheny West,,0,0,4260000
421010171003010,1209,Allegheny West,,171,79,4260000
421010171003011,1209,Allegheny West,,151,69,4260000
421010171003012,1209,Allegheny West,,134,51,4260000
421010171003013,1209,Allegheny West,,0,0,4260000
421010171003014,1209,Allegheny West,,0,0,4260000
421010171003015,1209,Allegheny West,,76,35,4260000
421010171003016,1209,Allegheny West,,82,38,4260000
421010171003017,1209,Allegheny West,,42,22,4260000
421010171003018,1209,Allegheny West,,100,50,4260000
421010171003019,1209,Allegheny West,,67,29,4260000
421010171003020,1209,Allegheny West,,0,0,4260000
421010171003021,1209,Allegheny West,,0,0,4260000
421010171003022,1209,Allegheny West,,137,57,4260000
421010171004000,1209,Allegheny West,,128,46,4260000
421010171004001,1209,Allegheny West,,0,0,4260000
421010171004002,1209,Allegheny West,,6,2,4260000
421010171004003,1209,Allegheny West,,0,0,4260000
421010171004004,1209,Allegheny West,,0,0,4260000
421010171004005,1209,Allegheny West,,0,0,4260000
421010171004006,1209,Allegheny West,,0,0,4260000
421010171004007,1209,Allegheny West,,0,0,4260000
421010171004008,1209,Allegheny West,,0,0,4260000
421010171004009,1209,Allegheny West,,0,0,4260000
421010171004010,1209,Allegheny West,,64,35,4260000
421010171004011,1209,Allegheny West,,99,40,4260000
421010171004012,1209,Allegheny West,,0,0,4260000
421010171004013,1209,Allegheny West,,0,0,4260000
421010171004014,1209,Allegheny West,,163,66,4260000
421010171004015,1209,Allegheny West,,161,66,4260000
421010171004016,1209,Allegheny West,,0,0,4260000
421010171004017,1209,Allegheny West,,42,17,4260000
421010171004018,1209,Allegheny West,,90,35,4260000
421010171004019,1209,Allegheny West,,61,34,4260000
421010172011000,1209,Allegheny West,,13,16,4260000
421010172011001,1209,Allegheny West,,100,32,4260000
421010172011002,1209,Allegheny West,,126,57,4260000
421010172011003,1209,Allegheny West,,111,55,4260000
421010172011004,1209,Allegheny West,,114,51,4260000
421010172011005,1209,Allegheny West,,111,50,4260000
421010172011006,1209,Allegheny West,,122,51,4260000
421010172011007,1209,Allegheny West,,142,60,4260000
421010172011008,1209,Allegheny West,,55,28,4260000
421010172011009,1209,Allegheny West,,73,42,4260000
421010172012000,1209,Allegheny West,,142,62,4260000
421010172012001,1209,Allegheny West,,114,63,4260000
421010172012002,1209,Allegheny West,,137,66,4260000
421010172012003,1209,Allegheny West,,137,62,4260000
421010172012004,1209,Allegheny West,,151,58,4260000
421010172012005,1209,Allegheny West,,128,63,4260000
421010172012006,1209,Allegheny West,,131,64,4260000
421010172012007,1209,Allegheny West,,84,61,4260000
421010172012008,1209,Allegheny West,,144,59,4260000
421010172013000,1209,Allegheny West,,48,24,4260000
421010172013001,1209,Allegheny West,,54,26,4260000
421010172013002,1209,Allegheny West,,25,11,4260000
421010172013003,1209,Allegheny West,,121,55,4260000
421010172013004,1209,Allegheny West,,71,29,4260000
421010172013005,1209,Allegheny West,,0,0,4260000
421010172013006,1209,Allegheny West,,0,0,4260000
421010172013007,1209,Allegheny West,,51,22,4260000
421010172013008,1209,Allegheny West,,62,30,4260000
421010172013009,1209,Allegheny West,,94,50,4260000
421010172013010,1209,Allegheny West,,123,57,4260000
421010172013011,1209,Allegheny West,,0,0,4260000
421010172013012,1209,Allegheny West,,116,61,4260000
421010172013013,1209,Allegheny West,,100,65,4260000
421010172013014,1209,Allegheny West,,119,62,4260000
421010172013015,1209,Allegheny West,,56,35,4260000
421010172013016,1209,Allegheny West,,19,9,4260000
421010172013017,1209,Allegheny West,,0,0,4260000
421010172021000,1209,Allegheny West,,107,55,4260000
421010172021001,1209,Allegheny West,,98,54,4260000
421010172021002,1209,Allegheny West,,95,53,4260000
421010172021003,1209,Allegheny West,,129,67,4260000
421010172021004,1209,Allegheny West,,124,65,4260000
421010172021005,1209,Allegheny West,,143,64,4260000
421010172021006,1209,Allegheny West,,119,62,4260000
421010172021007,1209,Allegheny West,,150,60,4260000
421010172021008,1209,Allegheny West,,137,59,4260000
421010172021009,1209,Allegheny West,,75,32,4260000
421010172021010,1209,Allegheny West,,20,7,4260000
421010172022000,1209,Allegheny West,,110,53,4260000
421010172022001,1209,Allegheny West,,153,54,4260000
421010172022002,1209,Allegheny West,,130,63,4260000
421010172022003,1209,Allegheny West,,158,62,4260000
421010172022004,1209,Allegheny West,,144,62,4260000
421010172022005,1209,Allegheny West,,77,28,4260000
421010172022006,1209,Allegheny West,,50,20,4260000
421010172022007,1209,Allegheny West,,85,42,4260000
421010172022008,1209,Allegheny West,,67,41,4260000
421010172022009,1209,Allegheny West,,78,40,4260000
421010172022010,1209,Allegheny West,,61,34,4260000
421010172023000,1209,Allegheny West,,76,42,4260000
421010172023001,1209,Allegheny West,,102,58,4260000
421010172023002,1209,Allegheny West,,121,64,4260000
421010172023003,1209,Allegheny West,,132,65,4260000
421010172023004,1209,Allegheny West,,94,41,4260000
421010172023005,1209,Allegheny West,,55,21,4260000
421010172023006,1209,Allegheny West,,35,24,4260000
421010172023007,1209,Allegheny West,,71,48,4260000
421010172023008,1209,Allegheny West,,39,22,4260000
421010172024000,1209,Allegheny West,,127,53,4260000
421010172024001,1209,Allegheny West,,115,64,4260000
421010172024002,1209,Allegheny West,,99,62,4260000
421010172024003,1209,Allegheny West,,135,62,4260000
421010172024004,1209,Allegheny West,,140,62,4260000
421010172024005,1209,Allegheny West,,116,56,4260000
421010172024006,1209,Allegheny West,,63,37,4260000
421010172024007,1209,Allegheny West,,73,47,4260000
421010172024008,1209,Allegheny West,,108,49,4260000
421010172024009,1209,Allegheny West,,45,32,4260000
421010206001017,1209,Allegheny West,,0,0,4260000
421010207003019,1209,Allegheny West,,0,0,4260000
421010207003020,1209,Allegheny West,,0,0,4260000
421010207003021,1209,Allegheny West,,0,0,4260000
421010207004000,1209,Allegheny West,,0,0,4260000
421010173001000,1210,Glenwood,,118,57,4260000
421010173001001,1210,Glenwood,,43,23,4260000
421010173001002,1210,Glenwood,,97,46,4260000
421010173001003,1210,Glenwood,,76,37,4260000
421010173001004,1210,Glenwood,,85,39,4260000
421010173001005,1210,Glenwood,,93,41,4260000
421010173001006,1210,Glenwood,,80,38,4260000
421010173001007,1210,Glenwood,,134,49,4260000
421010173001008,1210,Glenwood,,128,56,4260000
421010173001009,1210,Glenwood,,87,43,4260000
421010173001010,1210,Glenwood,,70,30,4260000
421010173001011,1210,Glenwood,,130,59,4260000
421010173002002,1210,Glenwood,,0,0,4260000
421010173002003,1210,Glenwood,,0,0,4260000
421010173002004,1210,Glenwood,,0,0,4260000
421010173002005,1210,Glenwood,,0,0,4260000
421010173002006,1210,Glenwood,,10,5,4260000
421010173002007,1210,Glenwood,,0,0,4260000
421010173002008,1210,Glenwood,,0,0,4260000
421010173002009,1210,Glenwood,,14,7,4260000
421010173002010,1210,Glenwood,,105,43,4260000
421010173002011,1210,Glenwood,,70,40,4260000
421010173002012,1210,Glenwood,,43,23,4260000
421010173002013,1210,Glenwood,,67,25,4260000
421010173002014,1210,Glenwood,,41,17,4260000
421010173002015,1210,Glenwood,,62,30,4260000
421010173002016,1210,Glenwood,,0,0,4260000
421010173002017,1210,Glenwood,,67,32,4260000
421010173002018,1210,Glenwood,,0,0,4260000
421010173002019,1210,Glenwood,,0,0,4260000
421010173002020,1210,Glenwood,,0,0,4260000
421010173002021,1210,Glenwood,,3,1,4260000
421010173002022,1210,Glenwood,,0,0,4260000
421010173002023,1210,Glenwood,,0,0,4260000
421010173002024,1210,Glenwood,,15,8,4260000
421010173002025,1210,Glenwood,,0,0,4260000
421010173002026,1210,Glenwood,,35,11,4260000
421010173002027,1210,Glenwood,,191,0,4260000
421010173002028,1210,Glenwood,,0,0,4260000
421010173002029,1210,Glenwood,,0,0,4260000
421010173002030,1210,Glenwood,,0,0,4260000
421010173002031,1210,Glenwood,,132,62,4260000
421010173002032,1210,Glenwood,,120,56,4260000
421010173002033,1210,Glenwood,,105,56,4260000
421010173002034,1210,Glenwood,,126,57,4260000
421010173002035,1210,Glenwood,,0,0,4260000
421010173002036,1210,Glenwood,,0,0,4260000
421010173002037,1210,Glenwood,,121,54,4260000
421010173002038,1210,Glenwood,,107,50,4260000
421010173002039,1210,Glenwood,,45,31,4260000
421010173002040,1210,Glenwood,,0,0,4260000
421010173002041,1210,Glenwood,,25,7,4260000
421010173002042,1210,Glenwood,,0,0,4260000
421010173002043,1210,Glenwood,,0,0,4260000
421010173002044,1210,Glenwood,,0,0,4260000
421010173002046,1210,Glenwood,,0,0,4260000
421010173002056,1210,Glenwood,,0,0,4260000
421010173002057,1210,Glenwood,,0,0,4260000
421010201012002,1210,Glenwood,,22,24,4260000
421010201012003,1210,Glenwood,,103,47,4260000
421010201012004,1210,Glenwood,,82,40,4260000
421010201012005,1210,Glenwood,,45,20,4260000
421010201012006,1210,Glenwood,,26,11,4260000
421010201012007,1210,Glenwood,,61,43,4260000
421010201012008,1210,Glenwood,,55,52,4260000
421010201013003,1210,Glenwood,,261,100,4260000
421010201013004,1210,Glenwood,,314,175,4260000
421010201013005,1210,Glenwood,,112,49,4260000
421010201013006,1210,Glenwood,,122,54,4260000
421010201013007,1210,Glenwood,,77,33,4260000
421010201013008,1210,Glenwood,,52,24,4260000
421010201013009,1210,Glenwood,,49,26,4260000
421010201013010,1210,Glenwood,,20,17,4260000
421010201013011,1210,Glenwood,,0,0,4260000
421010201013012,1210,Glenwood,,134,63,4260000
421010276001000,1211,Fern Rock,,365,218,4260000
421010276001001,1211,Fern Rock,,115,52,4260000
421010276001002,1211,Fern Rock,,151,65,4260000
421010276001003,1211,Fern Rock,,113,70,4260000
421010276001004,1211,Fern Rock,,135,60,4260000
421010276001005,1211,Fern Rock,,74,27,4260000
421010276001006,1211,Fern Rock,,93,47,4260000
421010276001007,1211,Fern Rock,,73,40,4260000
421010276001008,1211,Fern Rock,,39,18,4260000
421010276001009,1211,Fern Rock,,0,0,4260000
421010276001010,1211,Fern Rock,,1,1,4260000
421010276001011,1211,Fern Rock,,0,0,4260000
421010276001012,1211,Fern Rock,,0,0,4260000
421010276002000,1211,Fern Rock,,156,65,4260000
421010276002001,1211,Fern Rock,,181,63,4260000
421010276002002,1211,Fern Rock,,138,57,4260000
421010276002003,1211,Fern Rock,,81,55,4260000
421010276002004,1211,Fern Rock,,45,25,4260000
421010276002005,1211,Fern Rock,,0,0,4260000
421010276003000,1211,Fern Rock,,77,39,4260000
421010276003001,1211,Fern Rock,,107,51,4260000
421010276003002,1211,Fern Rock,,96,46,4260000
421010276003003,1211,Fern Rock,,97,42,4260000
421010276003004,1211,Fern Rock,,105,42,4260000
421010276003005,1211,Fern Rock,,37,21,4260000
421010276003006,1211,Fern Rock,,61,27,4260000
421010276003007,1211,Fern Rock,,59,109,4260000
421010276003008,1211,Fern Rock,,105,34,4260000
421010276003009,1211,Fern Rock,,142,73,4260000
421010276003010,1211,Fern Rock,,86,43,4260000
421010276004000,1211,Fern Rock,,217,131,4260000
421010276004001,1211,Fern Rock,,0,0,4260000
421010276004002,1211,Fern Rock,,0,0,4260000
421010276004003,1211,Fern Rock,,150,61,4260000
421010276004004,1211,Fern Rock,,104,56,4260000
421010276004005,1211,Fern Rock,,38,15,4260000
421010276004006,1211,Fern Rock,,114,46,4260000
421010276004007,1211,Fern Rock,,146,57,4260000
421010276004008,1211,Fern Rock,,99,49,4260000
421010282002001,1211,Fern Rock,,98,36,4260000
421010282003000,1211,Fern Rock,,150,64,4260000
421010282003001,1211,Fern Rock,,145,56,4260000
421010282003002,1211,Fern Rock,,112,55,4260000
421010282003003,1211,Fern Rock,,146,74,4260000
421010282003004,1211,Fern Rock,,90,58,4260000
421010282003005,1211,Fern Rock,,85,35,4260000
421010282003006,1211,Fern Rock,,67,36,4260000
421010282003007,1211,Fern Rock,,0,0,4260000
421010268001002,1212,East Oak Lane,,81,24,4260000
421010268001003,1212,East Oak Lane,,71,31,4260000
421010268001004,1212,East Oak Lane,,96,46,4260000
421010268001005,1212,East Oak Lane,,36,11,4260000
421010268001006,1212,East Oak Lane,,22,9,4260000
421010268001009,1212,East Oak Lane,,18,6,4260000
421010268001010,1212,East Oak Lane,,38,14,4260000
421010268001011,1212,East Oak Lane,,294,9,4260000
421010268001012,1212,East Oak Lane,,29,10,4260000
421010268001013,1212,East Oak Lane,,103,41,4260000
421010268002000,1212,East Oak Lane,,315,210,4260000
421010268002001,1212,East Oak Lane,,1,1,4260000
421010268002002,1212,East Oak Lane,,3,1,4260000
421010268002003,1212,East Oak Lane,,8,6,4260000
421010268002004,1212,East Oak Lane,,44,14,4260000
421010268002005,1212,East Oak Lane,,111,58,4260000
421010268002006,1212,East Oak Lane,,41,9,4260000
421010268002007,1212,East Oak Lane,,0,0,4260000
421010268002008,1212,East Oak Lane,,0,1,4260000
421010268002009,1212,East Oak Lane,,108,72,4260000
421010268002010,1212,East Oak Lane,,118,77,4260000
421010268002011,1212,East Oak Lane,,0,0,4260000
421010268002012,1212,East Oak Lane,,0,0,4260000
421010268003000,1212,East Oak Lane,,21,17,4260000
421010268003001,1212,East Oak Lane,,32,15,4260000
421010268003003,1212,East Oak Lane,,27,16,4260000
421010268003004,1212,East Oak Lane,,8,3,4260000
421010268003009,1212,East Oak Lane,,0,0,4260000
421010268003010,1212,East Oak Lane,,49,21,4260000
421010268003011,1212,East Oak Lane,,4,2,4260000
421010268003012,1212,East Oak Lane,,39,20,4260000
421010268004000,1212,East Oak Lane,,65,31,4260000
421010268004001,1212,East Oak Lane,,60,20,4260000
421010268004002,1212,East Oak Lane,,102,47,4260000
421010268004003,1212,East Oak Lane,,147,69,4260000
421010268004004,1212,East Oak Lane,,0,0,4260000
421010268004005,1212,East Oak Lane,,42,36,4260000
421010268004006,1212,East Oak Lane,,100,54,4260000
421010268004007,1212,East Oak Lane,,62,21,4260000
421010268004008,1212,East Oak Lane,,106,27,4260000
421010268004009,1212,East Oak Lane,,64,31,4260000
421010268004010,1212,East Oak Lane,,62,22,4260000
421010268004011,1212,East Oak Lane,,68,26,4260000
421010268004012,1212,East Oak Lane,,66,34,4260000
421010268004013,1212,East Oak Lane,,33,10,4260000
421010268004014,1212,East Oak Lane,,0,0,4260000
421010268004015,1212,East Oak Lane,,8,7,4260000
421010268004016,1212,East Oak Lane,,67,32,4260000
421010268004017,1212,East Oak Lane,,98,44,4260000
421010268004018,1212,East Oak Lane,,40,21,4260000
421010268004019,1212,East Oak Lane,,56,19,4260000
421010269001000,1212,East Oak Lane,,281,12,4260000
421010269001001,1212,East Oak Lane,,99,38,4260000
421010269001002,1212,East Oak Lane,,61,25,4260000
421010269001003,1212,East Oak Lane,,98,27,4260000
421010269001004,1212,East Oak Lane,,70,23,4260000
421010269001005,1212,East Oak Lane,,95,34,4260000
421010269001006,1212,East Oak Lane,,177,85,4260000
421010269002000,1212,East Oak Lane,,15,8,4260000
421010269002001,1212,East Oak Lane,,36,20,4260000
421010269002002,1212,East Oak Lane,,40,15,4260000
421010269002003,1212,East Oak Lane,,92,35,4260000
421010269002004,1212,East Oak Lane,,45,18,4260000
421010269002005,1212,East Oak Lane,,69,23,4260000
421010269002006,1212,East Oak Lane,,74,17,4260000
421010269002007,1212,East Oak Lane,,101,29,4260000
421010269002008,1212,East Oak Lane,,74,23,4260000
421010269002009,1212,East Oak Lane,,58,23,4260000
421010269002010,1212,East Oak Lane,,102,45,4260000
421010269002011,1212,East Oak Lane,,0,0,4260000
421010269002012,1212,East Oak Lane,,162,54,4260000
421010269002013,1212,East Oak Lane,,169,120,4260000
421010269002014,1212,East Oak Lane,,31,13,4260000
421010269002015,1212,East Oak Lane,,148,26,4260000
421010269002016,1212,East Oak Lane,,62,18,4260000
421010269002017,1212,East Oak Lane,,40,13,4260000
421010270001000,1212,East Oak Lane,,138,52,4260000
421010270001001,1212,East Oak Lane,,72,33,4260000
421010270001002,1212,East Oak Lane,,75,28,4260000
421010270001003,1212,East Oak Lane,,44,14,4260000
421010270001004,1212,East Oak Lane,,50,19,4260000
421010270001005,1212,East Oak Lane,,95,31,4260000
421010270001006,1212,East Oak Lane,,78,28,4260000
421010270001007,1212,East Oak Lane,,42,15,4260000
421010270001008,1212,East Oak Lane,,38,13,4260000
421010270001009,1212,East Oak Lane,,39,9,4260000
421010270001010,1212,East Oak Lane,,38,11,4260000
421010270001011,1212,East Oak Lane,,53,21,4260000
421010270001012,1212,East Oak Lane,,20,7,4260000
421010270002000,1212,East Oak Lane,,90,31,4260000
421010270002001,1212,East Oak Lane,,87,29,4260000
421010270002002,1212,East Oak Lane,,166,94,4260000
421010270002003,1212,East Oak Lane,,59,30,4260000
421010270002004,1212,East Oak Lane,,57,19,4260000
421010270002005,1212,East Oak Lane,,34,11,4260000
421010270002006,1212,East Oak Lane,,38,14,4260000
421010270002007,1212,East Oak Lane,,79,23,4260000
421010270002008,1212,East Oak Lane,,65,24,4260000
421010270002009,1212,East Oak Lane,,44,15,4260000
421010270002010,1212,East Oak Lane,,75,34,4260000
421010270002011,1212,East Oak Lane,,23,15,4260000
421010270002012,1212,East Oak Lane,,19,7,4260000
421010270002013,1212,East Oak Lane,,52,17,4260000
421010270002014,1212,East Oak Lane,,87,35,4260000
421010270002015,1212,East Oak Lane,,402,243,4260000
421010270002016,1212,East Oak Lane,,16,8,4260000
421010270002017,1212,East Oak Lane,,42,15,4260000
421010270002018,1212,East Oak Lane,,63,20,4260000
421010270002019,1212,East Oak Lane,,29,10,4260000
421010270002020,1212,East Oak Lane,,17,6,4260000
421010271001000,1212,East Oak Lane,,0,0,4260000
421010271001001,1212,East Oak Lane,,76,29,4260000
421010271001002,1212,East Oak Lane,,65,27,4260000
421010271001003,1212,East Oak Lane,,45,12,4260000
421010271001004,1212,East Oak Lane,,185,96,4260000
421010271001005,1212,East Oak Lane,,35,16,4260000
421010271001006,1212,East Oak Lane,,117,47,4260000
421010271001007,1212,East Oak Lane,,134,49,4260000
421010271001008,1212,East Oak Lane,,53,17,4260000
421010271001009,1212,East Oak Lane,,64,19,4260000
421010271001010,1212,East Oak Lane,,47,16,4260000
421010271001011,1212,East Oak Lane,,47,15,4260000
421010271002000,1212,East Oak Lane,,62,28,4260000
421010271002001,1212,East Oak Lane,,144,57,4260000
421010271002002,1212,East Oak Lane,,184,59,4260000
421010271002003,1212,East Oak Lane,,176,59,4260000
421010271002004,1212,East Oak Lane,,167,66,4260000
421010271002005,1212,East Oak Lane,,181,67,4260000
421010271003000,1212,East Oak Lane,,110,43,4260000
421010271003001,1212,East Oak Lane,,88,34,4260000
421010271003002,1212,East Oak Lane,,0,0,4260000
421010271003003,1212,East Oak Lane,,95,48,4260000
421010271003004,1212,East Oak Lane,,147,45,4260000
421010271003005,1212,East Oak Lane,,231,77,4260000
421010272001000,1213,Melrose Park Gardens,,250,102,4260000
421010272001001,1213,Melrose Park Gardens,,116,61,4260000
421010272001002,1213,Melrose Park Gardens,,223,90,4260000
421010272001003,1213,Melrose Park Gardens,,281,112,4260000
421010272002000,1213,Melrose Park Gardens,,5,1,4260000
421010272002001,1213,Melrose Park Gardens,,97,43,4260000
421010272002002,1213,Melrose Park Gardens,,232,91,4260000
421010272002003,1213,Melrose Park Gardens,,584,235,4260000
421010272002004,1213,Melrose Park Gardens,,136,59,4260000
421010272002005,1213,Melrose Park Gardens,,0,0,4260000
421010272002006,1213,Melrose Park Gardens,,920,484,4260000
421010272003000,1213,Melrose Park Gardens,,299,132,4260000
421010272003001,1213,Melrose Park Gardens,,220,99,4260000
421010272003002,1213,Melrose Park Gardens,,72,35,4260000
421010272003003,1213,Melrose Park Gardens,,222,88,4260000
421010272003004,1213,Melrose Park Gardens,,194,82,4260000
421010272003005,1213,Melrose Park Gardens,,132,58,4260000
421010272003006,1213,Melrose Park Gardens,,73,25,4260000
421010272003007,1213,Melrose Park Gardens,,44,17,4260000
421010272003008,1213,Melrose Park Gardens,,90,46,4260000
421010272003009,1213,Melrose Park Gardens,,88,36,4260000
421010174001000,1214,Franklinville,,0,0,4260000
421010174002000,1214,Franklinville,,0,0,4260000
421010175006004,1214,Franklinville,,0,0,4260000
421010175006013,1214,Franklinville,,12,7,4260000
421010175006019,1214,Franklinville,,31,9,4260000
421010199001000,1214,Franklinville,,41,28,4260000
421010199001001,1214,Franklinville,,66,26,4260000
421010199001002,1214,Franklinville,,114,49,4260000
421010199001003,1214,Franklinville,,147,55,4260000
421010199001004,1214,Franklinville,,167,54,4260000
421010199001005,1214,Franklinville,,169,54,4260000
421010199001006,1214,Franklinville,,144,43,4260000
421010199001007,1214,Franklinville,,74,32,4260000
421010199001008,1214,Franklinville,,0,0,4260000
421010199002000,1214,Franklinville,,36,16,4260000
421010199002001,1214,Franklinville,,69,25,4260000
421010199002002,1214,Franklinville,,118,37,4260000
421010199002003,1214,Franklinville,,162,64,4260000
421010199002004,1214,Franklinville,,25,8,4260000
421010199002005,1214,Franklinville,,152,53,4260000
421010199002006,1214,Franklinville,,241,72,4260000
421010199002007,1214,Franklinville,,100,32,4260000
421010199002008,1214,Franklinville,,22,10,4260000
421010199002009,1214,Franklinville,,0,0,4260000
421010199002010,1214,Franklinville,,89,34,4260000
421010199002011,1214,Franklinville,,86,31,4260000
421010199002012,1214,Franklinville,,16,7,4260000
421010199002013,1214,Franklinville,,41,15,4260000
421010199002014,1214,Franklinville,,111,36,4260000
421010199003000,1214,Franklinville,,166,60,4260000
421010199003001,1214,Franklinville,,7,4,4260000
421010199003002,1214,Franklinville,,103,36,4260000
421010199003003,1214,Franklinville,,225,74,4260000
421010199003004,1214,Franklinville,,114,55,4260000
421010199003005,1214,Franklinville,,163,62,4260000
421010199003006,1214,Franklinville,,146,76,4260000
421010199003007,1214,Franklinville,,98,46,4260000
421010199003008,1214,Franklinville,,46,22,4260000
421010199003009,1214,Franklinville,,0,0,4260000
421010199003010,1214,Franklinville,,11,4,4260000
421010199004000,1214,Franklinville,,0,0,4260000
421010199004001,1214,Franklinville,,62,24,4260000
421010199004002,1214,Franklinville,,138,39,4260000
421010199004003,1214,Franklinville,,76,23,4260000
421010199004004,1214,Franklinville,,54,22,4260000
421010199004005,1214,Franklinville,,69,19,4260000
421010199004006,1214,Franklinville,,0,0,4260000
421010199004007,1214,Franklinville,,0,0,4260000
421010199004008,1214,Franklinville,,93,31,4260000
421010199004009,1214,Franklinville,,33,17,4260000
421010199004010,1214,Franklinville,,0,0,4260000
421010199004011,1214,Franklinville,,50,24,4260000
421010199004012,1214,Franklinville,,81,40,4260000
421010199004013,1214,Franklinville,,30,20,4260000
421010199004014,1214,Franklinville,,31,18,4260000
421010199004015,1214,Franklinville,,79,32,4260000
421010199004016,1214,Franklinville,,96,39,4260000
421010199004017,1214,Franklinville,,58,22,4260000
421010199004018,1214,Franklinville,,0,0,4260000
421010199004019,1214,Franklinville,,57,23,4260000
421010199004020,1214,Franklinville,,42,13,4260000
421010199004021,1214,Franklinville,,28,10,4260000
421010199004022,1214,Franklinville,,0,0,4260000
421010199004023,1214,Franklinville,,0,0,4260000
421010199004024,1214,Franklinville,,0,0,4260000
421010199004025,1214,Franklinville,,0,0,4260000
421010199004026,1214,Franklinville,,7,1,4260000
421010199004027,1214,Franklinville,,1,1,4260000
421010199004028,1214,Franklinville,,52,16,4260000
421010199004029,1214,Franklinville,,7,3,4260000
421010199004030,1214,Franklinville,,6,4,4260000
421010199004031,1214,Franklinville,,0,0,4260000
421010199004032,1214,Franklinville,,0,0,4260000
421010199004033,1214,Franklinville,,0,0,4260000
421010199004034,1214,Franklinville,,0,0,4260000
421010199004035,1214,Franklinville,,0,0,4260000
421010200001000,1214,Franklinville,,0,0,4260000
421010200001001,1214,Franklinville,,77,35,4260000
421010200001002,1214,Franklinville,,142,78,4260000
421010200001003,1214,Franklinville,,72,35,4260000
421010200001004,1214,Franklinville,,14,12,4260000
421010200001005,1214,Franklinville,,18,13,4260000
421010200001006,1214,Franklinville,,82,42,4260000
421010200001007,1214,Franklinville,,0,0,4260000
421010200001008,1214,Franklinville,,61,22,4260000
421010200001009,1214,Franklinville,,39,19,4260000
421010200001010,1214,Franklinville,,0,0,4260000
421010200001011,1214,Franklinville,,0,0,4260000
421010200001012,1214,Franklinville,,0,0,4260000
421010200001013,1214,Franklinville,,36,21,4260000
421010200002001,1214,Franklinville,,0,3,4260000
421010200002002,1214,Franklinville,,0,0,4260000
421010200002003,1214,Franklinville,,1,4,4260000
421010200002004,1214,Franklinville,,0,0,4260000
421010200002005,1214,Franklinville,,0,0,4260000
421010200002006,1214,Franklinville,,92,101,4260000
421010200002007,1214,Franklinville,,29,29,4260000
421010200002008,1214,Franklinville,,0,0,4260000
421010200002009,1214,Franklinville,,11,14,4260000
421010200002010,1214,Franklinville,,59,46,4260000
421010200002011,1214,Franklinville,,71,48,4260000
421010200002012,1214,Franklinville,,0,0,4260000
421010200002013,1214,Franklinville,,180,114,4260000
421010200002014,1214,Franklinville,,4,10,4260000
421010200002015,1214,Franklinville,,104,51,4260000
421010200002016,1214,Franklinville,,173,90,4260000
421010203001012,1214,Franklinville,,19,8,4260000
421010203001013,1214,Franklinville,,51,33,4260000
421010203001014,1214,Franklinville,,146,43,4260000
421010203001016,1214,Franklinville,,141,62,4260000
421010203001017,1214,Franklinville,,34,23,4260000
421010203001018,1214,Franklinville,,57,24,4260000
421010203001019,1214,Franklinville,,0,1,4260000
421010203001020,1214,Franklinville,,5,10,4260000
421010203001021,1214,Franklinville,,92,41,4260000
421010203001022,1214,Franklinville,,76,45,4260000
421010203001023,1214,Franklinville,,49,21,4260000
421010203001024,1214,Franklinville,,0,0,4260000
421010203001025,1214,Franklinville,,0,0,4260000
421010383001026,1214,Franklinville,,103,46,4260000
421010383001027,1214,Franklinville,,20,12,4260000
421010383001028,1214,Franklinville,,78,25,4260000
421010383001032,1214,Franklinville,,14,5,4260000
421010383001033,1214,Franklinville,,0,0,4260000
421010383001034,1214,Franklinville,,0,0,4260000
421010383001035,1214,Franklinville,,150,47,4260000
421010383001048,1214,Franklinville,,9,6,4260000
421010383001049,1214,Franklinville,,31,14,4260000
421010286001021,1215,Feltonville,,0,0,4260000
421010286001022,1215,Feltonville,,0,0,4260000
421010286001026,1215,Feltonville,,0,0,4260000
421010286001027,1215,Feltonville,,0,0,4260000
421010286001028,1215,Feltonville,,0,0,4260000
421010286002008,1215,Feltonville,,0,0,4260000
421010286002009,1215,Feltonville,,0,0,4260000
421010286002010,1215,Feltonville,,0,0,4260000
421010286002016,1215,Feltonville,,0,0,4260000
421010287001000,1215,Feltonville,,87,26,4260000
421010287001001,1215,Feltonville,,109,37,4260000
421010287001002,1215,Feltonville,,0,0,4260000
421010287001003,1215,Feltonville,,0,0,4260000
421010287001008,1215,Feltonville,,66,33,4260000
421010287001009,1215,Feltonville,,58,30,4260000
421010287001010,1215,Feltonville,,107,27,4260000
421010287001011,1215,Feltonville,,77,26,4260000
421010287001014,1215,Feltonville,,50,24,4260000
421010287001015,1215,Feltonville,,0,0,4260000
421010287001017,1215,Feltonville,,62,22,4260000
421010287001018,1215,Feltonville,,169,54,4260000
421010287001021,1215,Feltonville,,102,29,4260000
421010287001022,1215,Feltonville,,77,28,4260000
421010287001023,1215,Feltonville,,157,43,4260000
421010287002000,1215,Feltonville,,61,24,4260000
421010287002001,1215,Feltonville,,5,1,4260000
421010287002002,1215,Feltonville,,164,70,4260000
421010287002003,1215,Feltonville,,174,62,4260000
421010287002004,1215,Feltonville,,111,32,4260000
421010287002005,1215,Feltonville,,18,7,4260000
421010287002006,1215,Feltonville,,201,63,4260000
421010287002007,1215,Feltonville,,77,27,4260000
421010287002008,1215,Feltonville,,0,0,4260000
421010287002009,1215,Feltonville,,55,18,4260000
421010287002010,1215,Feltonville,,75,30,4260000
421010287002011,1215,Feltonville,,88,37,4260000
421010288001000,1215,Feltonville,,128,56,4260000
421010288001001,1215,Feltonville,,89,25,4260000
421010288001002,1215,Feltonville,,0,0,4260000
421010288001003,1215,Feltonville,,94,26,4260000
421010288001004,1215,Feltonville,,140,43,4260000
421010288001005,1215,Feltonville,,149,43,4260000
421010288001006,1215,Feltonville,,133,55,4260000
421010288001007,1215,Feltonville,,46,25,4260000
421010288001008,1215,Feltonville,,146,70,4260000
421010288001009,1215,Feltonville,,133,46,4260000
421010288001010,1215,Feltonville,,103,42,4260000
421010288001011,1215,Feltonville,,23,6,4260000
421010288001012,1215,Feltonville,,104,41,4260000
421010288001013,1215,Feltonville,,135,52,4260000
421010288001014,1215,Feltonville,,89,32,4260000
421010288001015,1215,Feltonville,,80,27,4260000
421010288002000,1215,Feltonville,,216,63,4260000
421010288002001,1215,Feltonville,,244,60,4260000
421010288002002,1215,Feltonville,,117,34,4260000
421010288002003,1215,Feltonville,,0,0,4260000
421010288002004,1215,Feltonville,,94,28,4260000
421010288002005,1215,Feltonville,,145,47,4260000
421010288002006,1215,Feltonville,,102,33,4260000
421010288003000,1215,Feltonville,,0,0,4260000
421010288003001,1215,Feltonville,,103,40,4260000
421010288003002,1215,Feltonville,,0,0,4260000
421010288003003,1215,Feltonville,,0,0,4260000
421010288003004,1215,Feltonville,,0,0,4260000
421010288003005,1215,Feltonville,,0,0,4260000
421010288003006,1215,Feltonville,,35,16,4260000
421010288003007,1215,Feltonville,,18,7,4260000
421010288003008,1215,Feltonville,,27,8,4260000
421010288003009,1215,Feltonville,,130,56,4260000
421010288003010,1215,Feltonville,,65,20,4260000
421010288003011,1215,Feltonville,,0,0,4260000
421010288003012,1215,Feltonville,,106,38,4260000
421010288003013,1215,Feltonville,,104,41,4260000
421010288003014,1215,Feltonville,,120,40,4260000
421010288003015,1215,Feltonville,,85,26,4260000
421010288003016,1215,Feltonville,,148,38,4260000
421010288003017,1215,Feltonville,,112,30,4260000
421010288003018,1215,Feltonville,,42,14,4260000
421010288003019,1215,Feltonville,,89,28,4260000
421010288003020,1215,Feltonville,,0,0,4260000
421010288003021,1215,Feltonville,,35,12,4260000
421010288003022,1215,Feltonville,,0,0,4260000
421010288003023,1215,Feltonville,,187,58,4260000
421010288003024,1215,Feltonville,,136,37,4260000
421010288003025,1215,Feltonville,,57,25,4260000
421010288003026,1215,Feltonville,,136,54,4260000
421010289011000,1215,Feltonville,,186,53,4260000
421010289011001,1215,Feltonville,,193,64,4260000
421010289011002,1215,Feltonville,,245,81,4260000
421010289011003,1215,Feltonville,,0,0,4260000
421010289011004,1215,Feltonville,,218,63,4260000
421010289011005,1215,Feltonville,,200,68,4260000
421010289011006,1215,Feltonville,,146,51,4260000
421010289011007,1215,Feltonville,,182,62,4260000
421010289011008,1215,Feltonville,,194,62,4260000
421010289012003,1215,Feltonville,,183,64,4260000
421010289012005,1215,Feltonville,,136,53,4260000
421010289012006,1215,Feltonville,,114,37,4260000
421010289012007,1215,Feltonville,,152,68,4260000
421010289012008,1215,Feltonville,,116,42,4260000
421010289012009,1215,Feltonville,,240,69,4260000
421010289012010,1215,Feltonville,,178,67,4260000
421010289013000,1215,Feltonville,,130,41,4260000
421010289013001,1215,Feltonville,,191,60,4260000
421010289013002,1215,Feltonville,,201,56,4260000
421010289013003,1215,Feltonville,,171,46,4260000
421010289013004,1215,Feltonville,,59,17,4260000
421010289013005,1215,Feltonville,,120,44,4260000
421010289021002,1215,Feltonville,,92,33,4260000
421010289021003,1215,Feltonville,,178,67,4260000
421010289021004,1215,Feltonville,,163,57,4260000
421010289022001,1215,Feltonville,,0,0,4260000
421010289022002,1215,Feltonville,,0,0,4260000
421010289022003,1215,Feltonville,,0,0,4260000
421010289022004,1215,Feltonville,,80,23,4260000
421010289022005,1215,Feltonville,,225,67,4260000
421010289022006,1215,Feltonville,,254,76,4260000
421010289022007,1215,Feltonville,,116,40,4260000
421010289022008,1215,Feltonville,,254,78,4260000
421010289023000,1215,Feltonville,,221,65,4260000
421010289023001,1215,Feltonville,,215,61,4260000
421010289023002,1215,Feltonville,,174,58,4260000
421010289023003,1215,Feltonville,,192,62,4260000
421010289023004,1215,Feltonville,,215,65,4260000
421010289023005,1215,Feltonville,,266,65,4260000
421010289023006,1215,Feltonville,,203,65,4260000
421010289023007,1215,Feltonville,,214,64,4260000
421010289024000,1215,Feltonville,,0,0,4260000
421010289024001,1215,Feltonville,,0,0,4260000
421010289024002,1215,Feltonville,,0,0,4260000
421010289024003,1215,Feltonville,,100,32,4260000
421010289024004,1215,Feltonville,,113,32,4260000
421010289024005,1215,Feltonville,,113,43,4260000
421010289024006,1215,Feltonville,,142,47,4260000
421010289024007,1215,Feltonville,,149,47,4260000
421010289024008,1215,Feltonville,,141,41,4260000
421010289024009,1215,Feltonville,,262,76,4260000
421010289024010,1215,Feltonville,,285,92,4260000
421010289025000,1215,Feltonville,,0,0,4260000
421010289025001,1215,Feltonville,,0,0,4260000
421010289025002,1215,Feltonville,,0,0,4260000
421010289025003,1215,Feltonville,,0,0,4260000
421010289025004,1215,Feltonville,,182,48,4260000
421010289025005,1215,Feltonville,,184,57,4260000
421010289025006,1215,Feltonville,,228,64,4260000
421010289025007,1215,Feltonville,,220,67,4260000
421010289025008,1215,Feltonville,,92,27,4260000
421010290002014,1215,Feltonville,,0,0,4260000
421010290002015,1215,Feltonville,,0,0,4260000
421010290002016,1215,Feltonville,,0,0,4260000
421010290003021,1215,Feltonville,,0,0,4260000
421010290004011,1215,Feltonville,,0,0,4260000
421010290004012,1215,Feltonville,,0,0,4260000
421010383001000,1215,Feltonville,,184,68,4260000
421010383001001,1215,Feltonville,,80,30,4260000
421010383001002,1215,Feltonville,,37,12,4260000
421010383001003,1215,Feltonville,,0,0,4260000
421010383001006,1215,Feltonville,,0,0,4260000
421010383001007,1215,Feltonville,,0,0,4260000
421010383001008,1215,Feltonville,,32,9,4260000
421010383001009,1215,Feltonville,,0,0,4260000
421010383001010,1215,Feltonville,,0,0,4260000
421010383002000,1215,Feltonville,,0,0,4260000
421010383002001,1215,Feltonville,,0,0,4260000
421010383002002,1215,Feltonville,,58,19,4260000
421010383002003,1215,Feltonville,,200,68,4260000
421010383002004,1215,Feltonville,,167,50,4260000
421010383002005,1215,Feltonville,,18,9,4260000
421010383002006,1215,Feltonville,,0,0,4260000
421010383002007,1215,Feltonville,,145,68,4260000
421010383002008,1215,Feltonville,,176,69,4260000
421010383002009,1215,Feltonville,,0,0,4260000
421010383002010,1215,Feltonville,,0,0,4260000
421010383003000,1215,Feltonville,,210,62,4260000
421010383003001,1215,Feltonville,,142,59,4260000
421010383003002,1215,Feltonville,,74,26,4260000
421010383003003,1215,Feltonville,,60,22,4260000
421010383003004,1215,Feltonville,,70,26,4260000
421010383003005,1215,Feltonville,,71,23,4260000
421010383003006,1215,Feltonville,,102,27,4260000
421010383003007,1215,Feltonville,,62,23,4260000
421010383003008,1215,Feltonville,,74,27,4260000
421010383003009,1215,Feltonville,,65,24,4260000
421010383003010,1215,Feltonville,,55,21,4260000
421010383003011,1215,Feltonville,,0,0,4260000
421010190001000,1219,Juniata Park,,175,60,4260000
421010190001001,1219,Juniata Park,,192,56,4260000
421010190001002,1219,Juniata Park,,185,57,4260000
421010190001003,1219,Juniata Park,,155,57,4260000
421010190001004,1219,Juniata Park,,169,63,4260000
421010190001005,1219,Juniata Park,,0,0,4260000
421010190001006,1219,Juniata Park,,253,94,4260000
421010190001007,1219,Juniata Park,,308,104,4260000
421010190001008,1219,Juniata Park,,238,82,4260000
421010190002000,1219,Juniata Park,,435,184,4260000
421010190002001,1219,Juniata Park,,150,53,4260000
421010190002002,1219,Juniata Park,,153,48,4260000
421010190002003,1219,Juniata Park,,112,40,4260000
421010190002004,1219,Juniata Park,,186,60,4260000
421010190002005,1219,Juniata Park,,170,56,4260000
421010190002006,1219,Juniata Park,,211,58,4260000
421010190003001,1219,Juniata Park,,0,0,4260000
421010190003002,1219,Juniata Park,,27,9,4260000
421010190003003,1219,Juniata Park,,143,50,4260000
421010190003004,1219,Juniata Park,,183,67,4260000
421010190003008,1219,Juniata Park,,0,0,4260000
421010190003010,1219,Juniata Park,,107,30,4260000
421010190003011,1219,Juniata Park,,191,59,4260000
421010190003012,1219,Juniata Park,,0,0,4260000
421010190003013,1219,Juniata Park,,191,67,4260000
421010190003014,1219,Juniata Park,,204,63,4260000
421010190003015,1219,Juniata Park,,0,0,4260000
421010190003016,1219,Juniata Park,,246,72,4260000
421010190003017,1219,Juniata Park,,262,76,4260000
421010190003018,1219,Juniata Park,,0,0,4260000
421010190003020,1219,Juniata Park,,0,0,4260000
421010190004000,1219,Juniata Park,,167,61,4260000
421010190004001,1219,Juniata Park,,111,43,4260000
421010190004002,1219,Juniata Park,,104,48,4260000
421010190004003,1219,Juniata Park,,22,0,4260000
421010190004004,1219,Juniata Park,,135,64,4260000
421010190004005,1219,Juniata Park,,201,61,4260000
421010190004006,1219,Juniata Park,,241,92,4260000
421010190004007,1219,Juniata Park,,164,63,4260000
421010190005000,1219,Juniata Park,,216,70,4260000
421010190005001,1219,Juniata Park,,200,62,4260000
421010190005002,1219,Juniata Park,,181,57,4260000
421010190005003,1219,Juniata Park,,209,60,4260000
421010190005004,1219,Juniata Park,,0,0,4260000
421010190005005,1219,Juniata Park,,92,32,4260000
421010190005006,1219,Juniata Park,,0,0,4260000
421010190005007,1219,Juniata Park,,0,0,4260000
421010190005008,1219,Juniata Park,,0,0,4260000
421010190005009,1219,Juniata Park,,0,0,4260000
421010190005010,1219,Juniata Park,,101,38,4260000
421010190005011,1219,Juniata Park,,100,36,4260000
421010190005012,1219,Juniata Park,,26,12,4260000
421010190005013,1219,Juniata Park,,113,32,4260000
421010190005014,1219,Juniata Park,,17,4,4260000
421010190005015,1219,Juniata Park,,19,9,4260000
421010190005016,1219,Juniata Park,,126,42,4260000
421010190005017,1219,Juniata Park,,113,38,4260000
421010190005018,1219,Juniata Park,,21,9,4260000
421010190005019,1219,Juniata Park,,218,70,4260000
421010191001000,1219,Juniata Park,,167,51,4260000
421010191001001,1219,Juniata Park,,161,53,4260000
421010191001002,1219,Juniata Park,,131,50,4260000
421010191001003,1219,Juniata Park,,179,54,4260000
421010191001004,1219,Juniata Park,,212,60,4260000
421010191001005,1219,Juniata Park,,186,61,4260000
421010191001006,1219,Juniata Park,,0,0,4260000
421010191001007,1219,Juniata Park,,0,0,4260000
421010191001008,1219,Juniata Park,,100,30,4260000
421010191002000,1219,Juniata Park,,174,60,4260000
421010191002001,1219,Juniata Park,,208,60,4260000
421010191002002,1219,Juniata Park,,157,50,4260000
421010191002003,1219,Juniata Park,,147,51,4260000
421010191002004,1219,Juniata Park,,107,51,4260000
421010191002005,1219,Juniata Park,,79,44,4260000
421010191002006,1219,Juniata Park,,135,54,4260000
421010191002007,1219,Juniata Park,,116,50,4260000
421010191003000,1219,Juniata Park,,201,62,4260000
421010191003001,1219,Juniata Park,,171,65,4260000
421010191003002,1219,Juniata Park,,196,58,4260000
421010191003003,1219,Juniata Park,,165,54,4260000
421010191003004,1219,Juniata Park,,149,46,4260000
421010191003005,1219,Juniata Park,,186,50,4260000
421010191003006,1219,Juniata Park,,155,54,4260000
421010191003007,1219,Juniata Park,,134,58,4260000
421010191003008,1219,Juniata Park,,162,62,4260000
421010191003009,1219,Juniata Park,,171,58,4260000
421010191004001,1219,Juniata Park,,0,0,4260000
421010191004002,1219,Juniata Park,,0,0,4260000
421010191004003,1219,Juniata Park,,0,0,4260000
421010191004004,1219,Juniata Park,,7,0,4260000
421010191004005,1219,Juniata Park,,0,0,4260000
421010191004006,1219,Juniata Park,,0,0,4260000
421010191004007,1219,Juniata Park,,183,57,4260000
421010191004008,1219,Juniata Park,,0,0,4260000
421010191004009,1219,Juniata Park,,0,0,4260000
421010191004010,1219,Juniata Park,,186,58,4260000
421010191004011,1219,Juniata Park,,207,58,4260000
421010191004012,1219,Juniata Park,,98,38,4260000
421010191004013,1219,Juniata Park,,0,0,4260000
421010191004015,1219,Juniata Park,,0,0,4260000
421010191004016,1219,Juniata Park,,101,44,4260000
421010191004017,1219,Juniata Park,,88,44,4260000
421010191004018,1219,Juniata Park,,89,38,4260000
421010191004019,1219,Juniata Park,,87,40,4260000
421010191004020,1219,Juniata Park,,90,44,4260000
421010191004021,1219,Juniata Park,,98,44,4260000
421010191004022,1219,Juniata Park,,97,44,4260000
421010191004023,1219,Juniata Park,,90,44,4260000
421010191004024,1219,Juniata Park,,111,52,4260000
421010191004025,1219,Juniata Park,,0,0,4260000
421010191005000,1219,Juniata Park,,183,60,4260000
421010191005001,1219,Juniata Park,,169,58,4260000
421010191005002,1219,Juniata Park,,172,55,4260000
421010191005003,1219,Juniata Park,,169,51,4260000
421010191005004,1219,Juniata Park,,81,22,4260000
421010191005005,1219,Juniata Park,,153,44,4260000
421010191005006,1219,Juniata Park,,113,46,4260000
421010191005007,1219,Juniata Park,,13,8,4260000
421010191005008,1219,Juniata Park,,94,28,4260000
421010191005009,1219,Juniata Park,,96,30,4260000
421010191005010,1219,Juniata Park,,120,34,4260000
421010191005011,1219,Juniata Park,,152,40,4260000
421010191005012,1219,Juniata Park,,76,22,4260000
421010191005013,1219,Juniata Park,,109,34,4260000
421010191005014,1219,Juniata Park,,12,2,4260000
421010191005015,1219,Juniata Park,,49,22,4260000
421010191005016,1219,Juniata Park,,8,7,4260000
421010191005017,1219,Juniata Park,,0,0,4260000
421010191006000,1219,Juniata Park,,115,48,4260000
421010191006001,1219,Juniata Park,,28,18,4260000
421010191006002,1219,Juniata Park,,0,0,4260000
421010191006003,1219,Juniata Park,,0,0,4260000
421010191006004,1219,Juniata Park,,105,33,4260000
421010191006005,1219,Juniata Park,,107,40,4260000
421010191006006,1219,Juniata Park,,65,22,4260000
421010191006007,1219,Juniata Park,,0,0,4260000
421010191006008,1219,Juniata Park,,129,50,4260000
421010191006009,1219,Juniata Park,,138,52,4260000
421010289012000,1219,Juniata Park,,83,35,4260000
421010289012001,1219,Juniata Park,,97,36,4260000
421010289012002,1219,Juniata Park,,118,41,4260000
421010289012004,1219,Juniata Park,,4,1,4260000
421010289021000,1219,Juniata Park,,72,32,4260000
421010289021001,1219,Juniata Park,,0,0,4260000
421010289021005,1219,Juniata Park,,213,71,4260000
421010289021006,1219,Juniata Park,,184,64,4260000
421010289021007,1219,Juniata Park,,193,69,4260000
421010289021008,1219,Juniata Park,,0,0,4260000
421010289021009,1219,Juniata Park,,0,0,4260000
421010289021010,1219,Juniata Park,,0,0,4260000
421010289021011,1219,Juniata Park,,0,0,4260000
421010289022009,1219,Juniata Park,,258,84,4260000
421010289022010,1219,Juniata Park,,122,36,4260000
421010382003000,1219,Juniata Park,,0,0,4260000
421010382003001,1219,Juniata Park,,0,0,4260000
421010382003002,1219,Juniata Park,,3,1,4260000
421010382003003,1219,Juniata Park,,0,0,4260000
421010382003004,1219,Juniata Park,,0,0,4260000
421010382003005,1219,Juniata Park,,0,0,4260000
421010382003006,1219,Juniata Park,,0,0,4260000
421010382003010,1219,Juniata Park,,38,17,4260000
421010382003011,1219,Juniata Park,,51,19,4260000
421010382003012,1219,Juniata Park,,61,20,4260000
421010382003013,1219,Juniata Park,,138,44,4260000
421010382003014,1219,Juniata Park,,87,36,4260000
421010382003015,1219,Juniata Park,,63,21,4260000
421010382003028,1219,Juniata Park,,62,23,4260000
421010382003029,1219,Juniata Park,,23,8,4260000
421010382003030,1219,Juniata Park,,0,0,4260000
421010382003031,1219,Juniata Park,,185,58,4260000
421010382003032,1219,Juniata Park,,0,0,4260000
421010382003033,1219,Juniata Park,,63,18,4260000
421010382003034,1219,Juniata Park,,45,18,4260000
421010382003041,1219,Juniata Park,,0,0,4260000
421010382003042,1219,Juniata Park,,0,0,4260000
421010177012000,1220,Harrowgate,,141,66,4260000
421010177012001,1220,Harrowgate,,72,20,4260000
421010177012002,1220,Harrowgate,,40,13,4260000
421010177012003,1220,Harrowgate,,187,59,4260000
421010177012004,1220,Harrowgate,,124,45,4260000
421010177012005,1220,Harrowgate,,101,44,4260000
421010177012006,1220,Harrowgate,,89,37,4260000
421010188001000,1220,Harrowgate,,144,48,4260000
421010188001001,1220,Harrowgate,,268,90,4260000
421010188001002,1220,Harrowgate,,153,66,4260000
421010188001003,1220,Harrowgate,,113,40,4260000
421010188001004,1220,Harrowgate,,105,40,4260000
421010188001005,1220,Harrowgate,,205,59,4260000
421010188001006,1220,Harrowgate,,153,56,4260000
421010188001007,1220,Harrowgate,,145,50,4260000
421010188001008,1220,Harrowgate,,153,50,4260000
421010188002000,1220,Harrowgate,,178,42,4260000
421010188002001,1220,Harrowgate,,102,39,4260000
421010188002002,1220,Harrowgate,,111,38,4260000
421010188002003,1220,Harrowgate,,47,11,4260000
421010188002004,1220,Harrowgate,,149,54,4260000
421010188002005,1220,Harrowgate,,161,59,4260000
421010188002006,1220,Harrowgate,,131,37,4260000
421010188002007,1220,Harrowgate,,101,36,4260000
421010188002008,1220,Harrowgate,,109,32,4260000
421010188003000,1220,Harrowgate,,79,29,4260000
421010188003001,1220,Harrowgate,,101,35,4260000
421010188003002,1220,Harrowgate,,22,14,4260000
421010188003003,1220,Harrowgate,,245,91,4260000
421010188003004,1220,Harrowgate,,84,25,4260000
421010188003005,1220,Harrowgate,,86,25,4260000
421010188003006,1220,Harrowgate,,151,52,4260000
421010188003007,1220,Harrowgate,,119,34,4260000
421010188003008,1220,Harrowgate,,79,26,4260000
421010188003009,1220,Harrowgate,,129,49,4260000
421010188003010,1220,Harrowgate,,163,52,4260000
421010188004000,1220,Harrowgate,,104,43,4260000
421010188004001,1220,Harrowgate,,88,42,4260000
421010188004002,1220,Harrowgate,,0,0,4260000
421010188004003,1220,Harrowgate,,124,46,4260000
421010188004004,1220,Harrowgate,,111,42,4260000
421010188004005,1220,Harrowgate,,164,60,4260000
421010188004006,1220,Harrowgate,,95,37,4260000
421010188004007,1220,Harrowgate,,115,31,4260000
421010188004008,1220,Harrowgate,,59,14,4260000
421010188004009,1220,Harrowgate,,93,39,4260000
421010188004010,1220,Harrowgate,,0,0,4260000
421010188005000,1220,Harrowgate,,50,20,4260000
421010188005001,1220,Harrowgate,,80,34,4260000
421010188005002,1220,Harrowgate,,10,3,4260000
421010188005003,1220,Harrowgate,,194,66,4260000
421010188005004,1220,Harrowgate,,159,50,4260000
421010188005005,1220,Harrowgate,,121,52,4260000
421010188005006,1220,Harrowgate,,198,92,4260000
421010188005007,1220,Harrowgate,,20,11,4260000
421010188006000,1220,Harrowgate,,134,63,4260000
421010188006001,1220,Harrowgate,,308,76,4260000
421010188006002,1220,Harrowgate,,121,40,4260000
421010188006003,1220,Harrowgate,,39,16,4260000
421010188006004,1220,Harrowgate,,0,0,4260000
421010188006005,1220,Harrowgate,,83,24,4260000
421010188006006,1220,Harrowgate,,165,51,4260000
421010188006007,1220,Harrowgate,,72,20,4260000
421010188007000,1220,Harrowgate,,0,0,4260000
421010188007001,1220,Harrowgate,,154,49,4260000
421010188007002,1220,Harrowgate,,197,65,4260000
421010188007003,1220,Harrowgate,,41,18,4260000
421010188007004,1220,Harrowgate,,197,75,4260000
421010188007005,1220,Harrowgate,,190,49,4260000
421010188007006,1220,Harrowgate,,118,42,4260000
421010188007007,1220,Harrowgate,,367,103,4260000
421010188007008,1220,Harrowgate,,297,103,4260000
421010188007009,1220,Harrowgate,,268,94,4260000
421010192002000,1220,Harrowgate,,274,83,4260000
421010192002001,1220,Harrowgate,,69,27,4260000
421010192002004,1220,Harrowgate,,221,76,4260000
421010192002005,1220,Harrowgate,,262,67,4260000
421010192002006,1220,Harrowgate,,72,23,4260000
421010192003000,1220,Harrowgate,,189,67,4260000
421010192003001,1220,Harrowgate,,195,68,4260000
421010192003002,1220,Harrowgate,,101,39,4260000
421010192003005,1220,Harrowgate,,228,68,4260000
421010192003006,1220,Harrowgate,,255,76,4260000
421010192004000,1220,Harrowgate,,20,10,4260000
421010192004001,1220,Harrowgate,,63,37,4260000
421010192004002,1220,Harrowgate,,161,59,4260000
421010192004003,1220,Harrowgate,,75,23,4260000
421010192004004,1220,Harrowgate,,95,28,4260000
421010192004005,1220,Harrowgate,,78,23,4260000
421010192004006,1220,Harrowgate,,86,48,4260000
421010192004007,1220,Harrowgate,,0,0,4260000
421010192004008,1220,Harrowgate,,232,70,4260000
421010192004009,1220,Harrowgate,,163,42,4260000
421010192004010,1220,Harrowgate,,151,67,4260000
421010192004011,1220,Harrowgate,,67,23,4260000
421010192004012,1220,Harrowgate,,174,66,4260000
421010192004013,1220,Harrowgate,,141,55,4260000
421010192004014,1220,Harrowgate,,108,47,4260000
421010192004015,1220,Harrowgate,,150,60,4260000
421010382001000,1220,Harrowgate,,0,0,4260000
421010382001001,1220,Harrowgate,,35,16,4260000
421010382001002,1220,Harrowgate,,34,17,4260000
421010382001003,1220,Harrowgate,,64,24,4260000
421010382001004,1220,Harrowgate,,31,13,4260000
421010382001005,1220,Harrowgate,,3,1,4260000
421010382001006,1220,Harrowgate,,47,15,4260000
421010382001007,1220,Harrowgate,,18,9,4260000
421010382001008,1220,Harrowgate,,59,24,4260000
421010382001009,1220,Harrowgate,,70,26,4260000
421010382001010,1220,Harrowgate,,26,11,4260000
421010382001011,1220,Harrowgate,,0,0,4260000
421010382001012,1220,Harrowgate,,0,0,4260000
421010382001013,1220,Harrowgate,,0,0,4260000
421010382001014,1220,Harrowgate,,121,45,4260000
421010382001015,1220,Harrowgate,,111,37,4260000
421010382001016,1220,Harrowgate,,0,0,4260000
421010382001017,1220,Harrowgate,,0,0,4260000
421010382001018,1220,Harrowgate,,0,0,4260000
421010382001019,1220,Harrowgate,,45,26,4260000
421010382001020,1220,Harrowgate,,61,26,4260000
421010382001021,1220,Harrowgate,,6,2,4260000
421010382001022,1220,Harrowgate,,37,15,4260000
421010382001025,1220,Harrowgate,,0,0,4260000
421010382001026,1220,Harrowgate,,0,0,4260000
421010382001027,1220,Harrowgate,,0,0,4260000
421010382001028,1220,Harrowgate,,0,0,4260000
421010382002000,1220,Harrowgate,,0,0,4260000
421010382002001,1220,Harrowgate,,26,13,4260000
421010382002002,1220,Harrowgate,,41,27,4260000
421010382002003,1220,Harrowgate,,15,6,4260000
421010382002004,1220,Harrowgate,,72,33,4260000
421010382002005,1220,Harrowgate,,0,0,4260000
421010382002010,1220,Harrowgate,,138,59,4260000
421010382003009,1220,Harrowgate,,0,0,4260000
421010382003016,1220,Harrowgate,,0,0,4260000
421010382003017,1220,Harrowgate,,0,0,4260000
421010382003018,1220,Harrowgate,,0,0,4260000
421010382003019,1220,Harrowgate,,0,0,4260000
421010382003020,1220,Harrowgate,,0,0,4260000
421010382003021,1220,Harrowgate,,0,0,4260000
421010382003022,1220,Harrowgate,,21,5,4260000
421010382003023,1220,Harrowgate,,0,0,4260000
421010382003024,1220,Harrowgate,,21,11,4260000
421010382003025,1220,Harrowgate,,185,65,4260000
421010382003026,1220,Harrowgate,,0,0,4260000
421010382003035,1220,Harrowgate,,0,0,4260000
421010382003036,1220,Harrowgate,,0,0,4260000
421010382003037,1220,Harrowgate,,0,0,4260000
421010382003038,1220,Harrowgate,,0,0,4260000
421010382003039,1220,Harrowgate,,0,0,4260000
421010382003040,1220,Harrowgate,,0,0,4260000
421010175002000,1221,Fairhill,,0,0,4260000
421010175002001,1221,Fairhill,,0,0,4260000
421010175002002,1221,Fairhill,,2,1,4260000
421010175002003,1221,Fairhill,,126,43,4260000
421010175002004,1221,Fairhill,,111,38,4260000
421010175002005,1221,Fairhill,,113,42,4260000
421010175002006,1221,Fairhill,,151,61,4260000
421010175002007,1221,Fairhill,,165,57,4260000
421010175002008,1221,Fairhill,,152,54,4260000
421010175002009,1221,Fairhill,,90,46,4260000
421010175003000,1221,Fairhill,,81,31,4260000
421010175003001,1221,Fairhill,,175,63,4260000
421010175003002,1221,Fairhill,,59,34,4260000
421010175006000,1221,Fairhill,,43,24,4260000
421010175006001,1221,Fairhill,,87,33,4260000
421010175006002,1221,Fairhill,,50,21,4260000
421010175006003,1221,Fairhill,,57,20,4260000
421010175006006,1221,Fairhill,,126,35,4260000
421010175006007,1221,Fairhill,,49,17,4260000
421010175006008,1221,Fairhill,,99,33,4260000
421010175006015,1221,Fairhill,,121,51,4260000
421010175006016,1221,Fairhill,,80,41,4260000
421010175006017,1221,Fairhill,,82,35,4260000
421010175006018,1221,Fairhill,,115,50,4260000
421010176011000,1221,Fairhill,,59,23,4260000
421010176011001,1221,Fairhill,,109,41,4260000
421010176011002,1221,Fairhill,,35,20,4260000
421010176011003,1221,Fairhill,,114,39,4260000
421010176011004,1221,Fairhill,,117,42,4260000
421010176011005,1221,Fairhill,,109,40,4260000
421010176011006,1221,Fairhill,,19,23,4260000
421010176012000,1221,Fairhill,,31,8,4260000
421010176012001,1221,Fairhill,,84,29,4260000
421010176012002,1221,Fairhill,,92,42,4260000
421010176012003,1221,Fairhill,,30,20,4260000
421010176012004,1221,Fairhill,,66,30,4260000
421010176012005,1221,Fairhill,,145,52,4260000
421010176012006,1221,Fairhill,,114,54,4260000
421010176012007,1221,Fairhill,,52,22,4260000
421010176012008,1221,Fairhill,,0,0,4260000
421010176012009,1221,Fairhill,,50,15,4260000
421010176012010,1221,Fairhill,,49,23,4260000
421010176015001,1221,Fairhill,,60,25,4260000
421010176015002,1221,Fairhill,,129,49,4260000
421010176015003,1221,Fairhill,,82,34,4260000
421010176015004,1221,Fairhill,,106,44,4260000
421010176015005,1221,Fairhill,,123,39,4260000
421010176015006,1221,Fairhill,,0,0,4260000
421010176015007,1221,Fairhill,,72,27,4260000
421010176015008,1221,Fairhill,,43,20,4260000
421010176015009,1221,Fairhill,,84,39,4260000
421010176015010,1221,Fairhill,,0,0,4260000
421010176015011,1221,Fairhill,,0,0,4260000
421010176023005,1221,Fairhill,,0,0,4260000
421010176023006,1221,Fairhill,,0,0,4260000
421010176023007,1221,Fairhill,,0,0,4260000
421010195011004,1221,Fairhill,,73,29,4260000
421010195011005,1221,Fairhill,,0,0,4260000
421010195011006,1221,Fairhill,,0,0,4260000
421010195011007,1221,Fairhill,,91,24,4260000
421010195011008,1221,Fairhill,,78,34,4260000
421010195011009,1221,Fairhill,,0,0,4260000
421010195011010,1221,Fairhill,,0,0,4260000
421010195011011,1221,Fairhill,,16,6,4260000
421010195011012,1221,Fairhill,,70,25,4260000
421010195011013,1221,Fairhill,,33,15,4260000
421010195011014,1221,Fairhill,,91,34,4260000
421010195021002,1221,Fairhill,,0,0,4260000
421010195021003,1221,Fairhill,,0,0,4260000
421010195021004,1221,Fairhill,,103,48,4260000
421010195021005,1221,Fairhill,,162,54,4260000
421010195021006,1221,Fairhill,,199,58,4260000
421010195021007,1221,Fairhill,,9,3,4260000
421010195021018,1221,Fairhill,,154,50,4260000
421010125001000,1243,Spring Garden,,0,0,4260000
421010125001001,1243,Spring Garden,,0,0,4260000
421010125001002,1243,Spring Garden,,0,0,4260000
421010125001003,1243,Spring Garden,,0,0,4260000
421010125002000,1243,Spring Garden,,0,0,4260000
421010125002001,1243,Spring Garden,,0,0,4260000
421010125002002,1243,Spring Garden,,22,17,4260000
421010125002003,1243,Spring Garden,,0,0,4260000
421010125002004,1243,Spring Garden,,0,0,4260000
421010133001001,1243,Spring Garden,,2,4,4260000
421010133001002,1243,Spring Garden,,52,27,4260000
421010133001003,1243,Spring Garden,,157,79,4260000
421010133001004,1243,Spring Garden,,80,31,4260000
421010133001005,1243,Spring Garden,,48,34,4260000
421010133001006,1243,Spring Garden,,321,263,4260000
421010133001007,1243,Spring Garden,,0,0,4260000
421010133001008,1243,Spring Garden,,163,92,4260000
421010133001009,1243,Spring Garden,,201,135,4260000
421010133001010,1243,Spring Garden,,210,152,4260000
421010133001011,1243,Spring Garden,,0,0,4260000
421010133001012,1243,Spring Garden,,0,0,4260000
421010133001013,1243,Spring Garden,,149,79,4260000
421010133001014,1243,Spring Garden,,80,44,4260000
421010133001015,1243,Spring Garden,,137,115,4260000
421010133001016,1243,Spring Garden,,89,68,4260000
421010133001017,1243,Spring Garden,,0,3,4260000
421010133002022,1243,Spring Garden,,78,41,4260000
421010133002023,1243,Spring Garden,,14,9,4260000
421010133002024,1243,Spring Garden,,0,0,4260000
421010133002027,1243,Spring Garden,,35,18,4260000
421010133002028,1243,Spring Garden,,0,0,4260000
421010134011000,1243,Spring Garden,,84,39,4260000
421010134011001,1243,Spring Garden,,911,752,4260000
421010134011002,1243,Spring Garden,,0,0,4260000
421010134011003,1243,Spring Garden,,0,0,4260000
421010134011004,1243,Spring Garden,,71,51,4260000
421010134011005,1243,Spring Garden,,88,60,4260000
421010134012000,1243,Spring Garden,,87,44,4260000
421010134012001,1243,Spring Garden,,131,79,4260000
421010134012002,1243,Spring Garden,,115,66,4260000
421010134012003,1243,Spring Garden,,101,53,4260000
421010134012004,1243,Spring Garden,,132,78,4260000
421010134012005,1243,Spring Garden,,58,32,4260000
421010134012006,1243,Spring Garden,,86,55,4260000
421010134012007,1243,Spring Garden,,76,41,4260000
421010134012008,1243,Spring Garden,,43,29,4260000
421010134012009,1243,Spring Garden,,45,21,4260000
421010134012010,1243,Spring Garden,,83,49,4260000
421010134012011,1243,Spring Garden,,137,99,4260000
421010134012012,1243,Spring Garden,,40,19,4260000
421010134021000,1243,Spring Garden,,78,51,4260000
421010134021001,1243,Spring Garden,,89,43,4260000
421010134021002,1243,Spring Garden,,100,54,4260000
421010134021003,1243,Spring Garden,,73,41,4260000
421010134021004,1243,Spring Garden,,163,95,4260000
421010134021005,1243,Spring Garden,,206,112,4260000
421010134021006,1243,Spring Garden,,172,102,4260000
421010134021007,1243,Spring Garden,,213,136,4260000
421010134022000,1243,Spring Garden,,0,0,4260000
421010134022001,1243,Spring Garden,,45,34,4260000
421010134022002,1243,Spring Garden,,128,64,4260000
421010134022003,1243,Spring Garden,,0,0,4260000
421010134022004,1243,Spring Garden,,168,101,4260000
421010134022005,1243,Spring Garden,,19,10,4260000
421010134022006,1243,Spring Garden,,246,125,4260000
421010134022007,1243,Spring Garden,,0,0,4260000
421010134023000,1243,Spring Garden,,181,113,4260000
421010134023001,1243,Spring Garden,,0,0,4260000
421010134023002,1243,Spring Garden,,165,116,4260000
421010134023003,1243,Spring Garden,,99,65,4260000
421010134023004,1243,Spring Garden,,172,89,4260000
421010134023005,1243,Spring Garden,,35,19,4260000
421010134023006,1243,Spring Garden,,51,31,4260000
421010134023007,1243,Spring Garden,,53,28,4260000
421010134023008,1243,Spring Garden,,107,79,4260000
421010134023009,1243,Spring Garden,,161,88,4260000
421010134023010,1243,Spring Garden,,155,106,4260000
421010134023011,1243,Spring Garden,,43,28,4260000
421010178001000,1216,Richmond,,146,62,4260000
421010178001001,1216,Richmond,,176,68,4260000
421010178001002,1216,Richmond,,191,67,4260000
421010178001003,1216,Richmond,,39,20,4260000
421010178001004,1216,Richmond,,72,35,4260000
421010178001005,1216,Richmond,,54,15,4260000
421010178001006,1216,Richmond,,145,50,4260000
421010178001007,1216,Richmond,,85,25,4260000
421010178001008,1216,Richmond,,109,44,4260000
421010178001009,1216,Richmond,,55,24,4260000
421010178002000,1216,Richmond,,94,43,4260000
421010178002001,1216,Richmond,,108,36,4260000
421010178002002,1216,Richmond,,156,56,4260000
421010178002003,1216,Richmond,,81,61,4260000
421010178002004,1216,Richmond,,84,45,4260000
421010178002005,1216,Richmond,,171,54,4260000
421010178002006,1216,Richmond,,115,48,4260000
421010178002007,1216,Richmond,,132,46,4260000
421010178003000,1216,Richmond,,166,50,4260000
421010178003001,1216,Richmond,,98,40,4260000
421010178003002,1216,Richmond,,67,21,4260000
421010178003003,1216,Richmond,,86,26,4260000
421010178003004,1216,Richmond,,38,27,4260000
421010178003005,1216,Richmond,,100,45,4260000
421010178003006,1216,Richmond,,114,42,4260000
421010178003007,1216,Richmond,,133,48,4260000
421010178003008,1216,Richmond,,49,16,4260000
421010178003009,1216,Richmond,,52,22,4260000
421010178004000,1216,Richmond,,149,45,4260000
421010178004001,1216,Richmond,,163,53,4260000
421010178004002,1216,Richmond,,133,45,4260000
421010178004003,1216,Richmond,,103,45,4260000
421010178004004,1216,Richmond,,24,6,4260000
421010178004005,1216,Richmond,,126,41,4260000
421010178004006,1216,Richmond,,80,41,4260000
421010178004007,1216,Richmond,,84,32,4260000
421010178005000,1216,Richmond,,117,52,4260000
421010178005001,1216,Richmond,,96,33,4260000
421010178005002,1216,Richmond,,212,58,4260000
421010178005003,1216,Richmond,,7,2,4260000
421010178005004,1216,Richmond,,47,21,4260000
421010178005005,1216,Richmond,,107,42,4260000
421010178005006,1216,Richmond,,60,21,4260000
421010178005007,1216,Richmond,,214,62,4260000
421010178005008,1216,Richmond,,176,54,4260000
421010178005009,1216,Richmond,,190,52,4260000
421010178005010,1216,Richmond,,119,40,4260000
421010178005011,1216,Richmond,,25,5,4260000
421010178006000,1216,Richmond,,85,23,4260000
421010178006001,1216,Richmond,,28,11,4260000
421010178006002,1216,Richmond,,39,19,4260000
421010178006003,1216,Richmond,,26,14,4260000
421010178006004,1216,Richmond,,0,0,4260000
421010178006005,1216,Richmond,,28,9,4260000
421010178006006,1216,Richmond,,16,11,4260000
421010178006007,1216,Richmond,,4,3,4260000
421010178006008,1216,Richmond,,53,20,4260000
421010178006009,1216,Richmond,,48,16,4260000
421010178006010,1216,Richmond,,63,23,4260000
421010178006011,1216,Richmond,,78,32,4260000
421010178006012,1216,Richmond,,66,25,4260000
421010178006013,1216,Richmond,,20,10,4260000
421010178006014,1216,Richmond,,7,1,4260000
421010178006015,1216,Richmond,,2,2,4260000
421010178006016,1216,Richmond,,0,0,4260000
421010178006017,1216,Richmond,,0,0,4260000
421010178006018,1216,Richmond,,2,0,4260000
421010178006019,1216,Richmond,,0,0,4260000
421010178006020,1216,Richmond,,0,0,4260000
421010178006021,1216,Richmond,,25,6,4260000
421010178007000,1216,Richmond,,26,17,4260000
421010178007001,1216,Richmond,,68,25,4260000
421010178007002,1216,Richmond,,41,17,4260000
421010178007003,1216,Richmond,,75,39,4260000
421010178007004,1216,Richmond,,134,45,4260000
421010178007005,1216,Richmond,,99,53,4260000
421010178007006,1216,Richmond,,161,72,4260000
421010178007007,1216,Richmond,,21,10,4260000
421010178007008,1216,Richmond,,28,11,4260000
421010178007009,1216,Richmond,,59,26,4260000
421010178007010,1216,Richmond,,56,23,4260000
421010178007011,1216,Richmond,,91,35,4260000
421010178007012,1216,Richmond,,107,34,4260000
421010179001000,1216,Richmond,,0,0,4260000
421010179001001,1216,Richmond,,136,38,4260000
421010179001002,1216,Richmond,,96,34,4260000
421010179001003,1216,Richmond,,207,67,4260000
421010179001004,1216,Richmond,,118,27,4260000
421010179001005,1216,Richmond,,62,30,4260000
421010179001006,1216,Richmond,,91,31,4260000
421010179001007,1216,Richmond,,0,0,4260000
421010179001008,1216,Richmond,,16,5,4260000
421010179001009,1216,Richmond,,29,10,4260000
421010179002000,1216,Richmond,,191,74,4260000
421010179002001,1216,Richmond,,203,96,4260000
421010179002002,1216,Richmond,,194,93,4260000
421010179002003,1216,Richmond,,258,98,4260000
421010179002004,1216,Richmond,,251,99,4260000
421010179002005,1216,Richmond,,330,127,4260000
421010179002006,1216,Richmond,,316,115,4260000
421010179003000,1216,Richmond,,242,80,4260000
421010179003001,1216,Richmond,,58,28,4260000
421010179003002,1216,Richmond,,172,75,4260000
421010179003003,1216,Richmond,,138,47,4260000
421010179003004,1216,Richmond,,108,43,4260000
421010179003005,1216,Richmond,,116,43,4260000
421010179004000,1216,Richmond,,0,0,4260000
421010179004001,1216,Richmond,,57,17,4260000
421010179004002,1216,Richmond,,120,40,4260000
421010179004003,1216,Richmond,,106,36,4260000
421010179004004,1216,Richmond,,70,33,4260000
421010179004005,1216,Richmond,,31,9,4260000
421010179004006,1216,Richmond,,25,8,4260000
421010179004007,1216,Richmond,,136,45,4260000
421010179004008,1216,Richmond,,63,23,4260000
421010179004009,1216,Richmond,,0,0,4260000
421010179004010,1216,Richmond,,0,0,4260000
421010179004011,1216,Richmond,,176,70,4260000
421010179004012,1216,Richmond,,149,57,4260000
421010179004013,1216,Richmond,,142,57,4260000
421010179004014,1216,Richmond,,250,98,4260000
421010179004015,1216,Richmond,,242,107,4260000
421010179004016,1216,Richmond,,269,108,4260000
421010179005000,1216,Richmond,,144,57,4260000
421010179005001,1216,Richmond,,89,27,4260000
421010179005002,1216,Richmond,,37,18,4260000
421010179005003,1216,Richmond,,80,33,4260000
421010179005004,1216,Richmond,,105,37,4260000
421010179005005,1216,Richmond,,123,45,4260000
421010179005006,1216,Richmond,,110,46,4260000
421010179005007,1216,Richmond,,64,28,4260000
421010179005008,1216,Richmond,,45,19,4260000
421010179005009,1216,Richmond,,35,14,4260000
421010179005010,1216,Richmond,,90,30,4260000
421010179005011,1216,Richmond,,27,11,4260000
421010179005012,1216,Richmond,,0,0,4260000
421010179005013,1216,Richmond,,0,0,4260000
421010179005014,1216,Richmond,,0,0,4260000
421010179005015,1216,Richmond,,0,0,4260000
421010179005016,1216,Richmond,,93,44,4260000
421010179005017,1216,Richmond,,103,38,4260000
421010179005018,1216,Richmond,,0,0,4260000
421010179005019,1216,Richmond,,0,0,4260000
421010179005020,1216,Richmond,,0,0,4260000
421010179005021,1216,Richmond,,0,0,4260000
421010179005022,1216,Richmond,,0,0,4260000
421010179005023,1216,Richmond,,0,0,4260000
421010179005024,1216,Richmond,,0,0,4260000
421010179005025,1216,Richmond,,0,0,4260000
421010179005026,1216,Richmond,,0,0,4260000
421010180011000,1216,Richmond,,28,14,4260000
421010180011001,1216,Richmond,,46,20,4260000
421010180011002,1216,Richmond,,55,30,4260000
421010180011003,1216,Richmond,,118,51,4260000
421010180011004,1216,Richmond,,32,14,4260000
421010180011005,1216,Richmond,,20,11,4260000
421010180011006,1216,Richmond,,7,4,4260000
421010180011007,1216,Richmond,,0,0,4260000
421010180011008,1216,Richmond,,0,0,4260000
421010180011009,1216,Richmond,,0,0,4260000
421010180011010,1216,Richmond,,0,0,4260000
421010180011011,1216,Richmond,,0,0,4260000
421010180011012,1216,Richmond,,43,18,4260000
421010180011013,1216,Richmond,,0,0,4260000
421010180011014,1216,Richmond,,118,55,4260000
421010180011015,1216,Richmond,,104,52,4260000
421010180011016,1216,Richmond,,46,26,4260000
421010180011017,1216,Richmond,,98,44,4260000
421010180011020,1216,Richmond,,57,24,4260000
421010180012000,1216,Richmond,,0,0,4260000
421010180012001,1216,Richmond,,53,29,4260000
421010180012002,1216,Richmond,,39,16,4260000
421010180012003,1216,Richmond,,111,43,4260000
421010180012004,1216,Richmond,,61,27,4260000
421010180012005,1216,Richmond,,104,40,4260000
421010180012006,1216,Richmond,,73,41,4260000
421010180012007,1216,Richmond,,94,32,4260000
421010180012008,1216,Richmond,,58,32,4260000
421010180012009,1216,Richmond,,92,43,4260000
421010180012010,1216,Richmond,,21,15,4260000
421010180012011,1216,Richmond,,41,17,4260000
421010180012012,1216,Richmond,,37,18,4260000
421010180012013,1216,Richmond,,41,23,4260000
421010180012014,1216,Richmond,,29,13,4260000
421010180013000,1216,Richmond,,53,28,4260000
421010180013001,1216,Richmond,,22,9,4260000
421010180013002,1216,Richmond,,0,0,4260000
421010180013003,1216,Richmond,,28,14,4260000
421010180013004,1216,Richmond,,164,63,4260000
421010180013005,1216,Richmond,,192,88,4260000
421010180013006,1216,Richmond,,49,25,4260000
421010180013007,1216,Richmond,,50,23,4260000
421010180013008,1216,Richmond,,108,55,4260000
421010180013009,1216,Richmond,,118,65,4260000
421010180013010,1216,Richmond,,84,34,4260000
421010180013011,1216,Richmond,,65,29,4260000
421010180013012,1216,Richmond,,27,17,4260000
421010180013013,1216,Richmond,,0,0,4260000
421010180013014,1216,Richmond,,0,0,4260000
421010180021000,1216,Richmond,,133,62,4260000
421010180021001,1216,Richmond,,86,34,4260000
421010180021002,1216,Richmond,,90,35,4260000
421010180021003,1216,Richmond,,55,21,4260000
421010180021004,1216,Richmond,,109,64,4260000
421010180021005,1216,Richmond,,94,46,4260000
421010180021006,1216,Richmond,,159,74,4260000
421010180021007,1216,Richmond,,123,65,4260000
421010180021008,1216,Richmond,,117,61,4260000
421010180021009,1216,Richmond,,79,45,4260000
421010180021010,1216,Richmond,,22,11,4260000
421010180021011,1216,Richmond,,93,40,4260000
421010180021012,1216,Richmond,,71,33,4260000
421010180021013,1216,Richmond,,62,29,4260000
421010180021014,1216,Richmond,,64,33,4260000
421010180021015,1216,Richmond,,68,34,4260000
421010180022000,1216,Richmond,,95,43,4260000
421010180022001,1216,Richmond,,26,17,4260000
421010180022002,1216,Richmond,,105,64,4260000
421010180022003,1216,Richmond,,117,59,4260000
421010180022004,1216,Richmond,,74,42,4260000
421010180022005,1216,Richmond,,52,46,4260000
421010180022006,1216,Richmond,,40,37,4260000
421010180022007,1216,Richmond,,30,15,4260000
421010180022008,1216,Richmond,,52,28,4260000
421010180022009,1216,Richmond,,61,28,4260000
421010180022010,1216,Richmond,,106,50,4260000
421010180022011,1216,Richmond,,173,66,4260000
421010180022012,1216,Richmond,,87,45,4260000
421010180022013,1216,Richmond,,128,94,4260000
421010180023000,1216,Richmond,,264,118,4260000
421010180023001,1216,Richmond,,239,91,4260000
421010180023002,1216,Richmond,,18,6,4260000
421010180023003,1216,Richmond,,0,0,4260000
421010180023004,1216,Richmond,,76,36,4260000
421010180023005,1216,Richmond,,64,33,4260000
421010180023006,1216,Richmond,,84,39,4260000
421010180023007,1216,Richmond,,108,42,4260000
421010180023008,1216,Richmond,,158,64,4260000
421010180023009,1216,Richmond,,83,41,4260000
421010180023010,1216,Richmond,,57,19,4260000
421010180023011,1216,Richmond,,36,13,4260000
421010180023012,1216,Richmond,,153,64,4260000
421010180023013,1216,Richmond,,166,67,4260000
421010180023014,1216,Richmond,,138,64,4260000
421010180023015,1216,Richmond,,32,14,4260000
421010180023016,1216,Richmond,,37,18,4260000
421010180023017,1216,Richmond,,0,0,4260000
421010180023018,1216,Richmond,,54,23,4260000
421010180023019,1216,Richmond,,65,33,4260000
421010180023020,1216,Richmond,,97,41,4260000
421010180023021,1216,Richmond,,131,53,4260000
421010180024000,1216,Richmond,,0,0,4260000
421010180024001,1216,Richmond,,57,26,4260000
421010180024002,1216,Richmond,,60,26,4260000
421010180024003,1216,Richmond,,49,26,4260000
421010180024004,1216,Richmond,,62,22,4260000
421010180024005,1216,Richmond,,41,22,4260000
421010180024006,1216,Richmond,,29,15,4260000
421010180024007,1216,Richmond,,54,32,4260000
421010180024008,1216,Richmond,,35,19,4260000
421010180024009,1216,Richmond,,48,27,4260000
421010180024010,1216,Richmond,,97,50,4260000
421010180024011,1216,Richmond,,15,8,4260000
421010180024012,1216,Richmond,,38,21,4260000
421010180024013,1216,Richmond,,86,45,4260000
421010180024014,1216,Richmond,,109,67,4260000
421010180024015,1216,Richmond,,40,24,4260000
421010183001011,1216,Richmond,,0,0,4260000
421010183001015,1216,Richmond,,0,0,4260000
421010183003036,1216,Richmond,,0,0,4260000
421010183003037,1216,Richmond,,0,0,4260000
421010183003038,1216,Richmond,,0,0,4260000
421010183003043,1216,Richmond,,0,0,4260000
421010183003044,1216,Richmond,,0,0,4260000
421010378002000,1216,Richmond,,0,0,4260000
421010378002001,1216,Richmond,,0,0,4260000
421010378002002,1216,Richmond,,11,0,4260000
421010378002003,1216,Richmond,,48,19,4260000
421010378002004,1216,Richmond,,0,0,4260000
421010378002005,1216,Richmond,,0,0,4260000
421010378002006,1216,Richmond,,0,0,4260000
421010378002007,1216,Richmond,,0,0,4260000
421010378002008,1216,Richmond,,0,0,4260000
421010378002009,1216,Richmond,,0,0,4260000
421010378002010,1216,Richmond,,32,15,4260000
421010378002011,1216,Richmond,,75,39,4260000
421010378002012,1216,Richmond,,0,0,4260000
421010378002013,1216,Richmond,,0,0,4260000
421010378002014,1216,Richmond,,0,0,4260000
421010378002015,1216,Richmond,,0,0,4260000
421010378002016,1216,Richmond,,0,0,4260000
421010378002017,1216,Richmond,,0,0,4260000
421010378002018,1216,Richmond,,39,17,4260000
421010378002019,1216,Richmond,,55,32,4260000
421010378002020,1216,Richmond,,64,20,4260000
421010378002021,1216,Richmond,,0,0,4260000
421010378002022,1216,Richmond,,0,0,4260000
421010378002023,1216,Richmond,,0,0,4260000
421010378002024,1216,Richmond,,0,0,4260000
421010378002025,1216,Richmond,,0,0,4260000
421010378002026,1216,Richmond,,0,0,4260000
421010378002027,1216,Richmond,,0,0,4260000
421010378002028,1216,Richmond,,0,0,4260000
421010378002029,1216,Richmond,,0,0,4260000
421010378002030,1216,Richmond,,0,0,4260000
421010378002031,1216,Richmond,,0,0,4260000
421010378002032,1216,Richmond,,0,0,4260000
421010378002033,1216,Richmond,,7,5,4260000
421010378002034,1216,Richmond,,35,19,4260000
421010378002035,1216,Richmond,,0,0,4260000
421010378002036,1216,Richmond,,0,0,4260000
421010378002037,1216,Richmond,,15,9,4260000
421010378002038,1216,Richmond,,21,9,4260000
421010378002039,1216,Richmond,,0,0,4260000
421010378002040,1216,Richmond,,0,0,4260000
421010378002041,1216,Richmond,,24,8,4260000
421010378002042,1216,Richmond,,0,0,4260000
421010378002043,1216,Richmond,,0,0,4260000
421010378002044,1216,Richmond,,0,0,4260000
421010378002045,1216,Richmond,,0,0,4260000
421010378002046,1216,Richmond,,0,0,4260000
421010378002047,1216,Richmond,,0,0,4260000
421010378002048,1216,Richmond,,0,0,4260000
421010378002049,1216,Richmond,,0,0,4260000
421010378002050,1216,Richmond,,0,0,4260000
421010378002051,1216,Richmond,,0,0,4260000
421010378002055,1216,Richmond,,20,8,4260000
421010378002056,1216,Richmond,,0,0,4260000
421010378002057,1216,Richmond,,0,0,4260000
421010378002058,1216,Richmond,,0,0,4260000
421010378002059,1216,Richmond,,0,0,4260000
421010378002060,1216,Richmond,,99,50,4260000
421010378002061,1216,Richmond,,0,0,4260000
421010378002062,1216,Richmond,,70,28,4260000
421010378002063,1216,Richmond,,4,4,4260000
421010378002067,1216,Richmond,,0,0,4260000
421010378002068,1216,Richmond,,0,0,4260000
421010378002069,1216,Richmond,,41,29,4260000
421010378002076,1216,Richmond,,0,0,4260000
421010378002080,1216,Richmond,,0,0,4260000
421010378002084,1216,Richmond,,0,0,4260000
421010379001000,1216,Richmond,,117,47,4260000
421010379001001,1216,Richmond,,124,52,4260000
421010379001002,1216,Richmond,,34,12,4260000
421010379001003,1216,Richmond,,123,52,4260000
421010379001004,1216,Richmond,,68,29,4260000
421010379001005,1216,Richmond,,145,66,4260000
421010379001006,1216,Richmond,,0,0,4260000
421010379001007,1216,Richmond,,8,0,4260000
421010379001008,1216,Richmond,,95,51,4260000
421010379002000,1216,Richmond,,0,0,4260000
421010379002001,1216,Richmond,,30,14,4260000
421010379002002,1216,Richmond,,70,31,4260000
421010379002003,1216,Richmond,,94,46,4260000
421010379002004,1216,Richmond,,126,50,4260000
421010379002005,1216,Richmond,,98,49,4260000
421010379002006,1216,Richmond,,152,67,4260000
421010379002007,1216,Richmond,,137,54,4260000
421010379002008,1216,Richmond,,140,53,4260000
421010379002009,1216,Richmond,,165,79,4260000
421010379002010,1216,Richmond,,70,32,4260000
421010379002011,1216,Richmond,,6,2,4260000
421010379003000,1216,Richmond,,0,0,4260000
421010379003001,1216,Richmond,,0,0,4260000
421010379003002,1216,Richmond,,5,3,4260000
421010379003003,1216,Richmond,,0,0,4260000
421010379003004,1216,Richmond,,0,0,4260000
421010379003005,1216,Richmond,,0,0,4260000
421010379003006,1216,Richmond,,0,0,4260000
421010379003007,1216,Richmond,,0,0,4260000
421010379003008,1216,Richmond,,0,0,4260000
421010379003009,1216,Richmond,,0,0,4260000
421010379003010,1216,Richmond,,0,0,4260000
421010379003011,1216,Richmond,,0,0,4260000
421010379003012,1216,Richmond,,0,0,4260000
421010379003013,1216,Richmond,,51,17,4260000
421010379003014,1216,Richmond,,0,0,4260000
421010379003015,1216,Richmond,,8,4,4260000
421010379003016,1216,Richmond,,0,0,4260000
421010379003017,1216,Richmond,,0,0,4260000
421010379003018,1216,Richmond,,0,0,4260000
421010379003019,1216,Richmond,,0,0,4260000
421010379003020,1216,Richmond,,8,8,4260000
421010379003021,1216,Richmond,,0,0,4260000
421010379003022,1216,Richmond,,135,55,4260000
421010379003023,1216,Richmond,,114,58,4260000
421010379003024,1216,Richmond,,89,52,4260000
421010379003025,1216,Richmond,,113,52,4260000
421010379003026,1216,Richmond,,0,0,4260000
421010379003027,1216,Richmond,,90,43,4260000
421010379003028,1216,Richmond,,75,33,4260000
421010379003029,1216,Richmond,,54,28,4260000
421010379003030,1216,Richmond,,0,0,4260000
421010379003031,1216,Richmond,,63,26,4260000
421010379004000,1216,Richmond,,119,51,4260000
421010379004001,1216,Richmond,,103,46,4260000
421010379004002,1216,Richmond,,56,18,4260000
421010379004003,1216,Richmond,,99,51,4260000
421010379004004,1216,Richmond,,90,44,4260000
421010379004005,1216,Richmond,,89,47,4260000
421010379004006,1216,Richmond,,0,0,4260000
421010379004007,1216,Richmond,,36,18,4260000
421010379004008,1216,Richmond,,80,36,4260000
421010379004009,1216,Richmond,,74,34,4260000
421010379004010,1216,Richmond,,3,0,4260000
421010379004011,1216,Richmond,,65,35,4260000
421010379005000,1216,Richmond,,70,35,4260000
421010379005001,1216,Richmond,,55,25,4260000
421010379005002,1216,Richmond,,54,27,4260000
421010379005003,1216,Richmond,,54,25,4260000
421010379005004,1216,Richmond,,72,37,4260000
421010379005005,1216,Richmond,,107,48,4260000
421010379005006,1216,Richmond,,95,45,4260000
421010379005007,1216,Richmond,,0,0,4260000
421010379005008,1216,Richmond,,51,26,4260000
421010379005009,1216,Richmond,,116,47,4260000
421010379005010,1216,Richmond,,0,0,4260000
421010379005011,1216,Richmond,,81,35,4260000
421010379005012,1216,Richmond,,21,10,4260000
421010379006000,1216,Richmond,,0,0,4260000
421010379006001,1216,Richmond,,90,34,4260000
421010379006002,1216,Richmond,,119,36,4260000
421010379006003,1216,Richmond,,0,0,4260000
421010379006004,1216,Richmond,,20,6,4260000
421010379006005,1216,Richmond,,31,14,4260000
421010379006006,1216,Richmond,,103,43,4260000
421010379006007,1216,Richmond,,60,29,4260000
421010379006008,1216,Richmond,,3,3,4260000
421010379006009,1216,Richmond,,129,58,4260000
421010379006010,1216,Richmond,,117,46,4260000
421010379006011,1216,Richmond,,118,50,4260000
421010379006012,1216,Richmond,,0,0,4260000
421010379006013,1216,Richmond,,104,48,4260000
421010379006014,1216,Richmond,,82,45,4260000
421010379006015,1216,Richmond,,0,0,4260000
421010379006016,1216,Richmond,,0,0,4260000
421010379006017,1216,Richmond,,57,29,4260000
421010379006018,1216,Richmond,,34,16,4260000
421010379006019,1216,Richmond,,51,24,4260000
421010382001023,1216,Richmond,,0,0,4260000
421010382001024,1216,Richmond,,10,4,4260000
421010382002006,1216,Richmond,,5,1,4260000
421010382002007,1216,Richmond,,0,0,4260000
421010382002008,1216,Richmond,,0,0,4260000
421010382002009,1216,Richmond,,118,52,4260000
421010382002011,1216,Richmond,,113,49,4260000
421010382002012,1216,Richmond,,62,21,4260000
421010382002013,1216,Richmond,,112,50,4260000
421010382002014,1216,Richmond,,105,46,4260000
421010180011018,1217,Port Richmond,,0,0,4260000
421010180011019,1217,Port Richmond,,0,0,4260000
421010180011021,1217,Port Richmond,,0,0,4260000
421010180011022,1217,Port Richmond,,0,0,4260000
421010180011023,1217,Port Richmond,,0,0,4260000
421010180011024,1217,Port Richmond,,0,0,4260000
421010180024016,1217,Port Richmond,,0,0,4260000
421010378001006,1217,Port Richmond,,0,0,4260000
421010378001007,1217,Port Richmond,,0,0,4260000
421010378001008,1217,Port Richmond,,0,0,4260000
421010378001009,1217,Port Richmond,,0,0,4260000
421010378001024,1217,Port Richmond,,0,0,4260000
421010378001032,1217,Port Richmond,,0,0,4260000
421010378002052,1217,Port Richmond,,0,0,4260000
421010378002053,1217,Port Richmond,,0,0,4260000
421010378002054,1217,Port Richmond,,0,0,4260000
421010378002064,1217,Port Richmond,,0,0,4260000
421010378002065,1217,Port Richmond,,0,0,4260000
421010378002066,1217,Port Richmond,,0,0,4260000
421010378002070,1217,Port Richmond,,0,0,4260000
421010378002071,1217,Port Richmond,,0,0,4260000
421010378002072,1217,Port Richmond,,0,0,4260000
421010378002073,1217,Port Richmond,,0,0,4260000
421010378002074,1217,Port Richmond,,0,0,4260000
421010378002075,1217,Port Richmond,,0,0,4260000
421010378002077,1217,Port Richmond,,0,0,4260000
421010378002078,1217,Port Richmond,,0,0,4260000
421010378002079,1217,Port Richmond,,0,0,4260000
421010378002081,1217,Port Richmond,,0,0,4260000
421010378002082,1217,Port Richmond,,0,0,4260000
421010378002083,1217,Port Richmond,,0,0,4260000
421010378002085,1217,Port Richmond,,0,0,4260000
421010378002086,1217,Port Richmond,,0,0,4260000
421010378002087,1217,Port Richmond,,0,0,4260000
421010378002088,1217,Port Richmond,,0,0,4260000
421010378002089,1217,Port Richmond,,0,0,4260000
421010197001000,1218,Hunting Park,,0,0,4260000
421010197001001,1218,Hunting Park,,0,0,4260000
421010197001002,1218,Hunting Park,,0,0,4260000
421010197001003,1218,Hunting Park,,45,16,4260000
421010197001004,1218,Hunting Park,,36,15,4260000
421010197001005,1218,Hunting Park,,0,0,4260000
421010197001006,1218,Hunting Park,,215,68,4260000
421010197001007,1218,Hunting Park,,215,69,4260000
421010197001008,1218,Hunting Park,,100,31,4260000
421010197001009,1218,Hunting Park,,232,69,4260000
421010197001010,1218,Hunting Park,,200,73,4260000
421010197001011,1218,Hunting Park,,218,72,4260000
421010197001012,1218,Hunting Park,,197,68,4260000
421010197002000,1218,Hunting Park,,194,64,4260000
421010197002001,1218,Hunting Park,,215,64,4260000
421010197002002,1218,Hunting Park,,203,63,4260000
421010197002003,1218,Hunting Park,,201,68,4260000
421010197002004,1218,Hunting Park,,233,69,4260000
421010197002005,1218,Hunting Park,,216,64,4260000
421010197003000,1218,Hunting Park,,141,51,4260000
421010197003001,1218,Hunting Park,,170,57,4260000
421010197003002,1218,Hunting Park,,286,89,4260000
421010197003003,1218,Hunting Park,,174,60,4260000
421010197003004,1218,Hunting Park,,94,34,4260000
421010197003005,1218,Hunting Park,,125,43,4260000
421010197004000,1218,Hunting Park,,177,61,4260000
421010197004001,1218,Hunting Park,,184,57,4260000
421010197004002,1218,Hunting Park,,208,69,4260000
421010197004003,1218,Hunting Park,,190,64,4260000
421010197004004,1218,Hunting Park,,145,66,4260000
421010197004005,1218,Hunting Park,,120,35,4260000
421010197005000,1218,Hunting Park,,206,68,4260000
421010197005001,1218,Hunting Park,,171,60,4260000
421010197005002,1218,Hunting Park,,182,61,4260000
421010197005003,1218,Hunting Park,,134,41,4260000
421010197005004,1218,Hunting Park,,152,47,4260000
421010197005005,1218,Hunting Park,,201,66,4260000
421010197006000,1218,Hunting Park,,84,29,4260000
421010197006001,1218,Hunting Park,,169,56,4260000
421010197006002,1218,Hunting Park,,185,64,4260000
421010197006003,1218,Hunting Park,,104,39,4260000
421010197006004,1218,Hunting Park,,125,43,4260000
421010197006005,1218,Hunting Park,,140,55,4260000
421010197006006,1218,Hunting Park,,177,62,4260000
421010197006007,1218,Hunting Park,,237,66,4260000
421010198001000,1218,Hunting Park,,0,0,4260000
421010198001001,1218,Hunting Park,,63,24,4260000
421010198001002,1218,Hunting Park,,90,28,4260000
421010198001003,1218,Hunting Park,,129,66,4260000
421010198001004,1218,Hunting Park,,18,7,4260000
421010198001005,1218,Hunting Park,,0,0,4260000
421010198001006,1218,Hunting Park,,22,8,4260000
421010198001007,1218,Hunting Park,,150,60,4260000
421010198001008,1218,Hunting Park,,111,49,4260000
421010198001009,1218,Hunting Park,,146,57,4260000
421010198001010,1218,Hunting Park,,159,56,4260000
421010198001011,1218,Hunting Park,,157,55,4260000
421010198002000,1218,Hunting Park,,127,61,4260000
421010198002001,1218,Hunting Park,,131,55,4260000
421010198002002,1218,Hunting Park,,175,56,4260000
421010198002003,1218,Hunting Park,,142,56,4260000
421010198002004,1218,Hunting Park,,129,46,4260000
421010198002005,1218,Hunting Park,,172,67,4260000
421010198003000,1218,Hunting Park,,131,37,4260000
421010198003001,1218,Hunting Park,,124,39,4260000
421010198003002,1218,Hunting Park,,182,56,4260000
421010198003003,1218,Hunting Park,,168,59,4260000
421010198003004,1218,Hunting Park,,132,56,4260000
421010198003005,1218,Hunting Park,,17,3,4260000
421010198004000,1218,Hunting Park,,195,60,4260000
421010198004001,1218,Hunting Park,,194,58,4260000
421010198004002,1218,Hunting Park,,206,64,4260000
421010198004003,1218,Hunting Park,,189,57,4260000
421010198004004,1218,Hunting Park,,181,62,4260000
421010198004005,1218,Hunting Park,,216,65,4260000
421010198005000,1218,Hunting Park,,216,71,4260000
421010198005001,1218,Hunting Park,,171,64,4260000
421010198005002,1218,Hunting Park,,171,63,4260000
421010198005003,1218,Hunting Park,,201,62,4260000
421010198005004,1218,Hunting Park,,171,59,4260000
421010198005005,1218,Hunting Park,,216,63,4260000
421010198006000,1218,Hunting Park,,129,55,4260000
421010198006001,1218,Hunting Park,,156,49,4260000
421010198006002,1218,Hunting Park,,142,48,4260000
421010198006003,1218,Hunting Park,,227,70,4260000
421010198006004,1218,Hunting Park,,166,56,4260000
421010198006005,1218,Hunting Park,,53,19,4260000
421010198006006,1218,Hunting Park,,34,20,4260000
421010198006007,1218,Hunting Park,,137,41,4260000
421010198006008,1218,Hunting Park,,101,42,4260000
421010198006009,1218,Hunting Park,,0,0,4260000
421010198006010,1218,Hunting Park,,48,14,4260000
421010200002000,1218,Hunting Park,,0,0,4260000
421010203001000,1218,Hunting Park,,28,11,4260000
421010203001001,1218,Hunting Park,,82,37,4260000
421010203001002,1218,Hunting Park,,124,56,4260000
421010203001003,1218,Hunting Park,,95,49,4260000
421010203001006,1218,Hunting Park,,102,41,4260000
421010203001007,1218,Hunting Park,,97,57,4260000
421010203001008,1218,Hunting Park,,37,13,4260000
421010203001009,1218,Hunting Park,,0,0,4260000
421010203001011,1218,Hunting Park,,10,8,4260000
421010203001015,1218,Hunting Park,,79,56,4260000
421010203002000,1218,Hunting Park,,24,10,4260000
421010203002001,1218,Hunting Park,,1,3,4260000
421010203002003,1218,Hunting Park,,89,34,4260000
421010203002004,1218,Hunting Park,,191,113,4260000
421010203002011,1218,Hunting Park,,185,78,4260000
421010203002012,1218,Hunting Park,,100,42,4260000
421010203002013,1218,Hunting Park,,218,88,4260000
421010203002021,1218,Hunting Park,,6,1,4260000
421010203002022,1218,Hunting Park,,30,11,4260000
421010203002023,1218,Hunting Park,,62,29,4260000
421010203002024,1218,Hunting Park,,76,36,4260000
421010203002025,1218,Hunting Park,,40,28,4260000
421010203002026,1218,Hunting Park,,69,42,4260000
421010203002027,1218,Hunting Park,,56,19,4260000
421010204002004,1218,Hunting Park,,0,0,4260000
421010204002014,1218,Hunting Park,,0,0,4260000
421010204002017,1218,Hunting Park,,0,0,4260000
421010284004001,1218,Hunting Park,,0,0,4260000
421010284004002,1218,Hunting Park,,96,34,4260000
421010284004020,1218,Hunting Park,,74,22,4260000
421010284004021,1218,Hunting Park,,36,13,4260000
421010284004022,1218,Hunting Park,,58,20,4260000
421010284004024,1218,Hunting Park,,72,18,4260000
421010284004025,1218,Hunting Park,,119,38,4260000
421010284004026,1218,Hunting Park,,117,37,4260000
421010284004027,1218,Hunting Park,,101,36,4260000
421010284004028,1218,Hunting Park,,124,42,4260000
421010284004029,1218,Hunting Park,,0,0,4260000
421010285001021,1218,Hunting Park,,0,0,4260000
421010287001004,1218,Hunting Park,,0,0,4260000
421010287001006,1218,Hunting Park,,7,3,4260000
421010287001007,1218,Hunting Park,,20,13,4260000
421010287001012,1218,Hunting Park,,0,0,4260000
421010287001013,1218,Hunting Park,,143,56,4260000
421010287001016,1218,Hunting Park,,80,22,4260000
421010287001019,1218,Hunting Park,,63,19,4260000
421010287001020,1218,Hunting Park,,44,15,4260000
421010383001004,1218,Hunting Park,,0,0,4260000
421010383001005,1218,Hunting Park,,0,0,4260000
421010383001011,1218,Hunting Park,,0,0,4260000
421010383001012,1218,Hunting Park,,0,0,4260000
421010383001013,1218,Hunting Park,,0,0,4260000
421010383001014,1218,Hunting Park,,0,0,4260000
421010383001015,1218,Hunting Park,,0,0,4260000
421010383001016,1218,Hunting Park,,0,0,4260000
421010383001017,1218,Hunting Park,,0,0,4260000
421010383001018,1218,Hunting Park,,0,0,4260000
421010383001019,1218,Hunting Park,,0,0,4260000
421010383001020,1218,Hunting Park,,70,44,4260000
421010383001021,1218,Hunting Park,,0,0,4260000
421010383001022,1218,Hunting Park,,64,32,4260000
421010383001023,1218,Hunting Park,,90,28,4260000
421010383001024,1218,Hunting Park,,83,30,4260000
421010383001025,1218,Hunting Park,,66,30,4260000
421010383001029,1218,Hunting Park,,395,6,4260000
421010383001030,1218,Hunting Park,,0,0,4260000
421010383001031,1218,Hunting Park,,0,0,4260000
421010383001036,1218,Hunting Park,,0,0,4260000
421010383001037,1218,Hunting Park,,0,0,4260000
421010383001038,1218,Hunting Park,,0,0,4260000
421010383001039,1218,Hunting Park,,0,0,4260000
421010383001040,1218,Hunting Park,,0,0,4260000
421010383001041,1218,Hunting Park,,0,0,4260000
421010383001042,1218,Hunting Park,,0,0,4260000
421010383001043,1218,Hunting Park,,653,0,4260000
421010383001044,1218,Hunting Park,,56,0,4260000
421010383001045,1218,Hunting Park,,0,0,4260000
421010383001046,1218,Hunting Park,,0,0,4260000
421010383001047,1218,Hunting Park,,0,0,4260000
421010383001050,1218,Hunting Park,,0,0,4260000
421010383001051,1218,Hunting Park,,0,0,4260000
421010383002011,1218,Hunting Park,,0,0,4260000
421010383002012,1218,Hunting Park,,0,0,4260000
421010383003012,1218,Hunting Park,,54,18,4260000
421010383003013,1218,Hunting Park,,0,0,4260000
421010383003014,1218,Hunting Park,,0,0,4260000
421019805001000,1218,Hunting Park,,0,0,4260000
421019805001002,1218,Hunting Park,,0,0,4260000
421019805001004,1218,Hunting Park,,0,0,4260000
421019805001005,1218,Hunting Park,,0,0,4260000
421019805001006,1218,Hunting Park,,0,0,4260000
421019805001007,1218,Hunting Park,,0,0,4260000
421019805001008,1218,Hunting Park,,0,0,4260000
421019805001009,1218,Hunting Park,,0,0,4260000
421019805001010,1218,Hunting Park,,0,0,4260000
421019805001018,1218,Hunting Park,,0,0,4260000
421010176013000,1222,Upper Kensington,,0,0,4260000
421010176013007,1222,Upper Kensington,,0,0,4260000
421010176013008,1222,Upper Kensington,,0,0,4260000
421010176013011,1222,Upper Kensington,,9,3,4260000
421010176014000,1222,Upper Kensington,,0,0,4260000
421010176014013,1222,Upper Kensington,,0,0,4260000
421010176021000,1222,Upper Kensington,,43,11,4260000
421010176021001,1222,Upper Kensington,,85,31,4260000
421010176021002,1222,Upper Kensington,,143,54,4260000
421010176021003,1222,Upper Kensington,,189,60,4260000
421010176021004,1222,Upper Kensington,,0,0,4260000
421010176021005,1222,Upper Kensington,,42,18,4260000
421010176021006,1222,Upper Kensington,,0,0,4260000
421010176021007,1222,Upper Kensington,,0,0,4260000
421010176021008,1222,Upper Kensington,,0,0,4260000
421010176021009,1222,Upper Kensington,,22,11,4260000
421010176021010,1222,Upper Kensington,,129,51,4260000
421010176021011,1222,Upper Kensington,,138,60,4260000
421010176021012,1222,Upper Kensington,,193,69,4260000
421010176021013,1222,Upper Kensington,,193,67,4260000
421010176021014,1222,Upper Kensington,,71,26,4260000
421010176021015,1222,Upper Kensington,,89,40,4260000
421010176021016,1222,Upper Kensington,,126,40,4260000
421010176021017,1222,Upper Kensington,,101,36,4260000
421010176021018,1222,Upper Kensington,,84,37,4260000
421010176022000,1222,Upper Kensington,,218,67,4260000
421010176022001,1222,Upper Kensington,,189,59,4260000
421010176022002,1222,Upper Kensington,,177,64,4260000
421010176022003,1222,Upper Kensington,,42,7,4260000
421010176022004,1222,Upper Kensington,,0,0,4260000
421010176022005,1222,Upper Kensington,,0,0,4260000
421010176022006,1222,Upper Kensington,,0,0,4260000
421010176022007,1222,Upper Kensington,,0,0,4260000
421010176022008,1222,Upper Kensington,,90,36,4260000
421010176022009,1222,Upper Kensington,,128,42,4260000
421010176022010,1222,Upper Kensington,,0,0,4260000
421010176023000,1222,Upper Kensington,,93,35,4260000
421010176023001,1222,Upper Kensington,,67,27,4260000
421010176023002,1222,Upper Kensington,,51,20,4260000
421010176023003,1222,Upper Kensington,,173,73,4260000
421010176023004,1222,Upper Kensington,,106,37,4260000
421010176023008,1222,Upper Kensington,,0,0,4260000
421010176023009,1222,Upper Kensington,,111,34,4260000
421010176023010,1222,Upper Kensington,,108,33,4260000
421010176023011,1222,Upper Kensington,,0,0,4260000
421010176023012,1222,Upper Kensington,,0,0,4260000
421010176023013,1222,Upper Kensington,,95,24,4260000
421010176023014,1222,Upper Kensington,,1,1,4260000
421010176023015,1222,Upper Kensington,,45,14,4260000
421010176023016,1222,Upper Kensington,,96,31,4260000
421010176023017,1222,Upper Kensington,,112,34,4260000
421010176023018,1222,Upper Kensington,,55,16,4260000
421010176023019,1222,Upper Kensington,,62,18,4260000
421010176023020,1222,Upper Kensington,,67,24,4260000
421010176023021,1222,Upper Kensington,,0,0,4260000
421010176023022,1222,Upper Kensington,,0,0,4260000
421010176023023,1222,Upper Kensington,,33,18,4260000
421010176023024,1222,Upper Kensington,,142,44,4260000
421010176023025,1222,Upper Kensington,,5,2,4260000
421010176023026,1222,Upper Kensington,,0,0,4260000
421010176023027,1222,Upper Kensington,,0,0,4260000
421010176023028,1222,Upper Kensington,,0,0,4260000
421010176023029,1222,Upper Kensington,,0,0,4260000
421010177011000,1222,Upper Kensington,,158,61,4260000
421010177011001,1222,Upper Kensington,,151,53,4260000
421010177011002,1222,Upper Kensington,,200,74,4260000
421010177011003,1222,Upper Kensington,,191,68,4260000
421010177011004,1222,Upper Kensington,,141,49,4260000
421010177011005,1222,Upper Kensington,,160,63,4260000
421010177011006,1222,Upper Kensington,,0,0,4260000
421010177011007,1222,Upper Kensington,,98,26,4260000
421010177011008,1222,Upper Kensington,,68,32,4260000
421010177011009,1222,Upper Kensington,,120,44,4260000
421010177012007,1222,Upper Kensington,,0,0,4260000
421010177012008,1222,Upper Kensington,,78,35,4260000
421010177012009,1222,Upper Kensington,,131,68,4260000
421010177012010,1222,Upper Kensington,,135,63,4260000
421010177013000,1222,Upper Kensington,,189,66,4260000
421010177013001,1222,Upper Kensington,,135,42,4260000
421010177013002,1222,Upper Kensington,,112,38,4260000
421010177013003,1222,Upper Kensington,,78,27,4260000
421010177013004,1222,Upper Kensington,,101,26,4260000
421010177013005,1222,Upper Kensington,,87,22,4260000
421010177013006,1222,Upper Kensington,,91,34,4260000
421010177013007,1222,Upper Kensington,,172,50,4260000
421010177013008,1222,Upper Kensington,,170,60,4260000
421010177013009,1222,Upper Kensington,,185,67,4260000
421010177021000,1222,Upper Kensington,,160,59,4260000
421010177021001,1222,Upper Kensington,,167,61,4260000
421010177021002,1222,Upper Kensington,,101,34,4260000
421010177021003,1222,Upper Kensington,,62,21,4260000
421010177021004,1222,Upper Kensington,,146,49,4260000
421010177021005,1222,Upper Kensington,,0,0,4260000
421010177021006,1222,Upper Kensington,,119,44,4260000
421010177021007,1222,Upper Kensington,,0,0,4260000
421010177021008,1222,Upper Kensington,,0,0,4260000
421010177021009,1222,Upper Kensington,,0,0,4260000
421010177021012,1222,Upper Kensington,,95,35,4260000
421010177022000,1222,Upper Kensington,,157,49,4260000
421010177022001,1222,Upper Kensington,,117,45,4260000
421010177022002,1222,Upper Kensington,,141,50,4260000
421010177022003,1222,Upper Kensington,,91,39,4260000
421010177022004,1222,Upper Kensington,,77,35,4260000
421010177022005,1222,Upper Kensington,,82,38,4260000
421010177022006,1222,Upper Kensington,,85,31,4260000
421010177022007,1222,Upper Kensington,,93,46,4260000
421010177022008,1222,Upper Kensington,,75,32,4260000
421010177022009,1222,Upper Kensington,,49,22,4260000
421010177022010,1222,Upper Kensington,,88,35,4260000
421010177022011,1222,Upper Kensington,,53,18,4260000
421010177022012,1222,Upper Kensington,,2,3,4260000
421010177023000,1222,Upper Kensington,,106,33,4260000
421010177023001,1222,Upper Kensington,,125,46,4260000
421010177023002,1222,Upper Kensington,,81,25,4260000
421010177023003,1222,Upper Kensington,,62,18,4260000
421010177023004,1222,Upper Kensington,,80,30,4260000
421010177023005,1222,Upper Kensington,,115,29,4260000
421010177023006,1222,Upper Kensington,,0,0,4260000
421010177023007,1222,Upper Kensington,,198,59,4260000
421010177023008,1222,Upper Kensington,,198,65,4260000
421010177024000,1222,Upper Kensington,,77,30,4260000
421010177024001,1222,Upper Kensington,,85,29,4260000
421010177024002,1222,Upper Kensington,,223,56,4260000
421010177024003,1222,Upper Kensington,,0,0,4260000
421010177024004,1222,Upper Kensington,,120,35,4260000
421010177024005,1222,Upper Kensington,,100,32,4260000
421010177024006,1222,Upper Kensington,,60,30,4260000
421010177024007,1222,Upper Kensington,,115,39,4260000
421010177024008,1222,Upper Kensington,,35,18,4260000
421010177024009,1222,Upper Kensington,,52,21,4260000
421010177024010,1222,Upper Kensington,,56,20,4260000
421010177024011,1222,Upper Kensington,,148,54,4260000
421010177024012,1222,Upper Kensington,,82,30,4260000
421010177024013,1222,Upper Kensington,,53,18,4260000
421010177025000,1222,Upper Kensington,,181,64,4260000
421010177025001,1222,Upper Kensington,,160,61,4260000
421010177025002,1222,Upper Kensington,,0,0,4260000
421010177025003,1222,Upper Kensington,,0,0,4260000
421010177025004,1222,Upper Kensington,,3,4,4260000
421010177025005,1222,Upper Kensington,,0,0,4260000
421010177025006,1222,Upper Kensington,,0,0,4260000
421010177025007,1222,Upper Kensington,,167,67,4260000
421010177025008,1222,Upper Kensington,,173,64,4260000
421010177025009,1222,Upper Kensington,,53,20,4260000
421010177025010,1222,Upper Kensington,,144,48,4260000
421010192001000,1222,Upper Kensington,,222,67,4260000
421010192001001,1222,Upper Kensington,,180,69,4260000
421010192001002,1222,Upper Kensington,,146,64,4260000
421010192001003,1222,Upper Kensington,,237,71,4260000
421010192001004,1222,Upper Kensington,,162,71,4260000
421010192001005,1222,Upper Kensington,,154,51,4260000
421010192002002,1222,Upper Kensington,,43,15,4260000
421010192002003,1222,Upper Kensington,,81,25,4260000
421010192002007,1222,Upper Kensington,,99,32,4260000
421010192002008,1222,Upper Kensington,,235,70,4260000
421010192002009,1222,Upper Kensington,,119,38,4260000
421010192002010,1222,Upper Kensington,,115,33,4260000
421010192003003,1222,Upper Kensington,,183,58,4260000
421010192003004,1222,Upper Kensington,,156,43,4260000
421010192003007,1222,Upper Kensington,,8,0,4260000
421010192005000,1222,Upper Kensington,,159,63,4260000
421010192005001,1222,Upper Kensington,,190,57,4260000
421010192005002,1222,Upper Kensington,,74,20,4260000
421010192005003,1222,Upper Kensington,,75,28,4260000
421010192005004,1222,Upper Kensington,,0,1,4260000
421010192005005,1222,Upper Kensington,,0,0,4260000
421010192005006,1222,Upper Kensington,,92,33,4260000
421010192005007,1222,Upper Kensington,,107,37,4260000
421010192005008,1222,Upper Kensington,,96,30,4260000
421010192005009,1222,Upper Kensington,,207,70,4260000
421010192005010,1222,Upper Kensington,,182,62,4260000
421010192005011,1222,Upper Kensington,,207,64,4260000
421010192005012,1222,Upper Kensington,,81,23,4260000
421010192005013,1222,Upper Kensington,,73,23,4260000
421010192006000,1222,Upper Kensington,,0,0,4260000
421010192006001,1222,Upper Kensington,,148,61,4260000
421010192006002,1222,Upper Kensington,,182,65,4260000
421010192006003,1222,Upper Kensington,,0,0,4260000
421010192006004,1222,Upper Kensington,,0,0,4260000
421010192006005,1222,Upper Kensington,,159,51,4260000
421010192006006,1222,Upper Kensington,,170,60,4260000
421010195011000,1222,Upper Kensington,,176,58,4260000
421010195011001,1222,Upper Kensington,,172,58,4260000
421010195011002,1222,Upper Kensington,,204,75,4260000
421010195011003,1222,Upper Kensington,,151,55,4260000
421010195011015,1222,Upper Kensington,,58,52,4260000
421010195011016,1222,Upper Kensington,,65,57,4260000
421010195011017,1222,Upper Kensington,,185,64,4260000
421010195011018,1222,Upper Kensington,,188,63,4260000
421010195012000,1222,Upper Kensington,,203,63,4260000
421010195012001,1222,Upper Kensington,,240,63,4260000
421010195012002,1222,Upper Kensington,,187,55,4260000
421010195012003,1222,Upper Kensington,,234,63,4260000
421010195012004,1222,Upper Kensington,,213,64,4260000
421010195012005,1222,Upper Kensington,,159,60,4260000
421010195012006,1222,Upper Kensington,,87,32,4260000
421010195012007,1222,Upper Kensington,,90,31,4260000
421010195012008,1222,Upper Kensington,,17,5,4260000
421010195012009,1222,Upper Kensington,,120,36,4260000
421010195012010,1222,Upper Kensington,,0,0,4260000
421010195012011,1222,Upper Kensington,,108,32,4260000
421010195012012,1222,Upper Kensington,,53,15,4260000
421010195012013,1222,Upper Kensington,,112,42,4260000
421010195013000,1222,Upper Kensington,,129,49,4260000
421010195013001,1222,Upper Kensington,,195,59,4260000
421010195013002,1222,Upper Kensington,,169,67,4260000
421010195013003,1222,Upper Kensington,,154,52,4260000
421010195013004,1222,Upper Kensington,,76,24,4260000
421010195013005,1222,Upper Kensington,,106,48,4260000
421010195013006,1222,Upper Kensington,,124,45,4260000
421010195013007,1222,Upper Kensington,,244,81,4260000
421010195013008,1222,Upper Kensington,,5,0,4260000
421010195013009,1222,Upper Kensington,,176,67,4260000
421010195013010,1222,Upper Kensington,,75,39,4260000
421010195021000,1222,Upper Kensington,,24,11,4260000
421010195021001,1222,Upper Kensington,,0,0,4260000
421010195021008,1222,Upper Kensington,,51,18,4260000
421010195021009,1222,Upper Kensington,,16,8,4260000
421010195021010,1222,Upper Kensington,,90,29,4260000
421010195021011,1222,Upper Kensington,,55,27,4260000
421010195021012,1222,Upper Kensington,,12,7,4260000
421010195021013,1222,Upper Kensington,,0,1,4260000
421010195021014,1222,Upper Kensington,,0,0,4260000
421010195021015,1222,Upper Kensington,,8,4,4260000
421010195021016,1222,Upper Kensington,,40,15,4260000
421010195021017,1222,Upper Kensington,,136,44,4260000
421010195021019,1222,Upper Kensington,,125,36,4260000
421010195022000,1222,Upper Kensington,,0,0,4260000
421010195022001,1222,Upper Kensington,,0,0,4260000
421010195022002,1222,Upper Kensington,,131,45,4260000
421010195022003,1222,Upper Kensington,,92,29,4260000
421010195022004,1222,Upper Kensington,,61,28,4260000
421010195022005,1222,Upper Kensington,,118,44,4260000
421010195022006,1222,Upper Kensington,,84,30,4260000
421010195022007,1222,Upper Kensington,,155,63,4260000
421010195022008,1222,Upper Kensington,,193,70,4260000
421010195022009,1222,Upper Kensington,,179,61,4260000
421010195022010,1222,Upper Kensington,,225,64,4260000
421010195022011,1222,Upper Kensington,,189,64,4260000
421010195022012,1222,Upper Kensington,,75,26,4260000
421010195022013,1222,Upper Kensington,,82,28,4260000
421010195023000,1222,Upper Kensington,,184,65,4260000
421010195023001,1222,Upper Kensington,,141,50,4260000
421010195023002,1222,Upper Kensington,,0,0,4260000
421010195023003,1222,Upper Kensington,,145,44,4260000
421010195023004,1222,Upper Kensington,,129,59,4260000
421010195023005,1222,Upper Kensington,,167,55,4260000
421010195023006,1222,Upper Kensington,,69,24,4260000
421010195023007,1222,Upper Kensington,,72,29,4260000
421010383001052,1222,Upper Kensington,,139,41,4260000
421010383001053,1222,Upper Kensington,,0,0,4260000
421010176011007,1223,McGuire,,5,1,4260000
421010176011008,1223,McGuire,,16,6,4260000
421010176011009,1223,McGuire,,53,16,4260000
421010176011010,1223,McGuire,,6,1,4260000
421010176013001,1223,McGuire,,7,2,4260000
421010176013002,1223,McGuire,,113,32,4260000
421010176013003,1223,McGuire,,167,50,4260000
421010176013004,1223,McGuire,,172,65,4260000
421010176013005,1223,McGuire,,52,18,4260000
421010176013006,1223,McGuire,,86,33,4260000
421010176013009,1223,McGuire,,0,0,4260000
421010176013010,1223,McGuire,,111,105,4260000
421010176013012,1223,McGuire,,114,36,4260000
421010176013013,1223,McGuire,,92,34,4260000
421010176013014,1223,McGuire,,73,27,4260000
421010176013015,1223,McGuire,,68,23,4260000
421010176013016,1223,McGuire,,121,50,4260000
421010176013017,1223,McGuire,,64,23,4260000
421010176013018,1223,McGuire,,0,0,4260000
421010176013019,1223,McGuire,,37,14,4260000
421010176013020,1223,McGuire,,36,13,4260000
421010176013021,1223,McGuire,,51,18,4260000
421010176013022,1223,McGuire,,30,10,4260000
421010176013023,1223,McGuire,,162,57,4260000
421010176014001,1223,McGuire,,165,47,4260000
421010176014002,1223,McGuire,,109,43,4260000
421010176014003,1223,McGuire,,102,43,4260000
421010176014004,1223,McGuire,,27,14,4260000
421010176014005,1223,McGuire,,27,7,4260000
421010176014006,1223,McGuire,,116,43,4260000
421010176014007,1223,McGuire,,0,0,4260000
421010176014008,1223,McGuire,,151,51,4260000
421010176014009,1223,McGuire,,124,39,4260000
421010176014010,1223,McGuire,,4,2,4260000
421010176014011,1223,McGuire,,5,3,4260000
421010176014012,1223,McGuire,,21,8,4260000
421010176014014,1223,McGuire,,29,12,4260000
421010176014015,1223,McGuire,,86,26,4260000
421010176014016,1223,McGuire,,135,44,4260000
421010176014017,1223,McGuire,,57,14,4260000
421010176014018,1223,McGuire,,90,36,4260000
421010176014019,1223,McGuire,,166,62,4260000
421010176014020,1223,McGuire,,199,57,4260000
421010176014021,1223,McGuire,,163,47,4260000
421010176014022,1223,McGuire,,129,47,4260000
421010176015000,1223,McGuire,,38,15,4260000
421010176015012,1223,McGuire,,0,0,4260000
421010177021010,1223,McGuire,,52,27,4260000
421010177021011,1223,McGuire,,12,6,4260000
421010152001000,1224,Stanton,,90,58,4260000
421010152001001,1224,Stanton,,115,75,4260000
421010152001002,1224,Stanton,,102,44,4260000
421010152002000,1224,Stanton,,0,0,4260000
421010152002011,1224,Stanton,,148,35,4260000
421010152002012,1224,Stanton,,863,219,4260000
421010152002013,1224,Stanton,,290,72,4260000
421010152002014,1224,Stanton,,87,51,4260000
421010152002015,1224,Stanton,,82,39,4260000
421010152002016,1224,Stanton,,72,48,4260000
421010152002017,1224,Stanton,,72,31,4260000
421010152002023,1224,Stanton,,109,28,4260000
421010152002024,1224,Stanton,,94,24,4260000
421010152002025,1224,Stanton,,71,19,4260000
421010153001000,1224,Stanton,,607,20,4260000
421010153001001,1224,Stanton,,210,81,4260000
421010153003000,1224,Stanton,,0,0,4260000
421010153003001,1224,Stanton,,52,60,4260000
421010153003002,1224,Stanton,,48,33,4260000
421010153003003,1224,Stanton,,138,48,4260000
421010153003004,1224,Stanton,,138,54,4260000
421010153003005,1224,Stanton,,90,44,4260000
421010153003006,1224,Stanton,,78,42,4260000
421010153003007,1224,Stanton,,50,22,4260000
421010153003008,1224,Stanton,,56,27,4260000
421010153003009,1224,Stanton,,73,32,4260000
421010153003010,1224,Stanton,,82,47,4260000
421010167011000,1224,Stanton,,140,58,4260000
421010167011002,1224,Stanton,,107,55,4260000
421010167011003,1224,Stanton,,86,43,4260000
421010167011004,1224,Stanton,,138,61,4260000
421010167011005,1224,Stanton,,133,61,4260000
421010167011006,1224,Stanton,,123,61,4260000
421010167011007,1224,Stanton,,102,63,4260000
421010167011008,1224,Stanton,,56,55,4260000
421010167011009,1224,Stanton,,105,51,4260000
421010167012003,1224,Stanton,,87,46,4260000
421010167012004,1224,Stanton,,141,57,4260000
421010167012005,1224,Stanton,,98,49,4260000
421010167012006,1224,Stanton,,118,63,4260000
421010167012007,1224,Stanton,,0,0,4260000
421010167012008,1224,Stanton,,95,47,4260000
421010167012009,1224,Stanton,,84,55,4260000
421010167012010,1224,Stanton,,49,35,4260000
421010167013000,1224,Stanton,,95,53,4260000
421010167013001,1224,Stanton,,147,61,4260000
421010167013002,1224,Stanton,,135,61,4260000
421010167013003,1224,Stanton,,145,60,4260000
421010167013004,1224,Stanton,,77,44,4260000
421010167013005,1224,Stanton,,95,45,4260000
421010167013006,1224,Stanton,,84,43,4260000
421010167013007,1224,Stanton,,101,64,4260000
421010167013008,1224,Stanton,,117,62,4260000
421010167013009,1224,Stanton,,120,67,4260000
421010167013010,1224,Stanton,,133,74,4260000
421010167013011,1224,Stanton,,144,64,4260000
421010167021000,1224,Stanton,,104,49,4260000
421010167021001,1224,Stanton,,95,56,4260000
421010167021002,1224,Stanton,,126,57,4260000
421010167021003,1224,Stanton,,110,53,4260000
421010167021004,1224,Stanton,,155,57,4260000
421010167021005,1224,Stanton,,58,35,4260000
421010167021006,1224,Stanton,,35,17,4260000
421010167022000,1224,Stanton,,125,52,4260000
421010167022001,1224,Stanton,,119,54,4260000
421010167022002,1224,Stanton,,47,40,4260000
421010167022003,1224,Stanton,,105,63,4260000
421010167022004,1224,Stanton,,104,60,4260000
421010167022005,1224,Stanton,,135,59,4260000
421010167022006,1224,Stanton,,27,13,4260000
421010167022007,1224,Stanton,,36,18,4260000
421010167023000,1224,Stanton,,0,0,4260000
421010167023001,1224,Stanton,,70,27,4260000
421010167023002,1224,Stanton,,106,45,4260000
421010167023003,1224,Stanton,,5,4,4260000
421010167023004,1224,Stanton,,30,13,4260000
421010167023005,1224,Stanton,,0,0,4260000
421010167023006,1224,Stanton,,0,0,4260000
421010167023007,1224,Stanton,,76,33,4260000
421010167023008,1224,Stanton,,30,18,4260000
421010167023009,1224,Stanton,,35,22,4260000
421010167023010,1224,Stanton,,26,16,4260000
421010167023011,1224,Stanton,,59,20,4260000
421010167023012,1224,Stanton,,38,18,4260000
421010167023013,1224,Stanton,,60,34,4260000
421010167023014,1224,Stanton,,19,14,4260000
421010167023015,1224,Stanton,,70,37,4260000
421010167023016,1224,Stanton,,82,33,4260000
421010167023017,1224,Stanton,,15,11,4260000
421010167023018,1224,Stanton,,42,11,4260000
421010167024000,1224,Stanton,,65,36,4260000
421010167024001,1224,Stanton,,145,72,4260000
421010167024002,1224,Stanton,,165,56,4260000
421010167024003,1224,Stanton,,44,24,4260000
421010167024004,1224,Stanton,,59,26,4260000
421010167024005,1224,Stanton,,112,65,4260000
421010167024006,1224,Stanton,,95,57,4260000
421010167024007,1224,Stanton,,74,48,4260000
421010168001011,1224,Stanton,,50,24,4260000
421010168001012,1224,Stanton,,9,4,4260000
421010168001013,1224,Stanton,,35,8,4260000
421010168001014,1224,Stanton,,121,60,4260000
421010168003000,1224,Stanton,,72,24,4260000
421010168003001,1224,Stanton,,61,38,4260000
421010168003002,1224,Stanton,,48,29,4260000
421010168003003,1224,Stanton,,67,38,4260000
421010168003004,1224,Stanton,,204,93,4260000
421010168003005,1224,Stanton,,97,36,4260000
421010168003006,1224,Stanton,,48,30,4260000
421010168004000,1224,Stanton,,129,58,4260000
421010168004001,1224,Stanton,,61,31,4260000
421010168004002,1224,Stanton,,30,20,4260000
421010168004003,1224,Stanton,,87,53,4260000
421010168004004,1224,Stanton,,106,63,4260000
421010168004005,1224,Stanton,,91,58,4260000
421010168004006,1224,Stanton,,143,73,4260000
421010168006006,1224,Stanton,,33,23,4260000
421010168006007,1224,Stanton,,75,40,4260000
421010168006008,1224,Stanton,,9,5,4260000
421010168006009,1224,Stanton,,71,42,4260000
421010168006010,1224,Stanton,,91,41,4260000
421010168006011,1224,Stanton,,121,52,4260000
421010168006012,1224,Stanton,,106,44,4260000
421010168006013,1224,Stanton,,87,51,4260000
421010168006014,1224,Stanton,,96,57,4260000
421010168006015,1224,Stanton,,22,13,4260000
421010168006017,1224,Stanton,,108,59,4260000
421010173002047,1224,Stanton,,120,46,4260000
421010173002048,1224,Stanton,,0,0,4260000
421010173002051,1224,Stanton,,40,24,4260000
421010173002052,1224,Stanton,,81,37,4260000
421010173002053,1224,Stanton,,58,27,4260000
421010173002054,1224,Stanton,,109,55,4260000
421010173002055,1224,Stanton,,0,0,4260000
421010137001000,1225,Brewerytown,,107,49,4260000
421010137001001,1225,Brewerytown,,89,46,4260000
421010137001002,1225,Brewerytown,,106,50,4260000
421010137001003,1225,Brewerytown,,97,40,4260000
421010137001004,1225,Brewerytown,,30,14,4260000
421010137001005,1225,Brewerytown,,35,21,4260000
421010137001006,1225,Brewerytown,,48,18,4260000
421010137001007,1225,Brewerytown,,72,31,4260000
421010137001008,1225,Brewerytown,,79,37,4260000
421010137001009,1225,Brewerytown,,73,30,4260000
421010137002000,1225,Brewerytown,,67,48,4260000
421010137002001,1225,Brewerytown,,33,24,4260000
421010137002002,1225,Brewerytown,,140,63,4260000
421010137002003,1225,Brewerytown,,182,29,4260000
421010137002004,1225,Brewerytown,,33,18,4260000
421010137002005,1225,Brewerytown,,49,25,4260000
421010137002006,1225,Brewerytown,,12,7,4260000
421010137002007,1225,Brewerytown,,7,6,4260000
421010137002008,1225,Brewerytown,,52,28,4260000
421010137002009,1225,Brewerytown,,92,33,4260000
421010137002010,1225,Brewerytown,,66,22,4260000
421010137002011,1225,Brewerytown,,4,3,4260000
421010137002012,1225,Brewerytown,,28,11,4260000
421010137002013,1225,Brewerytown,,61,27,4260000
421010137002014,1225,Brewerytown,,21,22,4260000
421010137002015,1225,Brewerytown,,12,7,4260000
421010137002016,1225,Brewerytown,,0,0,4260000
421010137002017,1225,Brewerytown,,5,3,4260000
421010137002018,1225,Brewerytown,,39,27,4260000
421010137003000,1225,Brewerytown,,120,56,4260000
421010137003001,1225,Brewerytown,,128,65,4260000
421010137003002,1225,Brewerytown,,128,59,4260000
421010137003003,1225,Brewerytown,,99,51,4260000
421010137003004,1225,Brewerytown,,127,58,4260000
421010137003005,1225,Brewerytown,,66,39,4260000
421010137003006,1225,Brewerytown,,58,38,4260000
421010137003007,1225,Brewerytown,,119,63,4260000
421010137003008,1225,Brewerytown,,117,54,4260000
421010137003009,1225,Brewerytown,,89,56,4260000
421010137004000,1225,Brewerytown,,82,60,4260000
421010137004001,1225,Brewerytown,,32,22,4260000
421010137004002,1225,Brewerytown,,110,48,4260000
421010137005000,1225,Brewerytown,,104,50,4260000
421010137005001,1225,Brewerytown,,0,0,4260000
421010137005004,1225,Brewerytown,,47,24,4260000
421010137005005,1225,Brewerytown,,66,30,4260000
421010137005006,1225,Brewerytown,,0,0,4260000
421010137005007,1225,Brewerytown,,1,1,4260000
421010137005008,1225,Brewerytown,,0,0,4260000
421010137005010,1225,Brewerytown,,151,81,4260000
421010137005011,1225,Brewerytown,,128,63,4260000
421010137005012,1225,Brewerytown,,0,0,4260000
421010137005013,1225,Brewerytown,,17,6,4260000
421010137005014,1225,Brewerytown,,51,41,4260000
421010137005015,1225,Brewerytown,,98,62,4260000
421010137005016,1225,Brewerytown,,53,32,4260000
421010137005017,1225,Brewerytown,,71,30,4260000
421010137005019,1225,Brewerytown,,79,45,4260000
421010137005020,1225,Brewerytown,,72,43,4260000
421010138001001,1225,Brewerytown,,28,21,4260000
421010138001002,1225,Brewerytown,,60,17,4260000
421010138001003,1225,Brewerytown,,72,35,4260000
421010138001004,1225,Brewerytown,,51,25,4260000
421010138001005,1225,Brewerytown,,0,0,4260000
421010138001006,1225,Brewerytown,,0,0,4260000
421010138001012,1225,Brewerytown,,93,34,4260000
421010138002002,1225,Brewerytown,,29,16,4260000
421010138002003,1225,Brewerytown,,36,20,4260000
421010138002004,1225,Brewerytown,,42,27,4260000
421010138002005,1225,Brewerytown,,56,40,4260000
421010138002007,1225,Brewerytown,,44,29,4260000
421010138002008,1225,Brewerytown,,43,21,4260000
421010138002009,1225,Brewerytown,,49,26,4260000
421010138002010,1225,Brewerytown,,51,28,4260000
421010138002011,1225,Brewerytown,,58,22,4260000
421010138002012,1225,Brewerytown,,47,21,4260000
421010138002015,1225,Brewerytown,,8,8,4260000
421010138002016,1225,Brewerytown,,19,15,4260000
421010138002017,1225,Brewerytown,,57,27,4260000
421010138002020,1225,Brewerytown,,37,30,4260000
421010138002021,1225,Brewerytown,,15,13,4260000
421010138002022,1225,Brewerytown,,19,14,4260000
421010138002023,1225,Brewerytown,,28,27,4260000
421010149002000,1225,Brewerytown,,119,62,4260000
421010149002001,1225,Brewerytown,,91,61,4260000
421010149002002,1225,Brewerytown,,119,65,4260000
421010149002003,1225,Brewerytown,,71,37,4260000
421010149002004,1225,Brewerytown,,81,40,4260000
421010149002005,1225,Brewerytown,,67,31,4260000
421010149003000,1225,Brewerytown,,89,55,4260000
421010149003001,1225,Brewerytown,,101,57,4260000
421010149003002,1225,Brewerytown,,137,67,4260000
421010149003003,1225,Brewerytown,,90,37,4260000
421010149003004,1225,Brewerytown,,46,26,4260000
421010149003005,1225,Brewerytown,,39,26,4260000
421010149003006,1225,Brewerytown,,24,16,4260000
421010149003007,1225,Brewerytown,,103,48,4260000
421010149003008,1225,Brewerytown,,0,0,4260000
421010149003009,1225,Brewerytown,,68,43,4260000
421010149004000,1225,Brewerytown,,177,67,4260000
421010149004001,1225,Brewerytown,,123,65,4260000
421010149004002,1225,Brewerytown,,125,66,4260000
421010149004003,1225,Brewerytown,,134,63,4260000
421010149004004,1225,Brewerytown,,113,48,4260000
421010149004005,1225,Brewerytown,,126,63,4260000
421010149005000,1225,Brewerytown,,74,40,4260000
421010149005001,1225,Brewerytown,,67,31,4260000
421010149005002,1225,Brewerytown,,111,53,4260000
421010149005003,1225,Brewerytown,,123,82,4260000
421010149005004,1225,Brewerytown,,32,0,4260000
421010149005005,1225,Brewerytown,,120,52,4260000
421010149005006,1225,Brewerytown,,113,48,4260000
421010151021013,1225,Brewerytown,,13,13,4260000
421010151021014,1225,Brewerytown,,321,174,4260000
421010151021015,1225,Brewerytown,,0,0,4260000
421010151021016,1225,Brewerytown,,71,30,4260000
421010151021017,1225,Brewerytown,,2,2,4260000
421010151021018,1225,Brewerytown,,69,29,4260000
421010151021019,1225,Brewerytown,,4,2,4260000
421010151021020,1225,Brewerytown,,32,32,4260000
421010151021021,1225,Brewerytown,,123,52,4260000
421010151021022,1225,Brewerytown,,143,68,4260000
421010151021023,1225,Brewerytown,,251,142,4260000
421010151021024,1225,Brewerytown,,57,33,4260000
421010151021025,1225,Brewerytown,,46,32,4260000
421010151021026,1225,Brewerytown,,143,67,4260000
421010151021027,1225,Brewerytown,,47,24,4260000
421010151022014,1225,Brewerytown,,80,38,4260000
421010151022015,1225,Brewerytown,,28,11,4260000
421010151022016,1225,Brewerytown,,68,49,4260000
421010151022017,1225,Brewerytown,,32,28,4260000
421010151022018,1225,Brewerytown,,106,48,4260000
421010151022019,1225,Brewerytown,,108,56,4260000
421010151022020,1225,Brewerytown,,70,34,4260000
421010138001000,1226,Sharswood,,25,25,4260000
421010138001007,1226,Sharswood,,39,24,4260000
421010138001008,1226,Sharswood,,27,14,4260000
421010138001009,1226,Sharswood,,5,4,4260000
421010138001010,1226,Sharswood,,22,9,4260000
421010138001011,1226,Sharswood,,46,26,4260000
421010138001013,1226,Sharswood,,0,0,4260000
421010138001014,1226,Sharswood,,24,12,4260000
421010138001015,1226,Sharswood,,50,17,4260000
421010138001016,1226,Sharswood,,65,34,4260000
421010138001017,1226,Sharswood,,53,38,4260000
421010138001018,1226,Sharswood,,14,11,4260000
421010138002000,1226,Sharswood,,0,0,4260000
421010138002001,1226,Sharswood,,46,14,4260000
421010138002006,1226,Sharswood,,32,30,4260000
421010138002013,1226,Sharswood,,43,18,4260000
421010138002014,1226,Sharswood,,45,30,4260000
421010138002018,1226,Sharswood,,106,43,4260000
421010138002019,1226,Sharswood,,13,9,4260000
421010138002028,1226,Sharswood,,60,20,4260000
421010138002029,1226,Sharswood,,146,55,4260000
421010138002030,1226,Sharswood,,79,29,4260000
421010139001000,1226,Sharswood,,571,175,4260000
421010139001001,1226,Sharswood,,183,44,4260000
421010139001002,1226,Sharswood,,62,53,4260000
421010139001003,1226,Sharswood,,14,4,4260000
421010139001004,1226,Sharswood,,443,148,4260000
421010139001005,1226,Sharswood,,84,75,4260000
421010139001006,1226,Sharswood,,0,0,4260000
421010139001007,1226,Sharswood,,11,5,4260000
421010139001008,1226,Sharswood,,54,21,4260000
421010139001009,1226,Sharswood,,42,16,4260000
421010139001010,1226,Sharswood,,57,21,4260000
421010139002005,1226,Sharswood,,6,7,4260000
421010139002006,1226,Sharswood,,4,2,4260000
421010139002007,1226,Sharswood,,0,0,4260000
421010139002012,1226,Sharswood,,4,7,4260000
421010139002013,1226,Sharswood,,0,0,4260000
421010139002014,1226,Sharswood,,63,21,4260000
421010139002015,1226,Sharswood,,60,20,4260000
421010139002016,1226,Sharswood,,49,19,4260000
421010139002017,1226,Sharswood,,14,4,4260000
421010139002018,1226,Sharswood,,37,28,4260000
421010139002019,1226,Sharswood,,14,4,4260000
421010139002020,1226,Sharswood,,34,30,4260000
421010139002021,1226,Sharswood,,45,29,4260000
421010139002023,1226,Sharswood,,87,30,4260000
421010139002024,1226,Sharswood,,44,25,4260000
421010139002025,1226,Sharswood,,33,22,4260000
421010139002026,1226,Sharswood,,33,32,4260000
421010139002027,1226,Sharswood,,60,62,4260000
421010139002028,1226,Sharswood,,36,22,4260000
421010139002035,1226,Sharswood,,24,12,4260000
421010139003000,1226,Sharswood,,57,4,4260000
421010139002000,1227,North Central,,91,32,4260000
421010139002001,1227,North Central,,31,14,4260000
421010139002002,1227,North Central,,64,26,4260000
421010139002003,1227,North Central,,45,18,4260000
421010139002004,1227,North Central,,1,1,4260000
421010139002008,1227,North Central,,1,1,4260000
421010139002009,1227,North Central,,1,1,4260000
421010139002010,1227,North Central,,0,0,4260000
421010139002011,1227,North Central,,1,2,4260000
421010139002022,1227,North Central,,61,58,4260000
421010139002029,1227,North Central,,4,4,4260000
421010139002030,1227,North Central,,0,0,4260000
421010139002031,1227,North Central,,36,10,4260000
421010139002032,1227,North Central,,27,11,4260000
421010139002033,1227,North Central,,28,19,4260000
421010139002034,1227,North Central,,3,2,4260000
421010140001000,1227,North Central,,13,5,4260000
421010140001001,1227,North Central,,23,14,4260000
421010140001002,1227,North Central,,28,14,4260000
421010140001003,1227,North Central,,30,10,4260000
421010140001004,1227,North Central,,34,26,4260000
421010140001005,1227,North Central,,45,32,4260000
421010140001006,1227,North Central,,23,17,4260000
421010140001007,1227,North Central,,18,8,4260000
421010140001008,1227,North Central,,86,31,4260000
421010140001009,1227,North Central,,67,27,4260000
421010140001010,1227,North Central,,33,3,4260000
421010140001011,1227,North Central,,0,0,4260000
421010140001015,1227,North Central,,17,4,4260000
421010140001016,1227,North Central,,0,0,4260000
421010140001017,1227,North Central,,28,11,4260000
421010140001018,1227,North Central,,19,8,4260000
421010140001019,1227,North Central,,60,23,4260000
421010140001020,1227,North Central,,2,3,4260000
421010140001024,1227,North Central,,46,32,4260000
421010140001025,1227,North Central,,84,51,4260000
421010140001026,1227,North Central,,27,30,4260000
421010140002000,1227,North Central,,107,47,4260000
421010140002001,1227,North Central,,64,29,4260000
421010140002002,1227,North Central,,105,42,4260000
421010140002003,1227,North Central,,126,47,4260000
421010140002004,1227,North Central,,25,18,4260000
421010140002005,1227,North Central,,25,27,4260000
421010140002006,1227,North Central,,0,0,4260000
421010140002007,1227,North Central,,3,3,4260000
421010140002008,1227,North Central,,26,18,4260000
421010140002009,1227,North Central,,66,29,4260000
421010140002010,1227,North Central,,35,18,4260000
421010140002011,1227,North Central,,13,14,4260000
421010140002012,1227,North Central,,52,17,4260000
421010140003000,1227,North Central,,53,6,4260000
421010140003001,1227,North Central,,84,61,4260000
421010140003002,1227,North Central,,134,39,4260000
421010140003003,1227,North Central,,148,83,4260000
421010140003004,1227,North Central,,41,26,4260000
421010140003005,1227,North Central,,98,50,4260000
421010140003006,1227,North Central,,1,1,4260000
421010140003007,1227,North Central,,276,252,4260000
421010140003008,1227,North Central,,17,5,4260000
421010140003009,1227,North Central,,14,6,4260000
421010140003010,1227,North Central,,48,23,4260000
421010140003011,1227,North Central,,56,28,4260000
421010140003012,1227,North Central,,7,2,4260000
421010140003013,1227,North Central,,46,20,4260000
421010147001000,1227,North Central,,104,47,4260000
421010147001001,1227,North Central,,64,34,4260000
421010147001002,1227,North Central,,103,50,4260000
421010147001003,1227,North Central,,69,33,4260000
421010147001004,1227,North Central,,0,0,4260000
421010147001005,1227,North Central,,112,37,4260000
421010147001006,1227,North Central,,123,49,4260000
421010147001007,1227,North Central,,215,75,4260000
421010147001008,1227,North Central,,152,42,4260000
421010147001009,1227,North Central,,184,88,4260000
421010147002000,1227,North Central,,0,0,4260000
421010147002001,1227,North Central,,0,0,4260000
421010147002002,1227,North Central,,213,104,4260000
421010147002003,1227,North Central,,160,83,4260000
421010147002004,1227,North Central,,79,28,4260000
421010147002005,1227,North Central,,22,10,4260000
421010147002006,1227,North Central,,117,38,4260000
421010147002007,1227,North Central,,100,43,4260000
421010147002008,1227,North Central,,50,23,4260000
421010147002009,1227,North Central,,318,114,4260000
421010147002010,1227,North Central,,57,19,4260000
421010147002011,1227,North Central,,59,52,4260000
421010147002012,1227,North Central,,12,11,4260000
421010147002013,1227,North Central,,114,73,4260000
421010147002014,1227,North Central,,346,74,4260000
421010147002015,1227,North Central,,19,9,4260000
421010147002016,1227,North Central,,1135,14,4260000
421010147002017,1227,North Central,,0,0,4260000
421010147002018,1227,North Central,,12,20,4260000
421010148001000,1227,North Central,,38,17,4260000
421010148001001,1227,North Central,,31,16,4260000
421010148001002,1227,North Central,,134,43,4260000
421010148001003,1227,North Central,,79,31,4260000
421010148001004,1227,North Central,,96,41,4260000
421010148001005,1227,North Central,,0,0,4260000
421010148001006,1227,North Central,,20,18,4260000
421010148001007,1227,North Central,,139,126,4260000
421010148001008,1227,North Central,,8,7,4260000
421010148001009,1227,North Central,,25,19,4260000
421010148001010,1227,North Central,,44,25,4260000
421010148001011,1227,North Central,,3,3,4260000
421010148001012,1227,North Central,,2,2,4260000
421010148001013,1227,North Central,,1,6,4260000
421010148001014,1227,North Central,,7,8,4260000
421010148001015,1227,North Central,,14,11,4260000
421010148001016,1227,North Central,,19,6,4260000
421010148001017,1227,North Central,,79,43,4260000
421010148001018,1227,North Central,,1,3,4260000
421010148001019,1227,North Central,,45,21,4260000
421010149001000,1227,North Central,,26,17,4260000
421010149001001,1227,North Central,,41,19,4260000
421010149001002,1227,North Central,,7,6,4260000
421010149001003,1227,North Central,,57,33,4260000
421010149001004,1227,North Central,,14,8,4260000
421010149001005,1227,North Central,,4,10,4260000
421010149001006,1227,North Central,,83,38,4260000
421010149001007,1227,North Central,,64,28,4260000
421010149001008,1227,North Central,,70,46,4260000
421010149001009,1227,North Central,,81,49,4260000
421010149001010,1227,North Central,,81,42,4260000
421010149001011,1227,North Central,,95,38,4260000
421010149001012,1227,North Central,,73,25,4260000
421010152001003,1227,North Central,,121,37,4260000
421010152001004,1227,North Central,,94,40,4260000
421010152001005,1227,North Central,,76,44,4260000
421010152001006,1227,North Central,,58,32,4260000
421010152002018,1227,North Central,,60,18,4260000
421010152002019,1227,North Central,,93,28,4260000
421010152002020,1227,North Central,,60,27,4260000
421010152002021,1227,North Central,,35,13,4260000
421010152002022,1227,North Central,,64,15,4260000
421010152002026,1227,North Central,,15,12,4260000
421010152002027,1227,North Central,,29,16,4260000
421010152002028,1227,North Central,,11,7,4260000
421010152003000,1227,North Central,,284,76,4260000
421010152003001,1227,North Central,,270,73,4260000
421010152003002,1227,North Central,,61,28,4260000
421010152003003,1227,North Central,,270,85,4260000
421010152003004,1227,North Central,,84,39,4260000
421010152003005,1227,North Central,,103,53,4260000
421010152003006,1227,North Central,,43,23,4260000
421010152003007,1227,North Central,,30,13,4260000
421010152003008,1227,North Central,,39,24,4260000
421010152004000,1227,North Central,,44,25,4260000
421010152004001,1227,North Central,,2,5,4260000
421010152004002,1227,North Central,,68,3,4260000
421010152004003,1227,North Central,,137,37,4260000
421010152004004,1227,North Central,,96,40,4260000
421010152004005,1227,North Central,,0,0,4260000
421010152004006,1227,North Central,,117,53,4260000
421010152004007,1227,North Central,,56,28,4260000
421010152004008,1227,North Central,,57,28,4260000
421010152004009,1227,North Central,,51,18,4260000
421010152004010,1227,North Central,,138,57,4260000
421010152004011,1227,North Central,,62,53,4260000
421010152004012,1227,North Central,,55,49,4260000
421010152004013,1227,North Central,,52,25,4260000
421010152004014,1227,North Central,,69,25,4260000
421010152004015,1227,North Central,,167,65,4260000
421010152004016,1227,North Central,,157,60,4260000
421010152004017,1227,North Central,,57,29,4260000
421010152004018,1227,North Central,,31,11,4260000
421010152004019,1227,North Central,,59,20,4260000
421010152004020,1227,North Central,,38,24,4260000
421010152005000,1227,North Central,,151,73,4260000
421010152005001,1227,North Central,,89,35,4260000
421010152005002,1227,North Central,,92,41,4260000
421010152005003,1227,North Central,,38,27,4260000
421010152005004,1227,North Central,,67,38,4260000
421010152005005,1227,North Central,,88,57,4260000
421010152005006,1227,North Central,,0,0,4260000
421010153001002,1227,North Central,,233,87,4260000
421010153001003,1227,North Central,,199,57,4260000
421010153001004,1227,North Central,,182,94,4260000
421010153002000,1227,North Central,,147,56,4260000
421010153002001,1227,North Central,,93,34,4260000
421010153002002,1227,North Central,,154,66,4260000
421010153002003,1227,North Central,,54,17,4260000
421010153002004,1227,North Central,,89,26,4260000
421010153002005,1227,North Central,,117,37,4260000
421010153002006,1227,North Central,,136,62,4260000
421010153002007,1227,North Central,,87,29,4260000
421010153002008,1227,North Central,,75,25,4260000
421010153004000,1227,North Central,,84,31,4260000
421010153004001,1227,North Central,,100,47,4260000
421010153004002,1227,North Central,,46,23,4260000
421010153004003,1227,North Central,,68,37,4260000
421010153004004,1227,North Central,,55,31,4260000
421010153004005,1227,North Central,,81,45,4260000
421010153004006,1227,North Central,,53,22,4260000
421010153004007,1227,North Central,,55,20,4260000
421010153004008,1227,North Central,,138,48,4260000
421010153004009,1227,North Central,,173,59,4260000
421010153004010,1227,North Central,,200,55,4260000
421010153004011,1227,North Central,,107,45,4260000
421010153004012,1227,North Central,,76,29,4260000
421010153004013,1227,North Central,,0,0,4260000
421010153004014,1227,North Central,,0,0,4260000
421010153004015,1227,North Central,,142,41,4260000
421010153004016,1227,North Central,,175,67,4260000
421010153004017,1227,North Central,,180,65,4260000
421010153004018,1227,North Central,,41,18,4260000
421010141001006,1228,Yorktown,,0,0,4260000
421010141001007,1228,Yorktown,,133,53,4260000
421010141001013,1228,Yorktown,,0,0,4260000
421010141001014,1228,Yorktown,,88,31,4260000
421010141001015,1228,Yorktown,,0,0,4260000
421010141002000,1228,Yorktown,,122,62,4260000
421010141002001,1228,Yorktown,,43,15,4260000
421010141002002,1228,Yorktown,,70,30,4260000
421010141002003,1228,Yorktown,,78,35,4260000
421010141002004,1228,Yorktown,,58,27,4260000
421010141002005,1228,Yorktown,,0,0,4260000
421010141002006,1228,Yorktown,,0,0,4260000
421010141002010,1228,Yorktown,,0,0,4260000
421010141002011,1228,Yorktown,,143,70,4260000
421010141002012,1228,Yorktown,,19,10,4260000
421010145001005,1228,Yorktown,,0,0,4260000
421010145001006,1228,Yorktown,,738,1,4260000
421010145001007,1228,Yorktown,,0,0,4260000
421010145001011,1228,Yorktown,,0,0,4260000
421010145001012,1228,Yorktown,,54,23,4260000
421010145001013,1228,Yorktown,,0,0,4260000
421010145001017,1228,Yorktown,,4,6,4260000
421010145001018,1228,Yorktown,,70,53,4260000
421010146001000,1228,Yorktown,,0,0,4260000
421010146001001,1228,Yorktown,,0,0,4260000
421010146001002,1228,Yorktown,,0,0,4260000
421010146001003,1228,Yorktown,,0,0,4260000
421010146001004,1228,Yorktown,,0,0,4260000
421010146001005,1228,Yorktown,,0,0,4260000
421010146001006,1228,Yorktown,,0,0,4260000
421010146001007,1228,Yorktown,,1624,257,4260000
421010146001008,1228,Yorktown,,682,18,4260000
421010146001009,1228,Yorktown,,0,0,4260000
421010146001010,1228,Yorktown,,0,0,4260000
421010146001011,1228,Yorktown,,91,46,4260000
421010146001012,1228,Yorktown,,59,24,4260000
421010146001013,1228,Yorktown,,62,22,4260000
421010146001014,1228,Yorktown,,91,38,4260000
421010146001015,1228,Yorktown,,91,37,4260000
421010146001016,1228,Yorktown,,84,36,4260000
421010146001017,1228,Yorktown,,80,36,4260000
421010146001018,1228,Yorktown,,132,93,4260000
421010146002000,1228,Yorktown,,100,48,4260000
421010146002001,1228,Yorktown,,75,36,4260000
421010146002002,1228,Yorktown,,45,22,4260000
421010146002003,1228,Yorktown,,101,43,4260000
421010146002004,1228,Yorktown,,99,37,4260000
421010146002005,1228,Yorktown,,82,38,4260000
421010146002006,1228,Yorktown,,98,59,4260000
421010146003000,1228,Yorktown,,47,19,4260000
421010146003001,1228,Yorktown,,84,35,4260000
421010146003002,1228,Yorktown,,77,34,4260000
421010146003003,1228,Yorktown,,75,33,4260000
421010146003004,1228,Yorktown,,69,35,4260000
421010146003005,1228,Yorktown,,341,146,4260000
421010141001000,1229,Ludlow,,79,43,4260000
421010141001001,1229,Ludlow,,52,29,4260000
421010141001002,1229,Ludlow,,53,10,4260000
421010141001003,1229,Ludlow,,37,21,4260000
421010141001004,1229,Ludlow,,3,2,4260000
421010141001005,1229,Ludlow,,0,0,4260000
421010141001008,1229,Ludlow,,5,5,4260000
421010141001009,1229,Ludlow,,69,53,4260000
421010141001010,1229,Ludlow,,164,0,4260000
421010141001011,1229,Ludlow,,0,0,4260000
421010141001012,1229,Ludlow,,0,0,4260000
421010141001028,1229,Ludlow,,0,11,4260000
421010145001000,1229,Ludlow,,103,37,4260000
421010145001001,1229,Ludlow,,87,26,4260000
421010145001002,1229,Ludlow,,81,25,4260000
421010145001003,1229,Ludlow,,0,0,4260000
421010145001004,1229,Ludlow,,0,0,4260000
421010145001008,1229,Ludlow,,44,14,4260000
421010145001009,1229,Ludlow,,48,16,4260000
421010145001010,1229,Ludlow,,128,126,4260000
421010145001014,1229,Ludlow,,66,27,4260000
421010145001015,1229,Ludlow,,128,39,4260000
421010145001016,1229,Ludlow,,140,49,4260000
421010145002000,1229,Ludlow,,101,32,4260000
421010145002001,1229,Ludlow,,98,32,4260000
421010145002002,1229,Ludlow,,76,29,4260000
421010145002003,1229,Ludlow,,30,11,4260000
421010145002004,1229,Ludlow,,15,16,4260000
421010145002005,1229,Ludlow,,29,16,4260000
421010145002006,1229,Ludlow,,47,16,4260000
421010145002007,1229,Ludlow,,0,0,4260000
421010145002008,1229,Ludlow,,40,14,4260000
421010145002009,1229,Ludlow,,47,12,4260000
421010145002010,1229,Ludlow,,71,33,4260000
421010145002011,1229,Ludlow,,136,36,4260000
421010145002012,1229,Ludlow,,83,24,4260000
421010162002011,1230,Hartranft,,16,8,4260000
421010162002012,1230,Hartranft,,50,26,4260000
421010162002013,1230,Hartranft,,0,0,4260000
421010164001005,1230,Hartranft,,71,25,4260000
421010164001006,1230,Hartranft,,50,15,4260000
421010164001007,1230,Hartranft,,148,53,4260000
421010164003000,1230,Hartranft,,176,64,4260000
421010164003001,1230,Hartranft,,148,56,4260000
421010164003002,1230,Hartranft,,188,63,4260000
421010164003003,1230,Hartranft,,56,30,4260000
421010164003004,1230,Hartranft,,107,39,4260000
421010164003005,1230,Hartranft,,139,46,4260000
421010164003006,1230,Hartranft,,22,12,4260000
421010164003007,1230,Hartranft,,177,57,4260000
421010164003008,1230,Hartranft,,109,37,4260000
421010164003009,1230,Hartranft,,172,54,4260000
421010164003010,1230,Hartranft,,101,40,4260000
421010164003011,1230,Hartranft,,64,29,4260000
421010164003012,1230,Hartranft,,38,10,4260000
421010164003013,1230,Hartranft,,0,0,4260000
421010164003014,1230,Hartranft,,76,25,4260000
421010164004003,1230,Hartranft,,13,5,4260000
421010164004004,1230,Hartranft,,78,23,4260000
421010164004005,1230,Hartranft,,55,18,4260000
421010164004006,1230,Hartranft,,19,6,4260000
421010164004007,1230,Hartranft,,0,0,4260000
421010164004008,1230,Hartranft,,0,0,4260000
421010164004009,1230,Hartranft,,0,0,4260000
421010164004010,1230,Hartranft,,23,9,4260000
421010164004011,1230,Hartranft,,89,45,4260000
421010164004012,1230,Hartranft,,76,54,4260000
421010164004013,1230,Hartranft,,0,0,4260000
421010165001000,1230,Hartranft,,54,27,4260000
421010165001001,1230,Hartranft,,54,25,4260000
421010165001002,1230,Hartranft,,59,31,4260000
421010165001003,1230,Hartranft,,43,36,4260000
421010165001004,1230,Hartranft,,75,44,4260000
421010165001005,1230,Hartranft,,52,20,4260000
421010165001006,1230,Hartranft,,99,43,4260000
421010165001007,1230,Hartranft,,93,38,4260000
421010165002000,1230,Hartranft,,96,48,4260000
421010165002001,1230,Hartranft,,111,58,4260000
421010165002002,1230,Hartranft,,113,53,4260000
421010165002003,1230,Hartranft,,65,31,4260000
421010165002004,1230,Hartranft,,1,2,4260000
421010165002005,1230,Hartranft,,87,39,4260000
421010165002006,1230,Hartranft,,94,40,4260000
421010165002007,1230,Hartranft,,48,25,4260000
421010165002008,1230,Hartranft,,0,0,4260000
421010165002009,1230,Hartranft,,0,0,4260000
421010165003000,1230,Hartranft,,3,1,4260000
421010165003001,1230,Hartranft,,15,8,4260000
421010165003002,1230,Hartranft,,33,11,4260000
421010165003003,1230,Hartranft,,17,10,4260000
421010165003004,1230,Hartranft,,57,28,4260000
421010165003005,1230,Hartranft,,790,263,4260000
421010165003006,1230,Hartranft,,23,9,4260000
421010165003007,1230,Hartranft,,0,0,4260000
421010165003008,1230,Hartranft,,47,19,4260000
421010165003009,1230,Hartranft,,22,18,4260000
421010165003010,1230,Hartranft,,6,3,4260000
421010165003011,1230,Hartranft,,2,3,4260000
421010165003012,1230,Hartranft,,6,4,4260000
421010165003013,1230,Hartranft,,59,21,4260000
421010165003014,1230,Hartranft,,44,20,4260000
421010165003015,1230,Hartranft,,0,0,4260000
421010165003016,1230,Hartranft,,0,0,4260000
421010165003017,1230,Hartranft,,53,23,4260000
421010165003018,1230,Hartranft,,45,24,4260000
421010165003019,1230,Hartranft,,63,26,4260000
421010165003020,1230,Hartranft,,27,15,4260000
421010165003021,1230,Hartranft,,43,20,4260000
421010165003022,1230,Hartranft,,51,35,4260000
421010165003023,1230,Hartranft,,0,0,4260000
421010165003024,1230,Hartranft,,111,52,4260000
421010165003025,1230,Hartranft,,0,0,4260000
421010165003026,1230,Hartranft,,26,15,4260000
421010165003027,1230,Hartranft,,37,17,4260000
421010165003028,1230,Hartranft,,0,0,4260000
421010165003029,1230,Hartranft,,32,12,4260000
421010165003030,1230,Hartranft,,2,1,4260000
421010165003031,1230,Hartranft,,0,0,4260000
421010166001000,1230,Hartranft,,0,0,4260000
421010166001001,1230,Hartranft,,282,69,4260000
421010166001002,1230,Hartranft,,152,61,4260000
421010166001003,1230,Hartranft,,34,12,4260000
421010166001004,1230,Hartranft,,26,13,4260000
421010166001005,1230,Hartranft,,0,0,4260000
421010166001006,1230,Hartranft,,69,34,4260000
421010166001007,1230,Hartranft,,112,45,4260000
421010166001008,1230,Hartranft,,53,30,4260000
421010166001009,1230,Hartranft,,107,46,4260000
421010166001010,1230,Hartranft,,148,61,4260000
421010166001011,1230,Hartranft,,104,41,4260000
421010166001012,1230,Hartranft,,21,27,4260000
421010166001013,1230,Hartranft,,17,9,4260000
421010166001014,1230,Hartranft,,0,0,4260000
421010166001015,1230,Hartranft,,54,28,4260000
421010166001016,1230,Hartranft,,0,0,4260000
421010166001017,1230,Hartranft,,6,3,4260000
421010166002000,1230,Hartranft,,135,79,4260000
421010166002001,1230,Hartranft,,153,40,4260000
421010166002002,1230,Hartranft,,30,18,4260000
421010166002003,1230,Hartranft,,32,26,4260000
421010166002004,1230,Hartranft,,66,22,4260000
421010166002005,1230,Hartranft,,187,65,4260000
421010173002045,1230,Hartranft,,25,8,4260000
421010173002049,1230,Hartranft,,23,13,4260000
421010173002050,1230,Hartranft,,0,1,4260000
421010174001001,1230,Hartranft,,45,22,4260000
421010174001002,1230,Hartranft,,40,25,4260000
421010174001003,1230,Hartranft,,34,16,4260000
421010174001004,1230,Hartranft,,33,15,4260000
421010174001005,1230,Hartranft,,59,21,4260000
421010174001006,1230,Hartranft,,83,38,4260000
421010174001007,1230,Hartranft,,91,56,4260000
421010174001008,1230,Hartranft,,62,31,4260000
421010174001009,1230,Hartranft,,119,42,4260000
421010174001010,1230,Hartranft,,65,41,4260000
421010174001011,1230,Hartranft,,69,27,4260000
421010174001012,1230,Hartranft,,20,7,4260000
421010174001013,1230,Hartranft,,65,25,4260000
421010174001014,1230,Hartranft,,102,43,4260000
421010174001015,1230,Hartranft,,56,22,4260000
421010174001016,1230,Hartranft,,58,33,4260000
421010174001017,1230,Hartranft,,82,7,4260000
421010174001018,1230,Hartranft,,30,12,4260000
421010174001019,1230,Hartranft,,141,83,4260000
421010174002001,1230,Hartranft,,0,0,4260000
421010174002002,1230,Hartranft,,90,37,4260000
421010174002003,1230,Hartranft,,138,52,4260000
421010174002004,1230,Hartranft,,93,39,4260000
421010174002005,1230,Hartranft,,8,6,4260000
421010174002006,1230,Hartranft,,56,28,4260000
421010174002007,1230,Hartranft,,31,15,4260000
421010174002008,1230,Hartranft,,59,30,4260000
421010174002009,1230,Hartranft,,31,16,4260000
421010174002010,1230,Hartranft,,62,22,4260000
421010174002011,1230,Hartranft,,51,23,4260000
421010174002012,1230,Hartranft,,0,0,4260000
421010174002013,1230,Hartranft,,61,34,4260000
421010174002014,1230,Hartranft,,45,21,4260000
421010174002015,1230,Hartranft,,53,28,4260000
421010174002016,1230,Hartranft,,40,18,4260000
421010174002017,1230,Hartranft,,62,32,4260000
421010174002018,1230,Hartranft,,29,14,4260000
421010174002019,1230,Hartranft,,38,26,4260000
421010174002020,1230,Hartranft,,78,36,4260000
421010174002021,1230,Hartranft,,89,38,4260000
421010174002022,1230,Hartranft,,14,12,4260000
421010174002023,1230,Hartranft,,37,22,4260000
421010175001000,1230,Hartranft,,0,0,4260000
421010175001001,1230,Hartranft,,6,1,4260000
421010175001002,1230,Hartranft,,112,29,4260000
421010175001003,1230,Hartranft,,80,34,4260000
421010175001004,1230,Hartranft,,136,43,4260000
421010175001005,1230,Hartranft,,92,35,4260000
421010175001006,1230,Hartranft,,61,24,4260000
421010175001007,1230,Hartranft,,42,11,4260000
421010175001008,1230,Hartranft,,0,0,4260000
421010175001009,1230,Hartranft,,41,25,4260000
421010175001010,1230,Hartranft,,91,36,4260000
421010175001011,1230,Hartranft,,108,36,4260000
421010175001012,1230,Hartranft,,107,33,4260000
421010175001013,1230,Hartranft,,103,35,4260000
421010175001014,1230,Hartranft,,134,40,4260000
421010175001015,1230,Hartranft,,132,48,4260000
421010175001016,1230,Hartranft,,132,54,4260000
421010175001017,1230,Hartranft,,116,41,4260000
421010175001018,1230,Hartranft,,0,0,4260000
421010175001019,1230,Hartranft,,71,32,4260000
421010175001020,1230,Hartranft,,67,30,4260000
421010175003003,1230,Hartranft,,0,0,4260000
421010175003004,1230,Hartranft,,11,3,4260000
421010175003005,1230,Hartranft,,137,54,4260000
421010175003006,1230,Hartranft,,93,40,4260000
421010175003007,1230,Hartranft,,49,20,4260000
421010175003008,1230,Hartranft,,46,23,4260000
421010175003009,1230,Hartranft,,28,19,4260000
421010175003010,1230,Hartranft,,23,13,4260000
421010175003011,1230,Hartranft,,27,7,4260000
421010175003012,1230,Hartranft,,39,17,4260000
421010175004000,1230,Hartranft,,0,0,4260000
421010175004001,1230,Hartranft,,117,42,4260000
421010175004002,1230,Hartranft,,183,57,4260000
421010175004003,1230,Hartranft,,201,66,4260000
421010175004004,1230,Hartranft,,120,41,4260000
421010175004005,1230,Hartranft,,90,41,4260000
421010175004006,1230,Hartranft,,65,13,4260000
421010175004007,1230,Hartranft,,30,21,4260000
421010175004008,1230,Hartranft,,71,23,4260000
421010175005000,1230,Hartranft,,134,62,4260000
421010175005001,1230,Hartranft,,95,38,4260000
421010175005002,1230,Hartranft,,165,55,4260000
421010175005003,1230,Hartranft,,177,66,4260000
421010175005004,1230,Hartranft,,161,53,4260000
421010175005005,1230,Hartranft,,70,23,4260000
421010175005006,1230,Hartranft,,75,20,4260000
421010175005007,1230,Hartranft,,148,47,4260000
421010175005008,1230,Hartranft,,91,31,4260000
421010175005009,1230,Hartranft,,120,48,4260000
421010175005010,1230,Hartranft,,132,44,4260000
421010175005011,1230,Hartranft,,135,50,4260000
421010175006005,1230,Hartranft,,0,0,4260000
421010175006009,1230,Hartranft,,74,22,4260000
421010175006010,1230,Hartranft,,79,29,4260000
421010175006011,1230,Hartranft,,80,26,4260000
421010175006012,1230,Hartranft,,71,26,4260000
421010175006014,1230,Hartranft,,71,30,4260000
421010377001000,1230,Hartranft,,68,32,4260000
421010377001001,1230,Hartranft,,17,19,4260000
421010377001002,1230,Hartranft,,15,8,4260000
421010377001003,1230,Hartranft,,0,0,4260000
421010377001004,1230,Hartranft,,0,0,4260000
421010377001005,1230,Hartranft,,98,44,4260000
421010377001006,1230,Hartranft,,112,44,4260000
421010377001007,1230,Hartranft,,93,34,4260000
421010377001008,1230,Hartranft,,102,43,4260000
421010377001009,1230,Hartranft,,0,0,4260000
421010377001010,1230,Hartranft,,0,0,4260000
421010377001011,1230,Hartranft,,5,2,4260000
421010377001012,1230,Hartranft,,1366,72,4260000
421010377001013,1230,Hartranft,,0,0,4260000
421010377001014,1230,Hartranft,,0,0,4260000
421010377001015,1230,Hartranft,,0,0,4260000
421010377001016,1230,Hartranft,,0,0,4260000
421010377001017,1230,Hartranft,,156,59,4260000
421010377001018,1230,Hartranft,,0,0,4260000
421010377001019,1230,Hartranft,,0,0,4260000
421010377001020,1230,Hartranft,,0,0,4260000
421010377001021,1230,Hartranft,,473,0,4260000
421010377001022,1230,Hartranft,,0,0,4260000
421010377001023,1230,Hartranft,,0,0,4260000
421010377001024,1230,Hartranft,,0,0,4260000
421010377001025,1230,Hartranft,,0,0,4260000
421010377001026,1230,Hartranft,,0,0,4260000
421010377001027,1230,Hartranft,,6,2,4260000
421010377001028,1230,Hartranft,,29,14,4260000
421010377001029,1230,Hartranft,,0,0,4260000
421010377001030,1230,Hartranft,,0,0,4260000
421010377002000,1230,Hartranft,,10,1,4260000
421010377002001,1230,Hartranft,,54,24,4260000
421010377002002,1230,Hartranft,,110,38,4260000
421010377002003,1230,Hartranft,,5,1,4260000
421010377002004,1230,Hartranft,,238,71,4260000
421010377002005,1230,Hartranft,,173,61,4260000
421010377002006,1230,Hartranft,,60,22,4260000
421010377002007,1230,Hartranft,,60,29,4260000
421010377002008,1230,Hartranft,,76,30,4260000
421010377002009,1230,Hartranft,,85,28,4260000
421010377002010,1230,Hartranft,,20,14,4260000
421010377002011,1230,Hartranft,,24,14,4260000
421010377002012,1230,Hartranft,,0,0,4260000
421010377002013,1230,Hartranft,,0,0,4260000
421010377002014,1230,Hartranft,,0,0,4260000
421010377002015,1230,Hartranft,,16,4,4260000
421010377002016,1230,Hartranft,,495,178,4260000
421010377002017,1230,Hartranft,,0,0,4260000
421010377002018,1230,Hartranft,,0,0,4260000
421010377002019,1230,Hartranft,,0,0,4260000
421010377002020,1230,Hartranft,,477,225,4260000
421010377002021,1230,Hartranft,,0,0,4260000
421010377002022,1230,Hartranft,,217,60,4260000
421010377002023,1230,Hartranft,,108,26,4260000
421010377002024,1230,Hartranft,,0,0,4260000
421010377002025,1230,Hartranft,,0,0,4260000
421010377002026,1230,Hartranft,,0,0,4260000
421010377002027,1230,Hartranft,,0,0,4260000
421010377002028,1230,Hartranft,,27,9,4260000
421010377002029,1230,Hartranft,,69,26,4260000
421010377002030,1230,Hartranft,,31,6,4260000
421010377002031,1230,Hartranft,,93,31,4260000
421010377002032,1230,Hartranft,,35,17,4260000
421010377002033,1230,Hartranft,,70,20,4260000
421010377003000,1230,Hartranft,,104,42,4260000
421010377003001,1230,Hartranft,,62,23,4260000
421010377003002,1230,Hartranft,,53,15,4260000
421010377003003,1230,Hartranft,,90,40,4260000
421010377003004,1230,Hartranft,,14,7,4260000
421010377003005,1230,Hartranft,,219,71,4260000
421010023001000,1253,Passyunk Square,,173,72,4260000
421010023001001,1253,Passyunk Square,,123,64,4260000
421010023001002,1253,Passyunk Square,,171,80,4260000
421010023001003,1253,Passyunk Square,,58,35,4260000
421010023001004,1253,Passyunk Square,,123,73,4260000
421010023001005,1253,Passyunk Square,,0,0,4260000
421010023001006,1253,Passyunk Square,,0,0,4260000
421010023001007,1253,Passyunk Square,,78,38,4260000
421010023001008,1253,Passyunk Square,,122,59,4260000
421010023001009,1253,Passyunk Square,,141,64,4260000
421010023002000,1253,Passyunk Square,,43,28,4260000
421010023002001,1253,Passyunk Square,,119,46,4260000
421010023002002,1253,Passyunk Square,,60,36,4260000
421010023002003,1253,Passyunk Square,,93,46,4260000
421010023002004,1253,Passyunk Square,,152,63,4260000
421010023002005,1253,Passyunk Square,,0,0,4260000
421010023002006,1253,Passyunk Square,,177,87,4260000
421010023002007,1253,Passyunk Square,,47,33,4260000
421010023002008,1253,Passyunk Square,,43,25,4260000
421010023002009,1253,Passyunk Square,,140,67,4260000
421010023002010,1253,Passyunk Square,,75,43,4260000
421010023002011,1253,Passyunk Square,,105,54,4260000
421010023002012,1253,Passyunk Square,,4,2,4260000
421010023002013,1253,Passyunk Square,,0,0,4260000
421010023002014,1253,Passyunk Square,,105,51,4260000
421010023002015,1253,Passyunk Square,,134,79,4260000
421010023002016,1253,Passyunk Square,,65,32,4260000
421010023002017,1253,Passyunk Square,,93,47,4260000
421010023002018,1253,Passyunk Square,,143,71,4260000
421010023002019,1253,Passyunk Square,,68,39,4260000
421010023002020,1253,Passyunk Square,,27,14,4260000
421010024002004,1253,Passyunk Square,,172,54,4260000
421010024002005,1253,Passyunk Square,,119,55,4260000
421010024002006,1253,Passyunk Square,,66,37,4260000
421010024002007,1253,Passyunk Square,,0,0,4260000
421010024002008,1253,Passyunk Square,,81,41,4260000
421010024002009,1253,Passyunk Square,,85,32,4260000
421010024002010,1253,Passyunk Square,,109,53,4260000
421010024002014,1253,Passyunk Square,,154,65,4260000
421010024002015,1253,Passyunk Square,,56,27,4260000
421010024002016,1253,Passyunk Square,,0,0,4260000
421010024003016,1253,Passyunk Square,,99,51,4260000
421010024003017,1253,Passyunk Square,,63,30,4260000
421010024003018,1253,Passyunk Square,,27,12,4260000
421010024003019,1253,Passyunk Square,,83,36,4260000
421010024004006,1253,Passyunk Square,,117,55,4260000
421010024004007,1253,Passyunk Square,,40,15,4260000
421010024004008,1253,Passyunk Square,,94,60,4260000
421010024004009,1253,Passyunk Square,,44,26,4260000
421010024004010,1253,Passyunk Square,,1,1,4260000
421010024005013,1253,Passyunk Square,,167,72,4260000
421010024005014,1253,Passyunk Square,,0,0,4260000
421010024005015,1253,Passyunk Square,,0,0,4260000
421010024005016,1253,Passyunk Square,,0,0,4260000
421010024005017,1253,Passyunk Square,,121,60,4260000
421010024005018,1253,Passyunk Square,,63,30,4260000
421010028011002,1253,Passyunk Square,,88,29,4260000
421010028011003,1253,Passyunk Square,,106,50,4260000
421010028011004,1253,Passyunk Square,,72,32,4260000
421010028013001,1253,Passyunk Square,,131,61,4260000
421010028013002,1253,Passyunk Square,,17,7,4260000
421010028013003,1253,Passyunk Square,,127,57,4260000
421010028013006,1253,Passyunk Square,,136,52,4260000
421010028013008,1253,Passyunk Square,,163,62,4260000
421010028013009,1253,Passyunk Square,,134,58,4260000
421010028023000,1253,Passyunk Square,,152,65,4260000
421010028023001,1253,Passyunk Square,,120,54,4260000
421010028024000,1253,Passyunk Square,,65,34,4260000
421010028024001,1253,Passyunk Square,,58,31,4260000
421010028024002,1253,Passyunk Square,,113,46,4260000
421010028024003,1253,Passyunk Square,,96,53,4260000
421010028024004,1253,Passyunk Square,,0,0,4260000
421010028025000,1253,Passyunk Square,,153,56,4260000
421010028025001,1253,Passyunk Square,,129,42,4260000
421010028025002,1253,Passyunk Square,,40,19,4260000
421010028025003,1253,Passyunk Square,,130,61,4260000
421010028025004,1253,Passyunk Square,,133,58,4260000
421010028025005,1253,Passyunk Square,,141,64,4260000
421010028025006,1253,Passyunk Square,,127,51,4260000
421010028025007,1253,Passyunk Square,,0,0,4260000
421010028025008,1253,Passyunk Square,,52,21,4260000
421010028025009,1253,Passyunk Square,,137,59,4260000
421010028025010,1253,Passyunk Square,,133,54,4260000
421010028025011,1253,Passyunk Square,,57,20,4260000
421010028025012,1253,Passyunk Square,,82,44,4260000
421010028025013,1253,Passyunk Square,,115,57,4260000
421010029002000,1253,Passyunk Square,,95,66,4260000
421010029002001,1253,Passyunk Square,,107,58,4260000
421010029002002,1253,Passyunk Square,,55,34,4260000
421010029002003,1253,Passyunk Square,,79,67,4260000
421010029003000,1253,Passyunk Square,,107,48,4260000
421010029003001,1253,Passyunk Square,,74,39,4260000
421010029003002,1253,Passyunk Square,,67,34,4260000
421010029003003,1253,Passyunk Square,,32,19,4260000
421010029003004,1253,Passyunk Square,,0,0,4260000
421010029003005,1253,Passyunk Square,,0,0,4260000
421010029003006,1253,Passyunk Square,,117,43,4260000
421010029003007,1253,Passyunk Square,,55,34,4260000
421010029003008,1253,Passyunk Square,,115,73,4260000
421010029003011,1253,Passyunk Square,,66,45,4260000
421010029003012,1253,Passyunk Square,,57,29,4260000
421010029003013,1253,Passyunk Square,,102,54,4260000
421010029003014,1253,Passyunk Square,,117,52,4260000
421010029003015,1253,Passyunk Square,,69,37,4260000
421010029003016,1253,Passyunk Square,,57,34,4260000
421010029003017,1253,Passyunk Square,,42,25,4260000
421010029003018,1253,Passyunk Square,,96,50,4260000
421010029003019,1253,Passyunk Square,,99,53,4260000
421010029003020,1253,Passyunk Square,,74,45,4260000
421010029003021,1253,Passyunk Square,,31,21,4260000
421010029003022,1253,Passyunk Square,,111,52,4260000
421010029003023,1253,Passyunk Square,,120,72,4260000
421010029003024,1253,Passyunk Square,,192,102,4260000
421010029003025,1253,Passyunk Square,,115,59,4260000
421010029003026,1253,Passyunk Square,,64,40,4260000
421010156001000,1231,West Kensington,,11,4,4260000
421010156001001,1231,West Kensington,,68,27,4260000
421010156001002,1231,West Kensington,,94,26,4260000
421010156001003,1231,West Kensington,,14,7,4260000
421010156001004,1231,West Kensington,,0,0,4260000
421010156001005,1231,West Kensington,,0,0,4260000
421010156001006,1231,West Kensington,,0,0,4260000
421010156001007,1231,West Kensington,,43,12,4260000
421010156001008,1231,West Kensington,,2,1,4260000
421010156001009,1231,West Kensington,,89,36,4260000
421010156001010,1231,West Kensington,,0,0,4260000
421010156001014,1231,West Kensington,,86,22,4260000
421010156001016,1231,West Kensington,,0,0,4260000
421010156001017,1231,West Kensington,,0,0,4260000
421010156001018,1231,West Kensington,,0,0,4260000
421010156001022,1231,West Kensington,,140,84,4260000
421010156001023,1231,West Kensington,,0,0,4260000
421010156002000,1231,West Kensington,,118,46,4260000
421010156002001,1231,West Kensington,,81,32,4260000
421010156002002,1231,West Kensington,,74,29,4260000
421010156002003,1231,West Kensington,,59,22,4260000
421010156002004,1231,West Kensington,,45,15,4260000
421010156002005,1231,West Kensington,,28,11,4260000
421010156002006,1231,West Kensington,,28,9,4260000
421010156002007,1231,West Kensington,,19,7,4260000
421010156002008,1231,West Kensington,,0,0,4260000
421010156002009,1231,West Kensington,,13,3,4260000
421010156002010,1231,West Kensington,,55,18,4260000
421010156002011,1231,West Kensington,,31,10,4260000
421010156002012,1231,West Kensington,,11,3,4260000
421010156002013,1231,West Kensington,,44,23,4260000
421010156002014,1231,West Kensington,,19,5,4260000
421010156002015,1231,West Kensington,,44,31,4260000
421010156002016,1231,West Kensington,,31,10,4260000
421010156002017,1231,West Kensington,,32,14,4260000
421010156002018,1231,West Kensington,,20,10,4260000
421010156002019,1231,West Kensington,,0,0,4260000
421010156002020,1231,West Kensington,,0,0,4260000
421010156002021,1231,West Kensington,,44,26,4260000
421010156002022,1231,West Kensington,,2,2,4260000
421010156002023,1231,West Kensington,,17,8,4260000
421010156002024,1231,West Kensington,,91,26,4260000
421010157001000,1231,West Kensington,,16,9,4260000
421010157001001,1231,West Kensington,,69,33,4260000
421010157001002,1231,West Kensington,,15,8,4260000
421010157001003,1231,West Kensington,,26,15,4260000
421010157001004,1231,West Kensington,,108,44,4260000
421010157001005,1231,West Kensington,,104,32,4260000
421010157001006,1231,West Kensington,,38,15,4260000
421010157001007,1231,West Kensington,,11,7,4260000
421010157001008,1231,West Kensington,,0,0,4260000
421010157001009,1231,West Kensington,,0,0,4260000
421010157001010,1231,West Kensington,,31,21,4260000
421010157001011,1231,West Kensington,,44,27,4260000
421010157001012,1231,West Kensington,,82,35,4260000
421010157001013,1231,West Kensington,,112,54,4260000
421010157002000,1231,West Kensington,,99,37,4260000
421010157002001,1231,West Kensington,,203,75,4260000
421010157002002,1231,West Kensington,,94,45,4260000
421010157002003,1231,West Kensington,,115,66,4260000
421010157002004,1231,West Kensington,,51,15,4260000
421010157002005,1231,West Kensington,,26,16,4260000
421010157002006,1231,West Kensington,,129,48,4260000
421010157002007,1231,West Kensington,,123,37,4260000
421010157002008,1231,West Kensington,,102,35,4260000
421010157002009,1231,West Kensington,,48,26,4260000
421010157002010,1231,West Kensington,,51,21,4260000
421010157002011,1231,West Kensington,,71,35,4260000
421010157003001,1231,West Kensington,,17,8,4260000
421010157003002,1231,West Kensington,,47,14,4260000
421010157003003,1231,West Kensington,,0,0,4260000
421010157003004,1231,West Kensington,,17,7,4260000
421010157003005,1231,West Kensington,,17,8,4260000
421010157003006,1231,West Kensington,,194,50,4260000
421010157003007,1231,West Kensington,,86,35,4260000
421010157003008,1231,West Kensington,,8,6,4260000
421010157003009,1231,West Kensington,,0,0,4260000
421010157003010,1231,West Kensington,,0,0,4260000
421010157003011,1231,West Kensington,,45,13,4260000
421010157003012,1231,West Kensington,,0,0,4260000
421010157003013,1231,West Kensington,,0,0,4260000
421010157003014,1231,West Kensington,,0,0,4260000
421010157003015,1231,West Kensington,,35,27,4260000
421010157003016,1231,West Kensington,,0,0,4260000
421010157003017,1231,West Kensington,,50,20,4260000
421010157003025,1231,West Kensington,,19,8,4260000
421010157003026,1231,West Kensington,,0,0,4260000
421010162001000,1231,West Kensington,,1,1,4260000
421010162001001,1231,West Kensington,,100,44,4260000
421010162001002,1231,West Kensington,,117,40,4260000
421010162001003,1231,West Kensington,,30,7,4260000
421010162001004,1231,West Kensington,,80,34,4260000
421010162001005,1231,West Kensington,,77,23,4260000
421010162001006,1231,West Kensington,,33,18,4260000
421010162001007,1231,West Kensington,,104,47,4260000
421010162001008,1231,West Kensington,,0,0,4260000
421010162001009,1231,West Kensington,,135,75,4260000
421010162001010,1231,West Kensington,,50,31,4260000
421010162002000,1231,West Kensington,,0,0,4260000
421010162002001,1231,West Kensington,,0,0,4260000
421010162002002,1231,West Kensington,,36,14,4260000
421010162002003,1231,West Kensington,,0,0,4260000
421010162002004,1231,West Kensington,,19,5,4260000
421010162002005,1231,West Kensington,,24,11,4260000
421010162002006,1231,West Kensington,,45,19,4260000
421010162002007,1231,West Kensington,,52,19,4260000
421010162002008,1231,West Kensington,,78,21,4260000
421010162002009,1231,West Kensington,,90,31,4260000
421010162002010,1231,West Kensington,,84,25,4260000
421010162002014,1231,West Kensington,,28,14,4260000
421010162002015,1231,West Kensington,,35,13,4260000
421010162002016,1231,West Kensington,,14,8,4260000
421010162002017,1231,West Kensington,,33,12,4260000
421010162002018,1231,West Kensington,,75,34,4260000
421010162002019,1231,West Kensington,,0,0,4260000
421010162002020,1231,West Kensington,,56,18,4260000
421010162002021,1231,West Kensington,,123,32,4260000
421010162002022,1231,West Kensington,,18,10,4260000
421010162002023,1231,West Kensington,,0,0,4260000
421010162002024,1231,West Kensington,,32,14,4260000
421010162002025,1231,West Kensington,,0,0,4260000
421010162002026,1231,West Kensington,,0,0,4260000
421010162002027,1231,West Kensington,,1,1,4260000
421010162002028,1231,West Kensington,,8,5,4260000
421010162003000,1231,West Kensington,,109,46,4260000
421010162003001,1231,West Kensington,,65,28,4260000
421010162003002,1231,West Kensington,,50,19,4260000
421010162003003,1231,West Kensington,,120,41,4260000
421010162003004,1231,West Kensington,,127,52,4260000
421010162003005,1231,West Kensington,,110,51,4260000
421010163001000,1231,West Kensington,,16,1,4260000
421010163001001,1231,West Kensington,,44,0,4260000
421010163001002,1231,West Kensington,,79,20,4260000
421010163001003,1231,West Kensington,,186,56,4260000
421010163001004,1231,West Kensington,,162,68,4260000
421010163001005,1231,West Kensington,,128,49,4260000
421010163001006,1231,West Kensington,,89,24,4260000
421010163001007,1231,West Kensington,,130,49,4260000
421010163002000,1231,West Kensington,,15,5,4260000
421010163002001,1231,West Kensington,,0,0,4260000
421010163002002,1231,West Kensington,,45,20,4260000
421010163002003,1231,West Kensington,,193,65,4260000
421010163002004,1231,West Kensington,,0,1,4260000
421010163002005,1231,West Kensington,,0,0,4260000
421010163002006,1231,West Kensington,,66,30,4260000
421010163002007,1231,West Kensington,,76,28,4260000
421010163002008,1231,West Kensington,,96,34,4260000
421010163002009,1231,West Kensington,,34,12,4260000
421010163002010,1231,West Kensington,,0,0,4260000
421010163002011,1231,West Kensington,,0,0,4260000
421010163002012,1231,West Kensington,,5,4,4260000
421010163002013,1231,West Kensington,,37,28,4260000
421010163002014,1231,West Kensington,,47,19,4260000
421010163002015,1231,West Kensington,,110,44,4260000
421010163002016,1231,West Kensington,,5,4,4260000
421010163002017,1231,West Kensington,,62,24,4260000
421010163002018,1231,West Kensington,,15,4,4260000
421010163002019,1231,West Kensington,,5,4,4260000
421010163003000,1231,West Kensington,,68,20,4260000
421010163003001,1231,West Kensington,,133,37,4260000
421010163003002,1231,West Kensington,,112,49,4260000
421010163003003,1231,West Kensington,,71,31,4260000
421010163003004,1231,West Kensington,,64,29,4260000
421010163003005,1231,West Kensington,,66,27,4260000
421010163003006,1231,West Kensington,,68,28,4260000
421010163004000,1231,West Kensington,,42,16,4260000
421010163004001,1231,West Kensington,,17,9,4260000
421010163004002,1231,West Kensington,,0,0,4260000
421010163004003,1231,West Kensington,,0,0,4260000
421010163004004,1231,West Kensington,,36,27,4260000
421010163004005,1231,West Kensington,,40,12,4260000
421010163004006,1231,West Kensington,,43,14,4260000
421010163004007,1231,West Kensington,,48,19,4260000
421010163004008,1231,West Kensington,,53,20,4260000
421010163004009,1231,West Kensington,,11,6,4260000
421010163004010,1231,West Kensington,,39,17,4260000
421010163004011,1231,West Kensington,,0,0,4260000
421010163004012,1231,West Kensington,,0,0,4260000
421010163004013,1231,West Kensington,,6,4,4260000
421010163004014,1231,West Kensington,,43,16,4260000
421010163004015,1231,West Kensington,,54,22,4260000
421010163004016,1231,West Kensington,,8,2,4260000
421010163004017,1231,West Kensington,,54,16,4260000
421010163004018,1231,West Kensington,,18,8,4260000
421010163004019,1231,West Kensington,,0,0,4260000
421010163004020,1231,West Kensington,,0,0,4260000
421010163004021,1231,West Kensington,,22,8,4260000
421010163004022,1231,West Kensington,,41,19,4260000
421010163004023,1231,West Kensington,,70,24,4260000
421010163004024,1231,West Kensington,,108,41,4260000
421010163004025,1231,West Kensington,,82,30,4260000
421010163004026,1231,West Kensington,,86,30,4260000
421010163004027,1231,West Kensington,,52,27,4260000
421010163004028,1231,West Kensington,,48,21,4260000
421010163004029,1231,West Kensington,,0,2,4260000
421010164001000,1231,West Kensington,,0,0,4260000
421010164001001,1231,West Kensington,,227,74,4260000
421010164001002,1231,West Kensington,,43,14,4260000
421010164001003,1231,West Kensington,,103,37,4260000
421010164001004,1231,West Kensington,,124,43,4260000
421010164001008,1231,West Kensington,,64,26,4260000
421010164001009,1231,West Kensington,,28,13,4260000
421010164001010,1231,West Kensington,,136,62,4260000
421010164001011,1231,West Kensington,,59,27,4260000
421010164001012,1231,West Kensington,,63,25,4260000
421010164001013,1231,West Kensington,,129,49,4260000
421010164001014,1231,West Kensington,,71,30,4260000
421010164002000,1231,West Kensington,,91,47,4260000
421010164002001,1231,West Kensington,,118,40,4260000
421010164002002,1231,West Kensington,,106,36,4260000
421010164002003,1231,West Kensington,,106,36,4260000
421010164002004,1231,West Kensington,,46,25,4260000
421010164002005,1231,West Kensington,,59,23,4260000
421010164002006,1231,West Kensington,,45,28,4260000
421010164002007,1231,West Kensington,,59,21,4260000
421010164002008,1231,West Kensington,,1,1,4260000
421010164004000,1231,West Kensington,,176,61,4260000
421010164004001,1231,West Kensington,,179,58,4260000
421010164004002,1231,West Kensington,,70,25,4260000
421010164004014,1231,West Kensington,,159,59,4260000
421010164004015,1231,West Kensington,,55,21,4260000
421010164004016,1231,West Kensington,,52,43,4260000
421010142002000,1232,Fishtown - Lower Kensington,,0,0,4260000
421010142002008,1232,Fishtown - Lower Kensington,,78,29,4260000
421010142002009,1232,Fishtown - Lower Kensington,,38,27,4260000
421010142002010,1232,Fishtown - Lower Kensington,,4,5,4260000
421010142002071,1232,Fishtown - Lower Kensington,,19,12,4260000
421010143001000,1232,Fishtown - Lower Kensington,,0,0,4260000
421010143001001,1232,Fishtown - Lower Kensington,,0,0,4260000
421010143001002,1232,Fishtown - Lower Kensington,,0,0,4260000
421010143001003,1232,Fishtown - Lower Kensington,,0,0,4260000
421010143001004,1232,Fishtown - Lower Kensington,,0,0,4260000
421010143001005,1232,Fishtown - Lower Kensington,,0,0,4260000
421010143001006,1232,Fishtown - Lower Kensington,,0,0,4260000
421010143001007,1232,Fishtown - Lower Kensington,,0,0,4260000
421010143001008,1232,Fishtown - Lower Kensington,,0,0,4260000
421010143001009,1232,Fishtown - Lower Kensington,,18,15,4260000
421010143001010,1232,Fishtown - Lower Kensington,,42,19,4260000
421010143001011,1232,Fishtown - Lower Kensington,,32,18,4260000
421010143001012,1232,Fishtown - Lower Kensington,,0,0,4260000
421010143001013,1232,Fishtown - Lower Kensington,,0,0,4260000
421010143001014,1232,Fishtown - Lower Kensington,,0,0,4260000
421010143001015,1232,Fishtown - Lower Kensington,,0,0,4260000
421010143001016,1232,Fishtown - Lower Kensington,,0,0,4260000
421010143001017,1232,Fishtown - Lower Kensington,,0,0,4260000
421010143001018,1232,Fishtown - Lower Kensington,,0,0,4260000
421010143001019,1232,Fishtown - Lower Kensington,,0,0,4260000
421010143001020,1232,Fishtown - Lower Kensington,,0,0,4260000
421010143001021,1232,Fishtown - Lower Kensington,,0,0,4260000
421010143001022,1232,Fishtown - Lower Kensington,,0,0,4260000
421010143001023,1232,Fishtown - Lower Kensington,,0,0,4260000
421010143001024,1232,Fishtown - Lower Kensington,,0,0,4260000
421010143001025,1232,Fishtown - Lower Kensington,,0,0,4260000
421010143001026,1232,Fishtown - Lower Kensington,,0,0,4260000
421010143001027,1232,Fishtown - Lower Kensington,,0,0,4260000
421010143001028,1232,Fishtown - Lower Kensington,,0,0,4260000
421010143001029,1232,Fishtown - Lower Kensington,,0,0,4260000
421010143001030,1232,Fishtown - Lower Kensington,,46,25,4260000
421010143001031,1232,Fishtown - Lower Kensington,,0,0,4260000
421010143001032,1232,Fishtown - Lower Kensington,,0,0,4260000
421010143001033,1232,Fishtown - Lower Kensington,,2,1,4260000
421010143001034,1232,Fishtown - Lower Kensington,,0,0,4260000
421010143001035,1232,Fishtown - Lower Kensington,,69,35,4260000
421010143001036,1232,Fishtown - Lower Kensington,,27,14,4260000
421010143001037,1232,Fishtown - Lower Kensington,,0,0,4260000
421010143001038,1232,Fishtown - Lower Kensington,,0,0,4260000
421010143001039,1232,Fishtown - Lower Kensington,,12,9,4260000
421010143001040,1232,Fishtown - Lower Kensington,,63,40,4260000
421010143001041,1232,Fishtown - Lower Kensington,,104,51,4260000
421010143001042,1232,Fishtown - Lower Kensington,,92,62,4260000
421010143001043,1232,Fishtown - Lower Kensington,,86,38,4260000
421010143001044,1232,Fishtown - Lower Kensington,,60,38,4260000
421010143001045,1232,Fishtown - Lower Kensington,,26,28,4260000
421010143001046,1232,Fishtown - Lower Kensington,,15,7,4260000
421010143001047,1232,Fishtown - Lower Kensington,,39,23,4260000
421010143001048,1232,Fishtown - Lower Kensington,,0,0,4260000
421010143001051,1232,Fishtown - Lower Kensington,,0,0,4260000
421010143001056,1232,Fishtown - Lower Kensington,,0,0,4260000
421010143002000,1232,Fishtown - Lower Kensington,,63,28,4260000
421010143002001,1232,Fishtown - Lower Kensington,,74,39,4260000
421010143002002,1232,Fishtown - Lower Kensington,,81,43,4260000
421010143002003,1232,Fishtown - Lower Kensington,,73,37,4260000
421010143002004,1232,Fishtown - Lower Kensington,,95,57,4260000
421010143002005,1232,Fishtown - Lower Kensington,,86,50,4260000
421010143002006,1232,Fishtown - Lower Kensington,,56,36,4260000
421010143002007,1232,Fishtown - Lower Kensington,,45,18,4260000
421010143002008,1232,Fishtown - Lower Kensington,,6,2,4260000
421010143002009,1232,Fishtown - Lower Kensington,,0,0,4260000
421010143002010,1232,Fishtown - Lower Kensington,,0,0,4260000
421010143002011,1232,Fishtown - Lower Kensington,,0,0,4260000
421010143002012,1232,Fishtown - Lower Kensington,,0,0,4260000
421010143002013,1232,Fishtown - Lower Kensington,,0,0,4260000
421010144002000,1232,Fishtown - Lower Kensington,,63,34,4260000
421010144002022,1232,Fishtown - Lower Kensington,,31,18,4260000
421010144002040,1232,Fishtown - Lower Kensington,,15,11,4260000
421010144002041,1232,Fishtown - Lower Kensington,,4,3,4260000
421010144002042,1232,Fishtown - Lower Kensington,,0,3,4260000
421010144002043,1232,Fishtown - Lower Kensington,,12,8,4260000
421010144002044,1232,Fishtown - Lower Kensington,,39,25,4260000
421010157003000,1232,Fishtown - Lower Kensington,,14,4,4260000
421010157003027,1232,Fishtown - Lower Kensington,,31,12,4260000
421010157003028,1232,Fishtown - Lower Kensington,,26,18,4260000
421010157003029,1232,Fishtown - Lower Kensington,,16,7,4260000
421010157003030,1232,Fishtown - Lower Kensington,,3,3,4260000
421010157003031,1232,Fishtown - Lower Kensington,,14,6,4260000
421010157003038,1232,Fishtown - Lower Kensington,,7,5,4260000
421010157003039,1232,Fishtown - Lower Kensington,,21,14,4260000
421010157003040,1232,Fishtown - Lower Kensington,,30,9,4260000
421010158001000,1232,Fishtown - Lower Kensington,,68,46,4260000
421010158001001,1232,Fishtown - Lower Kensington,,18,11,4260000
421010158001002,1232,Fishtown - Lower Kensington,,51,32,4260000
421010158001003,1232,Fishtown - Lower Kensington,,72,36,4260000
421010158001004,1232,Fishtown - Lower Kensington,,42,22,4260000
421010158001005,1232,Fishtown - Lower Kensington,,99,51,4260000
421010158001006,1232,Fishtown - Lower Kensington,,15,7,4260000
421010158001007,1232,Fishtown - Lower Kensington,,53,23,4260000
421010158001008,1232,Fishtown - Lower Kensington,,90,35,4260000
421010158001009,1232,Fishtown - Lower Kensington,,85,41,4260000
421010158001010,1232,Fishtown - Lower Kensington,,70,81,4260000
421010158001011,1232,Fishtown - Lower Kensington,,71,30,4260000
421010158001012,1232,Fishtown - Lower Kensington,,151,136,4260000
421010158001013,1232,Fishtown - Lower Kensington,,0,0,4260000
421010158001014,1232,Fishtown - Lower Kensington,,142,60,4260000
421010158001015,1232,Fishtown - Lower Kensington,,128,55,4260000
421010158002000,1232,Fishtown - Lower Kensington,,84,42,4260000
421010158002001,1232,Fishtown - Lower Kensington,,56,25,4260000
421010158002002,1232,Fishtown - Lower Kensington,,72,30,4260000
421010158002003,1232,Fishtown - Lower Kensington,,75,38,4260000
421010158002004,1232,Fishtown - Lower Kensington,,36,19,4260000
421010158002005,1232,Fishtown - Lower Kensington,,33,26,4260000
421010158002006,1232,Fishtown - Lower Kensington,,41,19,4260000
421010158002007,1232,Fishtown - Lower Kensington,,46,23,4260000
421010158002008,1232,Fishtown - Lower Kensington,,10,4,4260000
421010158002009,1232,Fishtown - Lower Kensington,,103,44,4260000
421010158002010,1232,Fishtown - Lower Kensington,,148,70,4260000
421010158002011,1232,Fishtown - Lower Kensington,,99,45,4260000
421010158002012,1232,Fishtown - Lower Kensington,,46,16,4260000
421010158002013,1232,Fishtown - Lower Kensington,,97,45,4260000
421010158003000,1232,Fishtown - Lower Kensington,,70,28,4260000
421010158003001,1232,Fishtown - Lower Kensington,,37,17,4260000
421010158003002,1232,Fishtown - Lower Kensington,,18,10,4260000
421010158003003,1232,Fishtown - Lower Kensington,,33,18,4260000
421010158003004,1232,Fishtown - Lower Kensington,,78,44,4260000
421010158003005,1232,Fishtown - Lower Kensington,,0,0,4260000
421010158003006,1232,Fishtown - Lower Kensington,,52,27,4260000
421010158003007,1232,Fishtown - Lower Kensington,,67,38,4260000
421010158003008,1232,Fishtown - Lower Kensington,,72,37,4260000
421010158003009,1232,Fishtown - Lower Kensington,,45,23,4260000
421010158003010,1232,Fishtown - Lower Kensington,,0,0,4260000
421010158003011,1232,Fishtown - Lower Kensington,,0,0,4260000
421010158003012,1232,Fishtown - Lower Kensington,,73,30,4260000
421010158003013,1232,Fishtown - Lower Kensington,,29,17,4260000
421010158003014,1232,Fishtown - Lower Kensington,,19,13,4260000
421010158003015,1232,Fishtown - Lower Kensington,,112,70,4260000
421010158003016,1232,Fishtown - Lower Kensington,,89,47,4260000
421010158003017,1232,Fishtown - Lower Kensington,,98,54,4260000
421010158004000,1232,Fishtown - Lower Kensington,,117,60,4260000
421010158004001,1232,Fishtown - Lower Kensington,,34,18,4260000
421010158004002,1232,Fishtown - Lower Kensington,,65,31,4260000
421010158004003,1232,Fishtown - Lower Kensington,,85,47,4260000
421010158004004,1232,Fishtown - Lower Kensington,,67,38,4260000
421010158004005,1232,Fishtown - Lower Kensington,,36,23,4260000
421010158004006,1232,Fishtown - Lower Kensington,,50,25,4260000
421010158004007,1232,Fishtown - Lower Kensington,,109,79,4260000
421010158004008,1232,Fishtown - Lower Kensington,,20,9,4260000
421010158005000,1232,Fishtown - Lower Kensington,,145,79,4260000
421010158005001,1232,Fishtown - Lower Kensington,,59,28,4260000
421010158005002,1232,Fishtown - Lower Kensington,,77,32,4260000
421010158005003,1232,Fishtown - Lower Kensington,,0,0,4260000
421010158005004,1232,Fishtown - Lower Kensington,,132,47,4260000
421010158005005,1232,Fishtown - Lower Kensington,,38,13,4260000
421010158005006,1232,Fishtown - Lower Kensington,,0,0,4260000
421010158005007,1232,Fishtown - Lower Kensington,,39,17,4260000
421010158005008,1232,Fishtown - Lower Kensington,,17,11,4260000
421010158005009,1232,Fishtown - Lower Kensington,,195,70,4260000
421010158005010,1232,Fishtown - Lower Kensington,,155,68,4260000
421010158005011,1232,Fishtown - Lower Kensington,,155,82,4260000
421010158005012,1232,Fishtown - Lower Kensington,,75,26,4260000
421010158005013,1232,Fishtown - Lower Kensington,,104,59,4260000
421010158005014,1232,Fishtown - Lower Kensington,,0,0,4260000
421010158006000,1232,Fishtown - Lower Kensington,,118,55,4260000
421010158006001,1232,Fishtown - Lower Kensington,,116,52,4260000
421010158006002,1232,Fishtown - Lower Kensington,,130,60,4260000
421010158006003,1232,Fishtown - Lower Kensington,,152,67,4260000
421010158006004,1232,Fishtown - Lower Kensington,,144,70,4260000
421010158006005,1232,Fishtown - Lower Kensington,,112,57,4260000
421010158006006,1232,Fishtown - Lower Kensington,,75,37,4260000
421010158006007,1232,Fishtown - Lower Kensington,,70,39,4260000
421010160001000,1232,Fishtown - Lower Kensington,,1,3,4260000
421010160001001,1232,Fishtown - Lower Kensington,,29,11,4260000
421010160001002,1232,Fishtown - Lower Kensington,,0,0,4260000
421010160001003,1232,Fishtown - Lower Kensington,,48,19,4260000
421010160001004,1232,Fishtown - Lower Kensington,,71,29,4260000
421010160001005,1232,Fishtown - Lower Kensington,,63,27,4260000
421010160001006,1232,Fishtown - Lower Kensington,,57,22,4260000
421010160001007,1232,Fishtown - Lower Kensington,,26,14,4260000
421010160001008,1232,Fishtown - Lower Kensington,,43,25,4260000
421010160001009,1232,Fishtown - Lower Kensington,,51,22,4260000
421010160001010,1232,Fishtown - Lower Kensington,,59,27,4260000
421010160001011,1232,Fishtown - Lower Kensington,,69,26,4260000
421010160001012,1232,Fishtown - Lower Kensington,,11,4,4260000
421010160001013,1232,Fishtown - Lower Kensington,,33,21,4260000
421010160001014,1232,Fishtown - Lower Kensington,,68,22,4260000
421010160002000,1232,Fishtown - Lower Kensington,,99,38,4260000
421010160002001,1232,Fishtown - Lower Kensington,,21,10,4260000
421010160002002,1232,Fishtown - Lower Kensington,,119,44,4260000
421010160002003,1232,Fishtown - Lower Kensington,,108,46,4260000
421010160002004,1232,Fishtown - Lower Kensington,,80,37,4260000
421010160002005,1232,Fishtown - Lower Kensington,,69,37,4260000
421010160002006,1232,Fishtown - Lower Kensington,,98,55,4260000
421010160002007,1232,Fishtown - Lower Kensington,,96,44,4260000
421010160002008,1232,Fishtown - Lower Kensington,,30,16,4260000
421010160002009,1232,Fishtown - Lower Kensington,,61,39,4260000
421010160002010,1232,Fishtown - Lower Kensington,,101,46,4260000
421010160002011,1232,Fishtown - Lower Kensington,,73,39,4260000
421010160003000,1232,Fishtown - Lower Kensington,,8,0,4260000
421010160003001,1232,Fishtown - Lower Kensington,,43,20,4260000
421010160003002,1232,Fishtown - Lower Kensington,,61,34,4260000
421010160003003,1232,Fishtown - Lower Kensington,,93,44,4260000
421010160003004,1232,Fishtown - Lower Kensington,,87,47,4260000
421010160003005,1232,Fishtown - Lower Kensington,,123,57,4260000
421010160003006,1232,Fishtown - Lower Kensington,,125,55,4260000
421010160003007,1232,Fishtown - Lower Kensington,,134,56,4260000
421010160003008,1232,Fishtown - Lower Kensington,,94,47,4260000
421010160003009,1232,Fishtown - Lower Kensington,,3,0,4260000
421010160003010,1232,Fishtown - Lower Kensington,,0,0,4260000
421010160003011,1232,Fishtown - Lower Kensington,,0,0,4260000
421010160003012,1232,Fishtown - Lower Kensington,,75,25,4260000
421010160003013,1232,Fishtown - Lower Kensington,,76,29,4260000
421010160003014,1232,Fishtown - Lower Kensington,,119,53,4260000
421010160003015,1232,Fishtown - Lower Kensington,,110,38,4260000
421010160003016,1232,Fishtown - Lower Kensington,,46,23,4260000
421010160003017,1232,Fishtown - Lower Kensington,,66,22,4260000
421010160003018,1232,Fishtown - Lower Kensington,,129,49,4260000
421010160003019,1232,Fishtown - Lower Kensington,,21,10,4260000
421010160003020,1232,Fishtown - Lower Kensington,,124,54,4260000
421010160003021,1232,Fishtown - Lower Kensington,,68,35,4260000
421010160003022,1232,Fishtown - Lower Kensington,,0,0,4260000
421010160003023,1232,Fishtown - Lower Kensington,,49,17,4260000
421010160003024,1232,Fishtown - Lower Kensington,,0,0,4260000
421010160003025,1232,Fishtown - Lower Kensington,,41,20,4260000
421010160003026,1232,Fishtown - Lower Kensington,,0,0,4260000
421010160004000,1232,Fishtown - Lower Kensington,,57,23,4260000
421010160004001,1232,Fishtown - Lower Kensington,,30,10,4260000
421010160004002,1232,Fishtown - Lower Kensington,,69,58,4260000
421010160004003,1232,Fishtown - Lower Kensington,,52,20,4260000
421010160004004,1232,Fishtown - Lower Kensington,,112,41,4260000
421010160004005,1232,Fishtown - Lower Kensington,,81,34,4260000
421010160004006,1232,Fishtown - Lower Kensington,,67,28,4260000
421010160004007,1232,Fishtown - Lower Kensington,,57,27,4260000
421010160004008,1232,Fishtown - Lower Kensington,,54,30,4260000
421010160004009,1232,Fishtown - Lower Kensington,,89,27,4260000
421010160004010,1232,Fishtown - Lower Kensington,,69,37,4260000
421010160004011,1232,Fishtown - Lower Kensington,,66,35,4260000
421010160005000,1232,Fishtown - Lower Kensington,,46,37,4260000
421010160005001,1232,Fishtown - Lower Kensington,,40,20,4260000
421010160005002,1232,Fishtown - Lower Kensington,,70,44,4260000
421010160005003,1232,Fishtown - Lower Kensington,,33,15,4260000
421010160005004,1232,Fishtown - Lower Kensington,,41,21,4260000
421010160005005,1232,Fishtown - Lower Kensington,,89,41,4260000
421010160005006,1232,Fishtown - Lower Kensington,,54,27,4260000
421010160005007,1232,Fishtown - Lower Kensington,,74,34,4260000
421010160005008,1232,Fishtown - Lower Kensington,,76,40,4260000
421010160005009,1232,Fishtown - Lower Kensington,,0,0,4260000
421010160005010,1232,Fishtown - Lower Kensington,,61,28,4260000
421010160005011,1232,Fishtown - Lower Kensington,,21,11,4260000
421010160005012,1232,Fishtown - Lower Kensington,,27,18,4260000
421010160005013,1232,Fishtown - Lower Kensington,,51,18,4260000
421010160005014,1232,Fishtown - Lower Kensington,,82,39,4260000
421010160005015,1232,Fishtown - Lower Kensington,,71,30,4260000
421010160006000,1232,Fishtown - Lower Kensington,,36,12,4260000
421010160006001,1232,Fishtown - Lower Kensington,,29,16,4260000
421010160006002,1232,Fishtown - Lower Kensington,,0,0,4260000
421010160006003,1232,Fishtown - Lower Kensington,,23,12,4260000
421010160006004,1232,Fishtown - Lower Kensington,,41,24,4260000
421010160006005,1232,Fishtown - Lower Kensington,,18,10,4260000
421010160006006,1232,Fishtown - Lower Kensington,,78,46,4260000
421010160006007,1232,Fishtown - Lower Kensington,,88,38,4260000
421010160006008,1232,Fishtown - Lower Kensington,,70,34,4260000
421010160006009,1232,Fishtown - Lower Kensington,,39,23,4260000
421010160006010,1232,Fishtown - Lower Kensington,,0,0,4260000
421010160006011,1232,Fishtown - Lower Kensington,,31,14,4260000
421010160006012,1232,Fishtown - Lower Kensington,,44,22,4260000
421010160006013,1232,Fishtown - Lower Kensington,,113,51,4260000
421010160006014,1232,Fishtown - Lower Kensington,,107,42,4260000
421010160006015,1232,Fishtown - Lower Kensington,,94,46,4260000
421010160006016,1232,Fishtown - Lower Kensington,,34,15,4260000
421010160006017,1232,Fishtown - Lower Kensington,,44,20,4260000
421010160006018,1232,Fishtown - Lower Kensington,,47,22,4260000
421010160006019,1232,Fishtown - Lower Kensington,,61,31,4260000
421010160006020,1232,Fishtown - Lower Kensington,,0,0,4260000
421010160007000,1232,Fishtown - Lower Kensington,,127,43,4260000
421010160007001,1232,Fishtown - Lower Kensington,,98,41,4260000
421010160007002,1232,Fishtown - Lower Kensington,,0,0,4260000
421010160007003,1232,Fishtown - Lower Kensington,,54,28,4260000
421010160007004,1232,Fishtown - Lower Kensington,,56,29,4260000
421010160007005,1232,Fishtown - Lower Kensington,,83,35,4260000
421010160007006,1232,Fishtown - Lower Kensington,,20,9,4260000
421010160007007,1232,Fishtown - Lower Kensington,,83,34,4260000
421010160007008,1232,Fishtown - Lower Kensington,,98,44,4260000
421010160007009,1232,Fishtown - Lower Kensington,,51,25,4260000
421010160007010,1232,Fishtown - Lower Kensington,,81,37,4260000
421010160007011,1232,Fishtown - Lower Kensington,,115,45,4260000
421010160007012,1232,Fishtown - Lower Kensington,,105,54,4260000
421010160007013,1232,Fishtown - Lower Kensington,,116,52,4260000
421010378001000,1232,Fishtown - Lower Kensington,,67,39,4260000
421010378001001,1232,Fishtown - Lower Kensington,,103,46,4260000
421010378001002,1232,Fishtown - Lower Kensington,,116,65,4260000
421010378001003,1232,Fishtown - Lower Kensington,,77,34,4260000
421010378001004,1232,Fishtown - Lower Kensington,,40,23,4260000
421010378001005,1232,Fishtown - Lower Kensington,,0,0,4260000
421010378001010,1232,Fishtown - Lower Kensington,,0,0,4260000
421010378001011,1232,Fishtown - Lower Kensington,,29,14,4260000
421010378001012,1232,Fishtown - Lower Kensington,,39,19,4260000
421010378001013,1232,Fishtown - Lower Kensington,,83,37,4260000
421010378001014,1232,Fishtown - Lower Kensington,,68,31,4260000
421010378001015,1232,Fishtown - Lower Kensington,,95,41,4260000
421010378001016,1232,Fishtown - Lower Kensington,,0,0,4260000
421010378001017,1232,Fishtown - Lower Kensington,,0,0,4260000
421010378001018,1232,Fishtown - Lower Kensington,,47,33,4260000
421010378001019,1232,Fishtown - Lower Kensington,,32,20,4260000
421010378001020,1232,Fishtown - Lower Kensington,,46,19,4260000
421010378001021,1232,Fishtown - Lower Kensington,,0,0,4260000
421010378001022,1232,Fishtown - Lower Kensington,,0,0,4260000
421010378001023,1232,Fishtown - Lower Kensington,,0,0,4260000
421010378001025,1232,Fishtown - Lower Kensington,,0,0,4260000
421010378001026,1232,Fishtown - Lower Kensington,,45,21,4260000
421010378001027,1232,Fishtown - Lower Kensington,,73,47,4260000
421010378001028,1232,Fishtown - Lower Kensington,,0,0,4260000
421010378001029,1232,Fishtown - Lower Kensington,,0,0,4260000
421010378001030,1232,Fishtown - Lower Kensington,,0,0,4260000
421010378001031,1232,Fishtown - Lower Kensington,,0,0,4260000
421010378001033,1232,Fishtown - Lower Kensington,,0,0,4260000
421010378001034,1232,Fishtown - Lower Kensington,,0,0,4260000
421010378001035,1232,Fishtown - Lower Kensington,,0,0,4260000
421010378001036,1232,Fishtown - Lower Kensington,,0,0,4260000
421010378001037,1232,Fishtown - Lower Kensington,,0,0,4260000
421010378001038,1232,Fishtown - Lower Kensington,,0,0,4260000
421010378001039,1232,Fishtown - Lower Kensington,,0,0,4260000
421010378001040,1232,Fishtown - Lower Kensington,,0,0,4260000
421010378001041,1232,Fishtown - Lower Kensington,,0,0,4260000
421010378001042,1232,Fishtown - Lower Kensington,,0,0,4260000
421010378001043,1232,Fishtown - Lower Kensington,,0,0,4260000
421010378003000,1232,Fishtown - Lower Kensington,,78,34,4260000
421010378003001,1232,Fishtown - Lower Kensington,,125,45,4260000
421010378003002,1232,Fishtown - Lower Kensington,,69,38,4260000
421010378003003,1232,Fishtown - Lower Kensington,,43,20,4260000
421010378003004,1232,Fishtown - Lower Kensington,,127,49,4260000
421010378003005,1232,Fishtown - Lower Kensington,,92,45,4260000
421010378003006,1232,Fishtown - Lower Kensington,,110,50,4260000
421010378003007,1232,Fishtown - Lower Kensington,,97,46,4260000
421010378003008,1232,Fishtown - Lower Kensington,,41,21,4260000
421010378003009,1232,Fishtown - Lower Kensington,,39,20,4260000
421010378003010,1232,Fishtown - Lower Kensington,,63,24,4260000
421010144001000,1233,Old Kensington,,143,40,4260000
421010144001001,1233,Old Kensington,,52,25,4260000
421010144001002,1233,Old Kensington,,99,49,4260000
421010144001003,1233,Old Kensington,,67,45,4260000
421010144001004,1233,Old Kensington,,27,25,4260000
421010144001005,1233,Old Kensington,,61,34,4260000
421010144001006,1233,Old Kensington,,21,8,4260000
421010144001007,1233,Old Kensington,,13,5,4260000
421010144001008,1233,Old Kensington,,17,22,4260000
421010144001009,1233,Old Kensington,,0,0,4260000
421010144001010,1233,Old Kensington,,63,44,4260000
421010144001011,1233,Old Kensington,,121,108,4260000
421010144002001,1233,Old Kensington,,0,0,4260000
421010144002002,1233,Old Kensington,,10,5,4260000
421010144002003,1233,Old Kensington,,10,5,4260000
421010144002004,1233,Old Kensington,,100,35,4260000
421010144002005,1233,Old Kensington,,13,9,4260000
421010144002006,1233,Old Kensington,,46,19,4260000
421010144002007,1233,Old Kensington,,49,19,4260000
421010144002008,1233,Old Kensington,,24,11,4260000
421010144002009,1233,Old Kensington,,23,13,4260000
421010144002010,1233,Old Kensington,,19,8,4260000
421010144002011,1233,Old Kensington,,0,1,4260000
421010144002012,1233,Old Kensington,,13,4,4260000
421010144002013,1233,Old Kensington,,15,12,4260000
421010144002014,1233,Old Kensington,,0,0,4260000
421010144002015,1233,Old Kensington,,14,9,4260000
421010144002016,1233,Old Kensington,,52,31,4260000
421010144002017,1233,Old Kensington,,44,17,4260000
421010144002018,1233,Old Kensington,,0,0,4260000
421010144002019,1233,Old Kensington,,0,0,4260000
421010144002020,1233,Old Kensington,,62,22,4260000
421010144002021,1233,Old Kensington,,17,8,4260000
421010144002023,1233,Old Kensington,,37,22,4260000
421010144002024,1233,Old Kensington,,7,5,4260000
421010144002025,1233,Old Kensington,,7,3,4260000
421010144002026,1233,Old Kensington,,59,23,4260000
421010144002027,1233,Old Kensington,,75,30,4260000
421010144002028,1233,Old Kensington,,4,2,4260000
421010144002029,1233,Old Kensington,,0,0,4260000
421010144002030,1233,Old Kensington,,7,7,4260000
421010144002031,1233,Old Kensington,,5,3,4260000
421010144002032,1233,Old Kensington,,7,4,4260000
421010144002033,1233,Old Kensington,,106,61,4260000
421010144002034,1233,Old Kensington,,127,55,4260000
421010144002035,1233,Old Kensington,,50,26,4260000
421010144002036,1233,Old Kensington,,96,43,4260000
421010144002037,1233,Old Kensington,,75,34,4260000
421010144002038,1233,Old Kensington,,13,14,4260000
421010144002039,1233,Old Kensington,,28,12,4260000
421010144002045,1233,Old Kensington,,10,5,4260000
421010144002046,1233,Old Kensington,,21,13,4260000
421010144002047,1233,Old Kensington,,65,27,4260000
421010144002048,1233,Old Kensington,,8,13,4260000
421010144003000,1233,Old Kensington,,0,0,4260000
421010144003001,1233,Old Kensington,,70,35,4260000
421010144003002,1233,Old Kensington,,119,45,4260000
421010144003003,1233,Old Kensington,,7,2,4260000
421010144003004,1233,Old Kensington,,0,0,4260000
421010144003005,1233,Old Kensington,,44,13,4260000
421010144003006,1233,Old Kensington,,0,0,4260000
421010144003007,1233,Old Kensington,,27,12,4260000
421010144003008,1233,Old Kensington,,39,14,4260000
421010144003009,1233,Old Kensington,,115,53,4260000
421010144003010,1233,Old Kensington,,76,28,4260000
421010144003011,1233,Old Kensington,,75,31,4260000
421010144003012,1233,Old Kensington,,72,32,4260000
421010144003013,1233,Old Kensington,,74,56,4260000
421010144003014,1233,Old Kensington,,96,46,4260000
421010144003015,1233,Old Kensington,,125,57,4260000
421010156001011,1233,Old Kensington,,0,0,4260000
421010156001012,1233,Old Kensington,,25,8,4260000
421010156001013,1233,Old Kensington,,111,44,4260000
421010156001015,1233,Old Kensington,,30,17,4260000
421010156001019,1233,Old Kensington,,12,4,4260000
421010156001020,1233,Old Kensington,,0,2,4260000
421010156001021,1233,Old Kensington,,0,0,4260000
421010156001024,1233,Old Kensington,,15,7,4260000
421010156001025,1233,Old Kensington,,60,28,4260000
421010156001026,1233,Old Kensington,,35,16,4260000
421010157003018,1233,Old Kensington,,10,9,4260000
421010157003019,1233,Old Kensington,,135,45,4260000
421010157003020,1233,Old Kensington,,7,3,4260000
421010157003021,1233,Old Kensington,,0,0,4260000
421010157003022,1233,Old Kensington,,0,0,4260000
421010157003023,1233,Old Kensington,,0,0,4260000
421010157003024,1233,Old Kensington,,0,0,4260000
421010157003032,1233,Old Kensington,,0,0,4260000
421010157003033,1233,Old Kensington,,0,0,4260000
421010157003034,1233,Old Kensington,,0,0,4260000
421010157003035,1233,Old Kensington,,12,7,4260000
421010157003036,1233,Old Kensington,,12,5,4260000
421010157003037,1233,Old Kensington,,0,0,4260000
421010142001000,1234,Northern Liberties,,131,70,4260000
421010142001001,1234,Northern Liberties,,91,50,4260000
421010142001002,1234,Northern Liberties,,182,76,4260000
421010142001003,1234,Northern Liberties,,118,55,4260000
421010142001004,1234,Northern Liberties,,135,71,4260000
421010142001005,1234,Northern Liberties,,57,28,4260000
421010142001006,1234,Northern Liberties,,43,20,4260000
421010142001007,1234,Northern Liberties,,56,29,4260000
421010142001008,1234,Northern Liberties,,24,15,4260000
421010142001009,1234,Northern Liberties,,17,12,4260000
421010142002001,1234,Northern Liberties,,0,0,4260000
421010142002002,1234,Northern Liberties,,61,46,4260000
421010142002003,1234,Northern Liberties,,0,1,4260000
421010142002004,1234,Northern Liberties,,0,0,4260000
421010142002005,1234,Northern Liberties,,0,0,4260000
421010142002006,1234,Northern Liberties,,0,0,4260000
421010142002007,1234,Northern Liberties,,0,0,4260000
421010142002011,1234,Northern Liberties,,14,8,4260000
421010142002012,1234,Northern Liberties,,31,12,4260000
421010142002013,1234,Northern Liberties,,2,1,4260000
421010142002014,1234,Northern Liberties,,65,34,4260000
421010142002015,1234,Northern Liberties,,0,0,4260000
421010142002016,1234,Northern Liberties,,1,2,4260000
421010142002017,1234,Northern Liberties,,110,61,4260000
421010142002018,1234,Northern Liberties,,15,13,4260000
421010142002019,1234,Northern Liberties,,49,31,4260000
421010142002020,1234,Northern Liberties,,2,1,4260000
421010142002021,1234,Northern Liberties,,4,2,4260000
421010142002022,1234,Northern Liberties,,120,47,4260000
421010142002023,1234,Northern Liberties,,67,33,4260000
421010142002024,1234,Northern Liberties,,86,42,4260000
421010142002025,1234,Northern Liberties,,44,33,4260000
421010142002026,1234,Northern Liberties,,77,28,4260000
421010142002027,1234,Northern Liberties,,26,25,4260000
421010142002028,1234,Northern Liberties,,106,60,4260000
421010142002029,1234,Northern Liberties,,32,25,4260000
421010142002030,1234,Northern Liberties,,56,31,4260000
421010142002031,1234,Northern Liberties,,121,72,4260000
421010142002032,1234,Northern Liberties,,25,16,4260000
421010142002033,1234,Northern Liberties,,50,20,4260000
421010142002034,1234,Northern Liberties,,79,86,4260000
421010142002035,1234,Northern Liberties,,143,59,4260000
421010142002036,1234,Northern Liberties,,13,3,4260000
421010142002037,1234,Northern Liberties,,50,22,4260000
421010142002038,1234,Northern Liberties,,10,8,4260000
421010142002039,1234,Northern Liberties,,42,45,4260000
421010142002040,1234,Northern Liberties,,0,0,4260000
421010142002041,1234,Northern Liberties,,78,51,4260000
421010142002042,1234,Northern Liberties,,303,212,4260000
421010142002043,1234,Northern Liberties,,149,104,4260000
421010142002044,1234,Northern Liberties,,56,35,4260000
421010142002045,1234,Northern Liberties,,43,28,4260000
421010142002046,1234,Northern Liberties,,19,11,4260000
421010142002047,1234,Northern Liberties,,32,13,4260000
421010142002048,1234,Northern Liberties,,54,37,4260000
421010142002049,1234,Northern Liberties,,86,48,4260000
421010142002050,1234,Northern Liberties,,3,1,4260000
421010142002051,1234,Northern Liberties,,7,4,4260000
421010142002052,1234,Northern Liberties,,0,0,4260000
421010142002053,1234,Northern Liberties,,0,0,4260000
421010142002054,1234,Northern Liberties,,0,0,4260000
421010142002055,1234,Northern Liberties,,51,39,4260000
421010142002056,1234,Northern Liberties,,43,29,4260000
421010142002057,1234,Northern Liberties,,106,58,4260000
421010142002058,1234,Northern Liberties,,33,18,4260000
421010142002059,1234,Northern Liberties,,0,0,4260000
421010142002060,1234,Northern Liberties,,0,0,4260000
421010142002061,1234,Northern Liberties,,0,0,4260000
421010142002062,1234,Northern Liberties,,0,0,4260000
421010142002063,1234,Northern Liberties,,0,0,4260000
421010142002064,1234,Northern Liberties,,0,0,4260000
421010142002065,1234,Northern Liberties,,13,9,4260000
421010142002066,1234,Northern Liberties,,0,0,4260000
421010142002067,1234,Northern Liberties,,0,0,4260000
421010142002068,1234,Northern Liberties,,0,0,4260000
421010142002069,1234,Northern Liberties,,0,0,4260000
421010142002070,1234,Northern Liberties,,0,0,4260000
421010142002072,1234,Northern Liberties,,0,0,4260000
421010142002073,1234,Northern Liberties,,0,0,4260000
421010142002074,1234,Northern Liberties,,0,0,4260000
421010143001049,1234,Northern Liberties,,44,19,4260000
421010143001050,1234,Northern Liberties,,34,18,4260000
421010143001052,1234,Northern Liberties,,4,3,4260000
421010143001053,1234,Northern Liberties,,28,21,4260000
421010143001054,1234,Northern Liberties,,17,8,4260000
421010143001055,1234,Northern Liberties,,0,0,4260000
421010366001000,1234,Northern Liberties,,0,0,4260000
421010366001001,1234,Northern Liberties,,0,0,4260000
421010366001002,1234,Northern Liberties,,0,0,4260000
421010366001003,1234,Northern Liberties,,390,444,4260000
421010366001004,1234,Northern Liberties,,0,0,4260000
421010366001009,1234,Northern Liberties,,0,0,4260000
421010366001010,1234,Northern Liberties,,0,0,4260000
421010366001019,1234,Northern Liberties,,11,10,4260000
421010366001021,1234,Northern Liberties,,0,0,4260000
421010367001000,1234,Northern Liberties,,51,34,4260000
421010367001001,1234,Northern Liberties,,19,13,4260000
421010367001002,1234,Northern Liberties,,116,63,4260000
421010367001003,1234,Northern Liberties,,20,11,4260000
421010367001004,1234,Northern Liberties,,0,0,4260000
421010367001005,1234,Northern Liberties,,10,5,4260000
421010367001006,1234,Northern Liberties,,14,6,4260000
421010367001007,1234,Northern Liberties,,0,0,4260000
421010367001008,1234,Northern Liberties,,23,13,4260000
421010367001009,1234,Northern Liberties,,24,17,4260000
421010367001010,1234,Northern Liberties,,60,42,4260000
421010367001011,1234,Northern Liberties,,19,12,4260000
421010367001012,1234,Northern Liberties,,0,0,4260000
421010367001013,1234,Northern Liberties,,111,58,4260000
421010367001014,1234,Northern Liberties,,32,21,4260000
421010367001015,1234,Northern Liberties,,26,23,4260000
421010367001016,1234,Northern Liberties,,44,59,4260000
421010367001017,1234,Northern Liberties,,51,31,4260000
421010367001018,1234,Northern Liberties,,0,0,4260000
421010367001019,1234,Northern Liberties,,0,0,4260000
421010367001020,1234,Northern Liberties,,11,8,4260000
421010367001021,1234,Northern Liberties,,13,9,4260000
421010367001022,1234,Northern Liberties,,0,0,4260000
421010367001023,1234,Northern Liberties,,0,0,4260000
421010367001024,1234,Northern Liberties,,0,0,4260000
421010367001025,1234,Northern Liberties,,0,0,4260000
421010367001026,1234,Northern Liberties,,0,0,4260000
421010367001027,1234,Northern Liberties,,0,0,4260000
421010367001028,1234,Northern Liberties,,0,0,4260000
421010367001029,1234,Northern Liberties,,10,5,4260000
421010367001030,1234,Northern Liberties,,0,0,4260000
421010367001031,1234,Northern Liberties,,14,10,4260000
421010367001032,1234,Northern Liberties,,23,15,4260000
421010367001033,1234,Northern Liberties,,0,0,4260000
421010367001034,1234,Northern Liberties,,0,0,4260000
421010367001035,1234,Northern Liberties,,0,0,4260000
421010367001036,1234,Northern Liberties,,187,133,4260000
421010367001037,1234,Northern Liberties,,0,0,4260000
421010367001038,1234,Northern Liberties,,0,0,4260000
421010367001039,1234,Northern Liberties,,0,0,4260000
421010367001040,1234,Northern Liberties,,0,0,4260000
421010367001041,1234,Northern Liberties,,0,0,4260000
421010367001042,1234,Northern Liberties,,0,0,4260000
421010367001043,1234,Northern Liberties,,0,0,4260000
421010367001044,1234,Northern Liberties,,0,0,4260000
421010367001045,1234,Northern Liberties,,0,0,4260000
421010367001046,1234,Northern Liberties,,0,0,4260000
421010367001047,1234,Northern Liberties,,0,0,4260000
421010367001048,1234,Northern Liberties,,0,0,4260000
421010367001049,1234,Northern Liberties,,0,0,4260000
421010367001050,1234,Northern Liberties,,0,0,4260000
421010367001051,1234,Northern Liberties,,0,0,4260000
421010367001052,1234,Northern Liberties,,0,0,4260000
421010367001053,1234,Northern Liberties,,0,0,4260000
421010367001054,1234,Northern Liberties,,0,0,4260000
421010367001055,1234,Northern Liberties,,0,0,4260000
421010367001056,1234,Northern Liberties,,6,4,4260000
421010367001057,1234,Northern Liberties,,0,0,4260000
421010367001058,1234,Northern Liberties,,0,0,4260000
421010367001059,1234,Northern Liberties,,0,0,4260000
421010367001070,1234,Northern Liberties,,0,0,4260000
421010367001079,1234,Northern Liberties,,0,0,4260000
421010367001080,1234,Northern Liberties,,0,0,4260000
421010367002000,1234,Northern Liberties,,103,35,4260000
421010367002001,1234,Northern Liberties,,6,2,4260000
421010367002002,1234,Northern Liberties,,5,2,4260000
421010367002003,1234,Northern Liberties,,32,16,4260000
421010367002004,1234,Northern Liberties,,50,24,4260000
421010367002005,1234,Northern Liberties,,38,15,4260000
421010367002006,1234,Northern Liberties,,126,60,4260000
421010367002007,1234,Northern Liberties,,25,12,4260000
421010367002008,1234,Northern Liberties,,64,40,4260000
421010367002009,1234,Northern Liberties,,18,12,4260000
421010367002010,1234,Northern Liberties,,83,44,4260000
421010367002011,1234,Northern Liberties,,52,30,4260000
421010367002012,1234,Northern Liberties,,0,0,4260000
421010367002013,1234,Northern Liberties,,130,55,4260000
421010367002014,1234,Northern Liberties,,0,0,4260000
421010367002015,1234,Northern Liberties,,60,28,4260000
421010367002016,1234,Northern Liberties,,86,58,4260000
421010367002017,1234,Northern Liberties,,0,0,4260000
421010367002018,1234,Northern Liberties,,64,42,4260000
421010367002019,1234,Northern Liberties,,13,7,4260000
421010367002020,1234,Northern Liberties,,36,31,4260000
421010367002021,1234,Northern Liberties,,35,24,4260000
421010367002022,1234,Northern Liberties,,65,39,4260000
421010367002023,1234,Northern Liberties,,19,12,4260000
421010367002024,1234,Northern Liberties,,0,0,4260000
421010367002025,1234,Northern Liberties,,13,7,4260000
421010204001000,1235,Logan,,164,63,4260000
421010204001001,1235,Logan,,112,44,4260000
421010204001002,1235,Logan,,112,66,4260000
421010204001003,1235,Logan,,159,62,4260000
421010204001004,1235,Logan,,68,44,4260000
421010204001005,1235,Logan,,8,6,4260000
421010204001006,1235,Logan,,0,0,4260000
421010204001007,1235,Logan,,0,0,4260000
421010204001008,1235,Logan,,0,0,4260000
421010204002000,1235,Logan,,13,3,4260000
421010204002001,1235,Logan,,0,0,4260000
421010204002002,1235,Logan,,0,0,4260000
421010204003000,1235,Logan,,63,28,4260000
421010204003001,1235,Logan,,0,0,4260000
421010204003002,1235,Logan,,114,44,4260000
421010204003003,1235,Logan,,69,26,4260000
421010204003004,1235,Logan,,61,27,4260000
421010204003005,1235,Logan,,48,25,4260000
421010204003006,1235,Logan,,71,25,4260000
421010204003007,1235,Logan,,56,32,4260000
421010204003008,1235,Logan,,33,14,4260000
421010204003009,1235,Logan,,80,30,4260000
421010204003010,1235,Logan,,99,35,4260000
421010204003011,1235,Logan,,90,34,4260000
421010204003012,1235,Logan,,131,59,4260000
421010204003013,1235,Logan,,48,25,4260000
421010204003014,1235,Logan,,0,0,4260000
421010204003015,1235,Logan,,0,0,4260000
421010204003016,1235,Logan,,0,0,4260000
421010204003017,1235,Logan,,0,0,4260000
421010204003018,1235,Logan,,0,0,4260000
421010204003019,1235,Logan,,0,0,4260000
421010204003020,1235,Logan,,0,0,4260000
421010205001005,1235,Logan,,53,30,4260000
421010205001006,1235,Logan,,0,0,4260000
421010205001008,1235,Logan,,0,0,4260000
421010205001009,1235,Logan,,0,0,4260000
421010205001010,1235,Logan,,27,16,4260000
421010205001011,1235,Logan,,0,0,4260000
421010205001012,1235,Logan,,0,0,4260000
421010245002007,1235,Logan,,157,69,4260000
421010245002009,1235,Logan,,34,11,4260000
421010245002010,1235,Logan,,89,40,4260000
421010245002011,1235,Logan,,30,11,4260000
421010278003008,1235,Logan,,58,32,4260000
421010279022007,1235,Logan,,186,18,4260000
421010279022008,1235,Logan,,53,29,4260000
421010279022010,1235,Logan,,992,0,4260000
421010280001000,1235,Logan,,0,0,4260000
421010280001001,1235,Logan,,0,0,4260000
421010280001002,1235,Logan,,151,59,4260000
421010280001003,1235,Logan,,191,59,4260000
421010280001004,1235,Logan,,216,72,4260000
421010280001005,1235,Logan,,118,51,4260000
421010280001006,1235,Logan,,135,58,4260000
421010280001007,1235,Logan,,136,64,4260000
421010280002000,1235,Logan,,11,7,4260000
421010280002001,1235,Logan,,127,51,4260000
421010280002002,1235,Logan,,2,2,4260000
421010280002003,1235,Logan,,78,34,4260000
421010280002004,1235,Logan,,310,216,4260000
421010280002005,1235,Logan,,0,0,4260000
421010280002006,1235,Logan,,0,0,4260000
421010280002007,1235,Logan,,0,0,4260000
421010280002008,1235,Logan,,130,49,4260000
421010280003000,1235,Logan,,129,60,4260000
421010280003001,1235,Logan,,67,22,4260000
421010280003002,1235,Logan,,0,0,4260000
421010280003003,1235,Logan,,0,0,4260000
421010280003004,1235,Logan,,41,19,4260000
421010280003005,1235,Logan,,59,22,4260000
421010280003006,1235,Logan,,96,39,4260000
421010280003007,1235,Logan,,139,54,4260000
421010280003008,1235,Logan,,113,48,4260000
421010280003009,1235,Logan,,113,49,4260000
421010280003010,1235,Logan,,92,46,4260000
421010280003011,1235,Logan,,161,66,4260000
421010280003012,1235,Logan,,112,44,4260000
421010280003013,1235,Logan,,48,23,4260000
421010280003014,1235,Logan,,0,0,4260000
421010280003015,1235,Logan,,19,12,4260000
421010280003016,1235,Logan,,0,0,4260000
421010280004000,1235,Logan,,133,49,4260000
421010280004001,1235,Logan,,167,70,4260000
421010280004002,1235,Logan,,14,5,4260000
421010280004003,1235,Logan,,109,47,4260000
421010280004004,1235,Logan,,0,0,4260000
421010280004005,1235,Logan,,178,67,4260000
421010280004006,1235,Logan,,157,63,4260000
421010280004007,1235,Logan,,150,67,4260000
421010280004008,1235,Logan,,135,64,4260000
421010280004009,1235,Logan,,33,13,4260000
421010280004010,1235,Logan,,15,5,4260000
421010280004011,1235,Logan,,141,63,4260000
421010280004012,1235,Logan,,110,61,4260000
421010280004013,1235,Logan,,136,60,4260000
421010281001000,1235,Logan,,136,55,4260000
421010281001001,1235,Logan,,164,58,4260000
421010281001002,1235,Logan,,157,63,4260000
421010281001003,1235,Logan,,162,66,4260000
421010281001004,1235,Logan,,0,0,4260000
421010281001005,1235,Logan,,0,0,4260000
421010281001006,1235,Logan,,134,47,4260000
421010281001007,1235,Logan,,157,56,4260000
421010281001008,1235,Logan,,134,55,4260000
421010281001009,1235,Logan,,56,17,4260000
421010281001010,1235,Logan,,108,44,4260000
421010281001011,1235,Logan,,135,57,4260000
421010281001012,1235,Logan,,131,52,4260000
421010281001013,1235,Logan,,140,49,4260000
421010281001014,1235,Logan,,46,16,4260000
421010281001015,1235,Logan,,56,26,4260000
421010281001016,1235,Logan,,69,22,4260000
421010281002000,1235,Logan,,51,22,4260000
421010281002001,1235,Logan,,27,18,4260000
421010281002002,1235,Logan,,100,38,4260000
421010281002003,1235,Logan,,105,36,4260000
421010281002004,1235,Logan,,67,24,4260000
421010281002005,1235,Logan,,58,22,4260000
421010281002006,1235,Logan,,0,0,4260000
421010281002007,1235,Logan,,57,30,4260000
421010281002008,1235,Logan,,142,62,4260000
421010281002009,1235,Logan,,154,72,4260000
421010281002010,1235,Logan,,0,0,4260000
421010281002011,1235,Logan,,83,36,4260000
421010281002012,1235,Logan,,0,0,4260000
421010281002013,1235,Logan,,0,0,4260000
421010281002014,1235,Logan,,82,53,4260000
421010281002015,1235,Logan,,0,0,4260000
421010281002016,1235,Logan,,60,26,4260000
421010281003000,1235,Logan,,14,7,4260000
421010281003001,1235,Logan,,176,64,4260000
421010281003002,1235,Logan,,74,28,4260000
421010281003003,1235,Logan,,0,0,4260000
421010281003004,1235,Logan,,191,82,4260000
421010281003005,1235,Logan,,156,78,4260000
421010281003006,1235,Logan,,2,5,4260000
421010281003007,1235,Logan,,145,64,4260000
421010281003008,1235,Logan,,60,26,4260000
421010281003009,1235,Logan,,0,0,4260000
421010282001000,1235,Logan,,0,0,4260000
421010282001001,1235,Logan,,0,0,4260000
421010282001002,1235,Logan,,188,71,4260000
421010282001003,1235,Logan,,120,51,4260000
421010282001004,1235,Logan,,5,3,4260000
421010282001005,1235,Logan,,82,32,4260000
421010282001006,1235,Logan,,415,401,4260000
421010282001007,1235,Logan,,0,0,4260000
421010282001008,1235,Logan,,19,23,4260000
421010282001009,1235,Logan,,26,18,4260000
421010282001010,1235,Logan,,0,0,4260000
421010282001011,1235,Logan,,4,3,4260000
421010282001012,1235,Logan,,0,0,4260000
421010282001013,1235,Logan,,7,3,4260000
421010282001014,1235,Logan,,0,0,4260000
421010282002004,1235,Logan,,100,37,4260000
421010282002005,1235,Logan,,66,28,4260000
421010282002009,1235,Logan,,145,62,4260000
421010282002010,1235,Logan,,145,55,4260000
421010282002011,1235,Logan,,133,49,4260000
421010282002012,1235,Logan,,52,40,4260000
421010282002013,1235,Logan,,39,18,4260000
421010282002014,1235,Logan,,131,49,4260000
421010282003008,1235,Logan,,0,0,4260000
421010282003009,1235,Logan,,1,2,4260000
421010282003010,1235,Logan,,0,0,4260000
421010282003011,1235,Logan,,105,59,4260000
421010282003012,1235,Logan,,80,72,4260000
421010282003013,1235,Logan,,114,10,4260000
421010282003014,1235,Logan,,0,0,4260000
421010282003015,1235,Logan,,47,19,4260000
421010282003016,1235,Logan,,186,63,4260000
421010282003017,1235,Logan,,181,63,4260000
421010282003018,1235,Logan,,132,45,4260000
421010282003019,1235,Logan,,101,44,4260000
421010282003020,1235,Logan,,144,45,4260000
421010282003021,1235,Logan,,182,65,4260000
421010282003022,1235,Logan,,101,26,4260000
421010282003023,1235,Logan,,26,6,4260000
421010282003024,1235,Logan,,72,28,4260000
421010283001000,1235,Logan,,96,33,4260000
421010283001001,1235,Logan,,140,47,4260000
421010283001002,1235,Logan,,115,58,4260000
421010283001003,1235,Logan,,146,45,4260000
421010283001004,1235,Logan,,122,44,4260000
421010283001005,1235,Logan,,158,70,4260000
421010283002000,1235,Logan,,153,50,4260000
421010283002001,1235,Logan,,139,58,4260000
421010283002002,1235,Logan,,112,40,4260000
421010283002003,1235,Logan,,30,20,4260000
421010283002004,1235,Logan,,144,57,4260000
421010283002005,1235,Logan,,129,58,4260000
421010283003000,1235,Logan,,0,0,4260000
421010283003001,1235,Logan,,23,15,4260000
421010283003002,1235,Logan,,106,75,4260000
421010283003003,1235,Logan,,162,63,4260000
421010283003004,1235,Logan,,3,2,4260000
421010283003005,1235,Logan,,90,38,4260000
421010283003006,1235,Logan,,61,25,4260000
421010283003007,1235,Logan,,76,31,4260000
421010283003008,1235,Logan,,143,65,4260000
421010283004000,1235,Logan,,0,0,4260000
421010283004001,1235,Logan,,8,3,4260000
421010283004002,1235,Logan,,121,49,4260000
421010283004003,1235,Logan,,142,59,4260000
421010283004004,1235,Logan,,111,52,4260000
421010283004005,1235,Logan,,121,43,4260000
421010283004006,1235,Logan,,7,2,4260000
421010283004007,1235,Logan,,139,60,4260000
421010283004008,1235,Logan,,144,54,4260000
421010283004009,1235,Logan,,167,60,4260000
421010283004010,1235,Logan,,138,64,4260000
421010283004011,1235,Logan,,0,0,4260000
421010283004012,1235,Logan,,0,0,4260000
421010283004013,1235,Logan,,0,0,4260000
421010283004014,1235,Logan,,0,0,4260000
421010283004015,1235,Logan,,94,50,4260000
421010283004016,1235,Logan,,118,48,4260000
421010283004017,1235,Logan,,159,58,4260000
421010283004018,1235,Logan,,168,63,4260000
421010283005000,1235,Logan,,151,64,4260000
421010283005001,1235,Logan,,182,66,4260000
421010283005002,1235,Logan,,169,64,4260000
421010283005003,1235,Logan,,131,52,4260000
421010283005004,1235,Logan,,170,79,4260000
421010283005005,1235,Logan,,159,52,4260000
421010283006000,1235,Logan,,124,94,4260000
421010283006001,1235,Logan,,112,56,4260000
421010283006002,1235,Logan,,80,37,4260000
421010283006003,1235,Logan,,130,116,4260000
421010283006004,1235,Logan,,182,66,4260000
421010283006005,1235,Logan,,151,69,4260000
421010283007000,1235,Logan,,7,71,4260000
421010283007001,1235,Logan,,80,23,4260000
421010283007002,1235,Logan,,47,30,4260000
421010283007003,1235,Logan,,53,37,4260000
421010283007004,1235,Logan,,55,34,4260000
421010283007005,1235,Logan,,155,72,4260000
421010283007006,1235,Logan,,99,54,4260000
421010283007007,1235,Logan,,48,31,4260000
421010283007008,1235,Logan,,103,45,4260000
421010284001001,1235,Logan,,202,70,4260000
421010284001002,1235,Logan,,180,56,4260000
421010284001003,1235,Logan,,204,70,4260000
421010284001004,1235,Logan,,0,0,4260000
421010284002004,1235,Logan,,175,63,4260000
421010284002005,1235,Logan,,136,46,4260000
421010284003005,1235,Logan,,186,72,4260000
421010284003006,1235,Logan,,189,69,4260000
421010284003007,1235,Logan,,0,0,4260000
421010284003008,1235,Logan,,0,0,4260000
421010284004009,1235,Logan,,0,0,4260000
421010284004010,1235,Logan,,0,0,4260000
421010284004011,1235,Logan,,0,0,4260000
421010284004017,1235,Logan,,0,0,4260000
421010284004018,1235,Logan,,0,0,4260000
421010284004019,1235,Logan,,0,0,4260000
421019805001001,1235,Logan,,0,0,4260000
421019805001003,1235,Logan,,0,0,4260000
421019805001011,1235,Logan,,0,0,4260000
421019805001012,1235,Logan,,0,0,4260000
421019805001013,1235,Logan,,0,0,4260000
421019805001014,1235,Logan,,0,0,4260000
421019805001015,1235,Logan,,0,0,4260000
421019805001016,1235,Logan,,0,0,4260000
421019805001017,1235,Logan,,0,0,4260000
421010009021000,1236,Society Hill,,430,302,4260000
421010009021006,1236,Society Hill,,0,0,4260000
421010009021007,1236,Society Hill,,31,15,4260000
421010009021008,1236,Society Hill,,40,24,4260000
421010009021009,1236,Society Hill,,86,58,4260000
421010010011003,1236,Society Hill,,0,0,4260000
421010010011004,1236,Society Hill,,0,0,4260000
421010010011005,1236,Society Hill,,40,26,4260000
421010010011006,1236,Society Hill,,0,0,4260000
421010010011007,1236,Society Hill,,79,45,4260000
421010010011008,1236,Society Hill,,640,470,4260000
421010010011009,1236,Society Hill,,769,578,4260000
421010010011010,1236,Society Hill,,10,5,4260000
421010010011011,1236,Society Hill,,24,14,4260000
421010010012000,1236,Society Hill,,61,27,4260000
421010010012001,1236,Society Hill,,103,61,4260000
421010010012002,1236,Society Hill,,69,38,4260000
421010010012003,1236,Society Hill,,0,0,4260000
421010010012004,1236,Society Hill,,55,37,4260000
421010010012005,1236,Society Hill,,0,0,4260000
421010010012006,1236,Society Hill,,115,65,4260000
421010010012007,1236,Society Hill,,75,40,4260000
421010010012008,1236,Society Hill,,101,58,4260000
421010010012009,1236,Society Hill,,80,45,4260000
421010010012010,1236,Society Hill,,36,15,4260000
421010010012011,1236,Society Hill,,71,38,4260000
421010010012012,1236,Society Hill,,1,0,4260000
421010010012013,1236,Society Hill,,93,55,4260000
421010010012014,1236,Society Hill,,39,19,4260000
421010010012015,1236,Society Hill,,52,36,4260000
421010010012016,1236,Society Hill,,12,5,4260000
421010010012017,1236,Society Hill,,16,14,4260000
421010010012018,1236,Society Hill,,11,6,4260000
421010010012019,1236,Society Hill,,51,36,4260000
421010010021004,1236,Society Hill,,0,0,4260000
421010010021005,1236,Society Hill,,0,0,4260000
421010010021006,1236,Society Hill,,144,102,4260000
421010010021007,1236,Society Hill,,90,42,4260000
421010010021008,1236,Society Hill,,3,2,4260000
421010010021009,1236,Society Hill,,115,59,4260000
421010010021010,1236,Society Hill,,0,0,4260000
421010010021011,1236,Society Hill,,15,6,4260000
421010010021012,1236,Society Hill,,114,65,4260000
421010010021013,1236,Society Hill,,146,93,4260000
421010010021014,1236,Society Hill,,67,24,4260000
421010010021015,1236,Society Hill,,20,11,4260000
421010010021016,1236,Society Hill,,258,192,4260000
421010010021017,1236,Society Hill,,0,0,4260000
421010010021018,1236,Society Hill,,48,24,4260000
421010010021019,1236,Society Hill,,64,30,4260000
421010010021020,1236,Society Hill,,53,33,4260000
421010010021021,1236,Society Hill,,31,18,4260000
421010010021022,1236,Society Hill,,35,14,4260000
421010010021023,1236,Society Hill,,89,49,4260000
421010010022000,1236,Society Hill,,63,37,4260000
421010010022001,1236,Society Hill,,35,22,4260000
421010010022002,1236,Society Hill,,60,33,4260000
421010010022003,1236,Society Hill,,27,13,4260000
421010010022004,1236,Society Hill,,36,27,4260000
421010010022005,1236,Society Hill,,50,33,4260000
421010010022006,1236,Society Hill,,39,29,4260000
421010010022007,1236,Society Hill,,128,71,4260000
421010010022008,1236,Society Hill,,44,29,4260000
421010010022009,1236,Society Hill,,22,13,4260000
421010010022010,1236,Society Hill,,30,18,4260000
421010010022011,1236,Society Hill,,23,13,4260000
421010010022012,1236,Society Hill,,36,22,4260000
421010010022013,1236,Society Hill,,62,48,4260000
421010010023003,1236,Society Hill,,116,75,4260000
421010010023004,1236,Society Hill,,54,14,4260000
421010010023005,1236,Society Hill,,2,1,4260000
421010010023006,1236,Society Hill,,0,0,4260000
421010010023007,1236,Society Hill,,432,371,4260000
421010010023008,1236,Society Hill,,108,64,4260000
421010010023009,1236,Society Hill,,8,4,4260000
421010010023010,1236,Society Hill,,17,22,4260000
421010010023011,1236,Society Hill,,1,2,4260000
421010010023012,1236,Society Hill,,73,54,4260000
421010010023013,1236,Society Hill,,90,50,4260000
421010010023014,1236,Society Hill,,546,375,4260000
421010010023015,1236,Society Hill,,80,37,4260000
421010011021000,1236,Society Hill,,4,1,4260000
421010011021003,1236,Society Hill,,104,52,4260000
421010011021004,1236,Society Hill,,64,46,4260000
421010011021005,1236,Society Hill,,59,38,4260000
421010011021006,1236,Society Hill,,54,38,4260000
421010011021013,1236,Society Hill,,73,45,4260000
421010011021014,1236,Society Hill,,48,32,4260000
421010011021015,1236,Society Hill,,92,51,4260000
421010001001001,1237,Old City,,133,104,4260000
421010001001002,1237,Old City,,87,69,4260000
421010001001003,1237,Old City,,197,150,4260000
421010001001004,1237,Old City,,187,159,4260000
421010001001005,1237,Old City,,0,0,4260000
421010001001006,1237,Old City,,0,0,4260000
421010001001007,1237,Old City,,102,81,4260000
421010001001008,1237,Old City,,0,1,4260000
421010001001009,1237,Old City,,133,114,4260000
421010001001010,1237,Old City,,90,63,4260000
421010001001011,1237,Old City,,7,6,4260000
421010001001012,1237,Old City,,51,27,4260000
421010001001013,1237,Old City,,0,0,4260000
421010001001014,1237,Old City,,7,8,4260000
421010001001015,1237,Old City,,163,123,4260000
421010001001016,1237,Old City,,43,37,4260000
421010001001017,1237,Old City,,66,53,4260000
421010001001018,1237,Old City,,0,0,4260000
421010001001019,1237,Old City,,123,96,4260000
421010001001020,1237,Old City,,18,11,4260000
421010001001021,1237,Old City,,18,33,4260000
421010001001022,1237,Old City,,45,32,4260000
421010001001023,1237,Old City,,66,70,4260000
421010001001025,1237,Old City,,10,7,4260000
421010001001026,1237,Old City,,87,84,4260000
421010001002000,1237,Old City,,50,40,4260000
421010001002001,1237,Old City,,34,37,4260000
421010001002002,1237,Old City,,0,0,4260000
421010001002003,1237,Old City,,2,2,4260000
421010001002004,1237,Old City,,27,22,4260000
421010001002005,1237,Old City,,214,172,4260000
421010001002006,1237,Old City,,38,7,4260000
421010001002007,1237,Old City,,2,2,4260000
421010001002008,1237,Old City,,0,0,4260000
421010001002009,1237,Old City,,0,0,4260000
421010001002010,1237,Old City,,0,0,4260000
421010001002011,1237,Old City,,0,0,4260000
421010001002012,1237,Old City,,0,0,4260000
421010001002013,1237,Old City,,0,0,4260000
421010001002014,1237,Old City,,170,135,4260000
421010001002015,1237,Old City,,45,27,4260000
421010001002016,1237,Old City,,0,0,4260000
421010001002017,1237,Old City,,0,0,4260000
421010001002018,1237,Old City,,0,0,4260000
421010001002019,1237,Old City,,43,38,4260000
421010001002020,1237,Old City,,0,0,4260000
421010001002021,1237,Old City,,0,0,4260000
421010001002022,1237,Old City,,0,0,4260000
421010001002023,1237,Old City,,0,0,4260000
421010001002024,1237,Old City,,0,0,4260000
421010001002025,1237,Old City,,0,0,4260000
421010001002026,1237,Old City,,0,1,4260000
421010001002027,1237,Old City,,0,0,4260000
421010001002028,1237,Old City,,0,0,4260000
421010001002029,1237,Old City,,0,0,4260000
421010001002030,1237,Old City,,0,0,4260000
421010001002031,1237,Old City,,0,0,4260000
421010001002032,1237,Old City,,0,0,4260000
421010001002033,1237,Old City,,0,0,4260000
421010001002034,1237,Old City,,143,127,4260000
421010001002035,1237,Old City,,54,34,4260000
421010001002036,1237,Old City,,3,2,4260000
421010001002037,1237,Old City,,0,0,4260000
421010001002038,1237,Old City,,0,0,4260000
421010001002039,1237,Old City,,69,46,4260000
421010001002040,1237,Old City,,37,31,4260000
421010001002041,1237,Old City,,0,0,4260000
421010001002042,1237,Old City,,16,10,4260000
421010001002043,1237,Old City,,154,134,4260000
421010001002044,1237,Old City,,94,69,4260000
421010001002045,1237,Old City,,58,38,4260000
421010001002046,1237,Old City,,54,46,4260000
421010001002047,1237,Old City,,20,10,4260000
421010001002048,1237,Old City,,0,0,4260000
421010001002049,1237,Old City,,310,208,4260000
421010001002050,1237,Old City,,75,39,4260000
421010001002051,1237,Old City,,122,77,4260000
421010001002052,1237,Old City,,11,14,4260000
421010002001000,1237,Old City,,0,0,4260000
421010002001001,1237,Old City,,0,0,4260000
421010002001035,1237,Old City,,54,21,4260000
421010002001036,1237,Old City,,0,0,4260000
421010002001037,1237,Old City,,211,129,4260000
421010002001038,1237,Old City,,0,0,4260000
421010002001039,1237,Old City,,191,29,4260000
421010002001054,1237,Old City,,172,90,4260000
421010002001055,1237,Old City,,0,0,4260000
421010002001056,1237,Old City,,1,0,4260000
421010005001000,1237,Old City,,1053,0,4260000
421010005001001,1237,Old City,,173,131,4260000
421010005001027,1237,Old City,,0,0,4260000
421010005001028,1237,Old City,,0,0,4260000
421010005001034,1237,Old City,,17,12,4260000
421010005001035,1237,Old City,,2,1,4260000
421010006001000,1237,Old City,,21,16,4260000
421010006001015,1237,Old City,,56,50,4260000
421010006001016,1237,Old City,,89,72,4260000
421010010011000,1237,Old City,,0,0,4260000
421010010011001,1237,Old City,,0,0,4260000
421010010011002,1237,Old City,,0,0,4260000
421010010021000,1237,Old City,,94,72,4260000
421010010021001,1237,Old City,,0,0,4260000
421010010021002,1237,Old City,,37,24,4260000
421010010021003,1237,Old City,,6,10,4260000
421010010023000,1237,Old City,,1,1,4260000
421010010023001,1237,Old City,,0,0,4260000
421010010023002,1237,Old City,,0,0,4260000
421010366001020,1237,Old City,,0,0,4260000
421010366001022,1237,Old City,,0,0,4260000
421010367001060,1237,Old City,,0,0,4260000
421010367001061,1237,Old City,,78,49,4260000
421010367001062,1237,Old City,,44,26,4260000
421010367001063,1237,Old City,,103,69,4260000
421010367001064,1237,Old City,,125,86,4260000
421010367001065,1237,Old City,,0,0,4260000
421010367001066,1237,Old City,,0,0,4260000
421010367001067,1237,Old City,,0,0,4260000
421010367001068,1237,Old City,,0,0,4260000
421010367001069,1237,Old City,,0,0,4260000
421010367001071,1237,Old City,,62,26,4260000
421010367001072,1237,Old City,,32,19,4260000
421010367001073,1237,Old City,,0,0,4260000
421010367001074,1237,Old City,,0,0,4260000
421010367001075,1237,Old City,,67,51,4260000
421010367001076,1237,Old City,,0,0,4260000
421010367001077,1237,Old City,,0,0,4260000
421010367001078,1237,Old City,,24,16,4260000
421010367001081,1237,Old City,,0,0,4260000
421010376001047,1237,Old City,,2,0,4260000
421010376001048,1237,Old City,,4,0,4260000
421010376001049,1237,Old City,,0,0,4260000
421010376001050,1237,Old City,,0,0,4260000
421010376001053,1237,Old City,,0,0,4260000
421010376001054,1237,Old City,,0,0,4260000
421010376001055,1237,Old City,,0,0,4260000
421010376001056,1237,Old City,,0,0,4260000
421010002001002,1238,Chinatown,,0,0,4260000
421010002001003,1238,Chinatown,,0,0,4260000
421010002001004,1238,Chinatown,,0,0,4260000
421010002001005,1238,Chinatown,,0,0,4260000
421010002001027,1238,Chinatown,,304,192,4260000
421010002001028,1238,Chinatown,,14,3,4260000
421010002001029,1238,Chinatown,,0,0,4260000
421010002001030,1238,Chinatown,,2,1,4260000
421010002001031,1238,Chinatown,,195,89,4260000
421010002001032,1238,Chinatown,,29,11,4260000
421010002001033,1238,Chinatown,,133,60,4260000
421010002001034,1238,Chinatown,,205,80,4260000
421010002001040,1238,Chinatown,,0,0,4260000
421010002001041,1238,Chinatown,,211,114,4260000
421010002001042,1238,Chinatown,,81,38,4260000
421010002001043,1238,Chinatown,,280,146,4260000
421010002001044,1238,Chinatown,,6,3,4260000
421010002001057,1238,Chinatown,,111,45,4260000
421010002001058,1238,Chinatown,,46,27,4260000
421010002001059,1238,Chinatown,,159,84,4260000
421010376001057,1238,Chinatown,,0,0,4260000
421010376001058,1238,Chinatown,,0,0,4260000
421010376001059,1238,Chinatown,,0,0,4260000
421010376002062,1238,Chinatown,,0,0,4260000
421010376002063,1238,Chinatown,,0,0,4260000
421010376002064,1238,Chinatown,,0,0,4260000
421010003001002,1244,Logan Square,,0,0,4260000
421010003001003,1244,Logan Square,,0,0,4260000
421010003001004,1244,Logan Square,,0,0,4260000
421010003001005,1244,Logan Square,,0,0,4260000
421010003001006,1244,Logan Square,,0,0,4260000
421010003001007,1244,Logan Square,,0,0,4260000
421010003001008,1244,Logan Square,,0,0,4260000
421010003001009,1244,Logan Square,,0,0,4260000
421010003001010,1244,Logan Square,,0,0,4260000
421010003001011,1244,Logan Square,,0,0,4260000
421010003001012,1244,Logan Square,,0,0,4260000
421010003001013,1244,Logan Square,,5,0,4260000
421010003001014,1244,Logan Square,,0,0,4260000
421010003001015,1244,Logan Square,,0,0,4260000
421010003001016,1244,Logan Square,,0,0,4260000
421010003001017,1244,Logan Square,,0,0,4260000
421010003001018,1244,Logan Square,,108,0,4260000
421010003001019,1244,Logan Square,,0,0,4260000
421010003001020,1244,Logan Square,,0,0,4260000
421010003001021,1244,Logan Square,,0,0,4260000
421010003001022,1244,Logan Square,,0,0,4260000
421010003001023,1244,Logan Square,,0,0,4260000
421010003001024,1244,Logan Square,,47,28,4260000
421010003001025,1244,Logan Square,,27,14,4260000
421010003001026,1244,Logan Square,,0,0,4260000
421010003001027,1244,Logan Square,,19,23,4260000
421010003001028,1244,Logan Square,,18,8,4260000
421010003001029,1244,Logan Square,,0,0,4260000
421010003001030,1244,Logan Square,,271,191,4260000
421010003001031,1244,Logan Square,,33,27,4260000
421010003001032,1244,Logan Square,,0,0,4260000
421010003001033,1244,Logan Square,,0,0,4260000
421010003001034,1244,Logan Square,,0,0,4260000
421010003001043,1244,Logan Square,,150,120,4260000
421010003001044,1244,Logan Square,,13,0,4260000
421010003001045,1244,Logan Square,,1,0,4260000
421010003001046,1244,Logan Square,,1,0,4260000
421010003002000,1244,Logan Square,,0,0,4260000
421010003002001,1244,Logan Square,,0,0,4260000
421010003002002,1244,Logan Square,,0,0,4260000
421010003002003,1244,Logan Square,,0,0,4260000
421010003002004,1244,Logan Square,,0,0,4260000
421010003002005,1244,Logan Square,,481,288,4260000
421010003002006,1244,Logan Square,,0,0,4260000
421010003002007,1244,Logan Square,,307,248,4260000
421010003002008,1244,Logan Square,,0,0,4260000
421010003002009,1244,Logan Square,,188,119,4260000
421010003002010,1244,Logan Square,,0,0,4260000
421010003002011,1244,Logan Square,,126,69,4260000
421010003002012,1244,Logan Square,,0,0,4260000
421010003002013,1244,Logan Square,,0,0,4260000
421010003002014,1244,Logan Square,,0,0,4260000
421010003002015,1244,Logan Square,,137,132,4260000
421010003002016,1244,Logan Square,,142,42,4260000
421010003002017,1244,Logan Square,,127,96,4260000
421010003002018,1244,Logan Square,,165,108,4260000
421010003002019,1244,Logan Square,,39,21,4260000
421010003002020,1244,Logan Square,,50,19,4260000
421010003002021,1244,Logan Square,,75,35,4260000
421010003002022,1244,Logan Square,,90,55,4260000
421010003002023,1244,Logan Square,,97,91,4260000
421010003002024,1244,Logan Square,,87,40,4260000
421010003002025,1244,Logan Square,,96,46,4260000
421010003002026,1244,Logan Square,,83,53,4260000
421010003002027,1244,Logan Square,,101,55,4260000
421010003002028,1244,Logan Square,,85,40,4260000
421010004011000,1244,Logan Square,,72,26,4260000
421010004011001,1244,Logan Square,,0,0,4260000
421010004011002,1244,Logan Square,,238,168,4260000
421010004011003,1244,Logan Square,,0,0,4260000
421010004011004,1244,Logan Square,,5,0,4260000
421010004011005,1244,Logan Square,,0,0,4260000
421010004011006,1244,Logan Square,,0,0,4260000
421010004011007,1244,Logan Square,,0,0,4260000
421010004011008,1244,Logan Square,,0,0,4260000
421010004011009,1244,Logan Square,,0,0,4260000
421010004011010,1244,Logan Square,,0,0,4260000
421010004011011,1244,Logan Square,,0,0,4260000
421010004011012,1244,Logan Square,,0,0,4260000
421010004011013,1244,Logan Square,,0,0,4260000
421010004011014,1244,Logan Square,,0,0,4260000
421010004011015,1244,Logan Square,,0,0,4260000
421010004011016,1244,Logan Square,,0,0,4260000
421010004011017,1244,Logan Square,,0,0,4260000
421010004011018,1244,Logan Square,,370,323,4260000
421010004021000,1244,Logan Square,,0,0,4260000
421010004021001,1244,Logan Square,,610,561,4260000
421010004021002,1244,Logan Square,,479,412,4260000
421010004021003,1244,Logan Square,,0,0,4260000
421010004022002,1244,Logan Square,,0,0,4260000
421010004022003,1244,Logan Square,,2,0,4260000
421010004022004,1244,Logan Square,,274,265,4260000
421010004022005,1244,Logan Square,,0,0,4260000
421010004022006,1244,Logan Square,,0,0,4260000
421010004022007,1244,Logan Square,,763,537,4260000
421010004022008,1244,Logan Square,,0,0,4260000
421010004022009,1244,Logan Square,,0,0,4260000
421010004022010,1244,Logan Square,,43,0,4260000
421010004022011,1244,Logan Square,,0,0,4260000
421010004022012,1244,Logan Square,,0,0,4260000
421010004022013,1244,Logan Square,,0,0,4260000
421010004022018,1244,Logan Square,,0,0,4260000
421010125001004,1244,Logan Square,,0,0,4260000
421010125001005,1244,Logan Square,,0,0,4260000
421010125001006,1244,Logan Square,,0,0,4260000
421010125001007,1244,Logan Square,,0,0,4260000
421010125001008,1244,Logan Square,,0,0,4260000
421010125001009,1244,Logan Square,,0,0,4260000
421010125001012,1244,Logan Square,,0,0,4260000
421010125001013,1244,Logan Square,,0,0,4260000
421010125001014,1244,Logan Square,,0,0,4260000
421010125001015,1244,Logan Square,,0,0,4260000
421010125001016,1244,Logan Square,,0,0,4260000
421010125001017,1244,Logan Square,,0,0,4260000
421010125001018,1244,Logan Square,,371,294,4260000
421010125001019,1244,Logan Square,,96,57,4260000
421010125001020,1244,Logan Square,,0,0,4260000
421010125001021,1244,Logan Square,,144,109,4260000
421010125001022,1244,Logan Square,,507,334,4260000
421010125001023,1244,Logan Square,,118,0,4260000
421010125001024,1244,Logan Square,,0,0,4260000
421010125001025,1244,Logan Square,,0,0,4260000
421010125001026,1244,Logan Square,,0,0,4260000
421010125001027,1244,Logan Square,,0,0,4260000
421010125001028,1244,Logan Square,,0,0,4260000
421010125001029,1244,Logan Square,,0,0,4260000
421010125001030,1244,Logan Square,,0,0,4260000
421010125001031,1244,Logan Square,,0,0,4260000
421010125001032,1244,Logan Square,,0,0,4260000
421010125001038,1244,Logan Square,,0,0,4260000
421010125001039,1244,Logan Square,,0,0,4260000
421010125001040,1244,Logan Square,,0,0,4260000
421010125001041,1244,Logan Square,,243,179,4260000
421010125001042,1244,Logan Square,,0,0,4260000
421010125001043,1244,Logan Square,,0,0,4260000
421010125001044,1244,Logan Square,,0,0,4260000
421010125001045,1244,Logan Square,,0,0,4260000
421010125001046,1244,Logan Square,,0,0,4260000
421010125001047,1244,Logan Square,,0,0,4260000
421010125001048,1244,Logan Square,,0,0,4260000
421010125001049,1244,Logan Square,,0,0,4260000
421010125001050,1244,Logan Square,,0,0,4260000
421010125001054,1244,Logan Square,,0,0,4260000
421010125001055,1244,Logan Square,,0,0,4260000
421010125002005,1244,Logan Square,,318,228,4260000
421010125002006,1244,Logan Square,,0,0,4260000
421010125002007,1244,Logan Square,,828,589,4260000
421010125002008,1244,Logan Square,,102,76,4260000
421010125002009,1244,Logan Square,,591,481,4260000
421010125002010,1244,Logan Square,,0,0,4260000
421010125002011,1244,Logan Square,,28,17,4260000
421010125002012,1244,Logan Square,,14,9,4260000
421010125002013,1244,Logan Square,,46,28,4260000
421010125002014,1244,Logan Square,,74,51,4260000
421010125002015,1244,Logan Square,,0,0,4260000
421010125002016,1244,Logan Square,,243,123,4260000
421010125002017,1244,Logan Square,,0,0,4260000
421010125002018,1244,Logan Square,,0,0,4260000
421010125002019,1244,Logan Square,,8,6,4260000
421010125002020,1244,Logan Square,,0,0,4260000
421010125002021,1244,Logan Square,,0,0,4260000
421010125003000,1244,Logan Square,,0,0,4260000
421010125003001,1244,Logan Square,,0,0,4260000
421010125003002,1244,Logan Square,,0,0,4260000
421010125003004,1244,Logan Square,,0,0,4260000
421010125003005,1244,Logan Square,,0,0,4260000
421010125003006,1244,Logan Square,,0,0,4260000
421010125003007,1244,Logan Square,,0,0,4260000
421010125003008,1244,Logan Square,,0,0,4260000
421010125003009,1244,Logan Square,,0,0,4260000
421010125003010,1244,Logan Square,,0,0,4260000
421010125003011,1244,Logan Square,,12,9,4260000
421010125003012,1244,Logan Square,,0,0,4260000
421010125003013,1244,Logan Square,,0,0,4260000
421010125003014,1244,Logan Square,,0,0,4260000
421010125003015,1244,Logan Square,,0,0,4260000
421010125003016,1244,Logan Square,,0,0,4260000
421010125003017,1244,Logan Square,,0,0,4260000
421010125003018,1244,Logan Square,,0,0,4260000
421010125003019,1244,Logan Square,,2,2,4260000
421010125003020,1244,Logan Square,,1441,946,4260000
421010125003021,1244,Logan Square,,2,0,4260000
421010125003022,1244,Logan Square,,0,0,4260000
421010125003023,1244,Logan Square,,0,0,4260000
421010125003024,1244,Logan Square,,0,0,4260000
421010125003025,1244,Logan Square,,0,0,4260000
421010125003026,1244,Logan Square,,0,0,4260000
421010125003027,1244,Logan Square,,0,0,4260000
421010125003028,1244,Logan Square,,0,0,4260000
421010125003029,1244,Logan Square,,0,0,4260000
421010125003030,1244,Logan Square,,0,0,4260000
421010125003031,1244,Logan Square,,0,0,4260000
421010125003032,1244,Logan Square,,0,0,4260000
421010125003033,1244,Logan Square,,0,0,4260000
421010125003034,1244,Logan Square,,0,0,4260000
421010125003035,1244,Logan Square,,0,0,4260000
421010125003036,1244,Logan Square,,0,0,4260000
421010125003037,1244,Logan Square,,0,0,4260000
421010125003038,1244,Logan Square,,0,0,4260000
421010125003039,1244,Logan Square,,0,0,4260000
421010125003040,1244,Logan Square,,0,0,4260000
421010125003041,1244,Logan Square,,0,0,4260000
421019800001221,1244,Logan Square,,0,0,4260000
421019800001222,1244,Logan Square,,0,0,4260000
421010004011019,1245,Rittenhouse,,0,0,4260000
421010004011020,1245,Rittenhouse,,371,354,4260000
421010004011021,1245,Rittenhouse,,2,0,4260000
421010004011022,1245,Rittenhouse,,0,0,4260000
421010004011023,1245,Rittenhouse,,0,0,4260000
421010004011024,1245,Rittenhouse,,0,0,4260000
421010004011025,1245,Rittenhouse,,1,0,4260000
421010004011026,1245,Rittenhouse,,218,171,4260000
421010004011027,1245,Rittenhouse,,0,0,4260000
421010004011028,1245,Rittenhouse,,549,475,4260000
421010004011029,1245,Rittenhouse,,29,21,4260000
421010004011030,1245,Rittenhouse,,270,252,4260000
421010004011031,1245,Rittenhouse,,0,0,4260000
421010004021004,1245,Rittenhouse,,0,0,4260000
421010004022014,1245,Rittenhouse,,0,0,4260000
421010004022015,1245,Rittenhouse,,0,0,4260000
421010004022016,1245,Rittenhouse,,0,0,4260000
421010004022017,1245,Rittenhouse,,0,0,4260000
421010004022019,1245,Rittenhouse,,0,0,4260000
421010004022020,1245,Rittenhouse,,136,105,4260000
421010004022021,1245,Rittenhouse,,580,547,4260000
421010004022022,1245,Rittenhouse,,105,84,4260000
421010004022023,1245,Rittenhouse,,67,53,4260000
421010004022024,1245,Rittenhouse,,0,0,4260000
421010004022025,1245,Rittenhouse,,46,124,4260000
421010004022026,1245,Rittenhouse,,0,0,4260000
421010004022027,1245,Rittenhouse,,3,3,4260000
421010004022028,1245,Rittenhouse,,34,18,4260000
421010005001026,1245,Rittenhouse,,0,0,4260000
421010007001000,1245,Rittenhouse,,139,95,4260000
421010007001001,1245,Rittenhouse,,0,0,4260000
421010007001002,1245,Rittenhouse,,314,288,4260000
421010007001003,1245,Rittenhouse,,39,23,4260000
421010007001004,1245,Rittenhouse,,161,137,4260000
421010007002000,1245,Rittenhouse,,169,115,4260000
421010007002001,1245,Rittenhouse,,324,221,4260000
421010007002002,1245,Rittenhouse,,10,5,4260000
421010007002003,1245,Rittenhouse,,36,27,4260000
421010007002004,1245,Rittenhouse,,31,26,4260000
421010007002005,1245,Rittenhouse,,342,314,4260000
421010007002006,1245,Rittenhouse,,15,11,4260000
421010007002007,1245,Rittenhouse,,69,72,4260000
421010007002008,1245,Rittenhouse,,4,2,4260000
421010007002009,1245,Rittenhouse,,21,19,4260000
421010007002010,1245,Rittenhouse,,114,121,4260000
421010007002011,1245,Rittenhouse,,262,195,4260000
421010007002012,1245,Rittenhouse,,2,2,4260000
421010007002013,1245,Rittenhouse,,9,3,4260000
421010007002014,1245,Rittenhouse,,0,0,4260000
421010007002015,1245,Rittenhouse,,137,111,4260000
421010007002016,1245,Rittenhouse,,0,0,4260000
421010007002017,1245,Rittenhouse,,3,1,4260000
421010007002018,1245,Rittenhouse,,2,53,4260000
421010007003000,1245,Rittenhouse,,31,24,4260000
421010007003001,1245,Rittenhouse,,0,0,4260000
421010007003002,1245,Rittenhouse,,0,0,4260000
421010007003003,1245,Rittenhouse,,524,362,4260000
421010007003004,1245,Rittenhouse,,0,0,4260000
421010007003005,1245,Rittenhouse,,0,0,4260000
421010007003006,1245,Rittenhouse,,18,11,4260000
421010007003007,1245,Rittenhouse,,12,6,4260000
421010007003008,1245,Rittenhouse,,26,25,4260000
421010007003009,1245,Rittenhouse,,42,32,4260000
421010007003010,1245,Rittenhouse,,89,75,4260000
421010007003011,1245,Rittenhouse,,137,113,4260000
421010008011000,1245,Rittenhouse,,165,143,4260000
421010008011001,1245,Rittenhouse,,298,209,4260000
421010008011002,1245,Rittenhouse,,216,142,4260000
421010008011003,1245,Rittenhouse,,236,159,4260000
421010008011004,1245,Rittenhouse,,0,0,4260000
421010008011005,1245,Rittenhouse,,0,0,4260000
421010008011006,1245,Rittenhouse,,44,25,4260000
421010008011007,1245,Rittenhouse,,133,82,4260000
421010008011008,1245,Rittenhouse,,52,26,4260000
421010008011009,1245,Rittenhouse,,97,78,4260000
421010008011010,1245,Rittenhouse,,48,28,4260000
421010008011011,1245,Rittenhouse,,39,24,4260000
421010008011012,1245,Rittenhouse,,73,46,4260000
421010008011013,1245,Rittenhouse,,79,57,4260000
421010008011014,1245,Rittenhouse,,82,59,4260000
421010008031000,1245,Rittenhouse,,374,316,4260000
421010008031001,1245,Rittenhouse,,109,68,4260000
421010008031002,1245,Rittenhouse,,146,113,4260000
421010008031003,1245,Rittenhouse,,75,50,4260000
421010008031004,1245,Rittenhouse,,90,82,4260000
421010008032000,1245,Rittenhouse,,499,381,4260000
421010008032001,1245,Rittenhouse,,23,16,4260000
421010008032002,1245,Rittenhouse,,18,13,4260000
421010008032003,1245,Rittenhouse,,196,154,4260000
421010008032004,1245,Rittenhouse,,74,65,4260000
421010008032005,1245,Rittenhouse,,73,44,4260000
421010008032006,1245,Rittenhouse,,187,134,4260000
421010008033000,1245,Rittenhouse,,7,0,4260000
421010008033001,1245,Rittenhouse,,335,281,4260000
421010008033002,1245,Rittenhouse,,109,73,4260000
421010008033003,1245,Rittenhouse,,115,91,4260000
421010008033004,1245,Rittenhouse,,128,96,4260000
421010008034000,1245,Rittenhouse,,289,257,4260000
421010008034001,1245,Rittenhouse,,754,610,4260000
421010008041000,1245,Rittenhouse,,82,69,4260000
421010008041001,1245,Rittenhouse,,439,537,4260000
421010008041002,1245,Rittenhouse,,370,317,4260000
421010008041003,1245,Rittenhouse,,30,17,4260000
421010008041004,1245,Rittenhouse,,28,17,4260000
421010008041005,1245,Rittenhouse,,30,29,4260000
421010008041006,1245,Rittenhouse,,48,36,4260000
421010008041007,1245,Rittenhouse,,137,90,4260000
421010008041008,1245,Rittenhouse,,4,3,4260000
421010008041009,1245,Rittenhouse,,1,1,4260000
421010008041010,1245,Rittenhouse,,125,110,4260000
421010008041011,1245,Rittenhouse,,104,91,4260000
421010008042000,1245,Rittenhouse,,98,111,4260000
421010008042001,1245,Rittenhouse,,711,547,4260000
421010008042002,1245,Rittenhouse,,66,58,4260000
421010008042003,1245,Rittenhouse,,0,0,4260000
421010008043000,1245,Rittenhouse,,76,43,4260000
421010008043001,1245,Rittenhouse,,1,1,4260000
421010008043002,1245,Rittenhouse,,885,705,4260000
421010008043003,1245,Rittenhouse,,189,136,4260000
421010008043004,1245,Rittenhouse,,185,148,4260000
421010012012000,1245,Rittenhouse,,117,88,4260000
421010012012001,1245,Rittenhouse,,132,87,4260000
421010012012002,1245,Rittenhouse,,150,95,4260000
421010012012005,1245,Rittenhouse,,66,34,4260000
421010012012006,1245,Rittenhouse,,85,52,4260000
421010012012007,1245,Rittenhouse,,36,25,4260000
421010012012008,1245,Rittenhouse,,121,67,4260000
421010012012009,1245,Rittenhouse,,101,65,4260000
421010012012012,1245,Rittenhouse,,38,21,4260000
421010012012013,1245,Rittenhouse,,70,53,4260000
421010012013000,1245,Rittenhouse,,58,34,4260000
421010012013001,1245,Rittenhouse,,56,30,4260000
421010012013002,1245,Rittenhouse,,120,78,4260000
421010012013003,1245,Rittenhouse,,93,59,4260000
421010012013004,1245,Rittenhouse,,10,4,4260000
421010012013005,1245,Rittenhouse,,26,12,4260000
421010012013006,1245,Rittenhouse,,70,35,4260000
421010012013007,1245,Rittenhouse,,18,10,4260000
421010012013008,1245,Rittenhouse,,26,15,4260000
421010012013009,1245,Rittenhouse,,113,64,4260000
421010012013010,1245,Rittenhouse,,69,41,4260000
421010012013011,1245,Rittenhouse,,50,29,4260000
421010012013012,1245,Rittenhouse,,68,40,4260000
421010012013013,1245,Rittenhouse,,0,0,4260000
421010012013014,1245,Rittenhouse,,124,78,4260000
421010012013015,1245,Rittenhouse,,55,31,4260000
421010012014000,1245,Rittenhouse,,116,64,4260000
421010012014001,1245,Rittenhouse,,62,34,4260000
421010012014010,1245,Rittenhouse,,45,27,4260000
421010012014011,1245,Rittenhouse,,85,53,4260000
421010012021000,1245,Rittenhouse,,138,107,4260000
421010012021001,1245,Rittenhouse,,679,550,4260000
421010012021002,1245,Rittenhouse,,167,125,4260000
421010012021003,1245,Rittenhouse,,134,87,4260000
421010012021004,1245,Rittenhouse,,110,85,4260000
421010012021005,1245,Rittenhouse,,136,96,4260000
421010012021006,1245,Rittenhouse,,51,43,4260000
421010012021007,1245,Rittenhouse,,46,32,4260000
421010012022000,1245,Rittenhouse,,269,104,4260000
421010012022001,1245,Rittenhouse,,111,79,4260000
421010012022002,1245,Rittenhouse,,118,100,4260000
421010012022003,1245,Rittenhouse,,45,26,4260000
421010012022004,1245,Rittenhouse,,42,31,4260000
421010012022005,1245,Rittenhouse,,30,16,4260000
421010012022006,1245,Rittenhouse,,100,51,4260000
421010012022007,1245,Rittenhouse,,135,83,4260000
421010012022008,1245,Rittenhouse,,44,31,4260000
421010012022009,1245,Rittenhouse,,75,44,4260000
421010012022010,1245,Rittenhouse,,77,44,4260000
421010012022011,1245,Rittenhouse,,69,44,4260000
421010012022012,1245,Rittenhouse,,77,49,4260000
421010012023000,1245,Rittenhouse,,121,100,4260000
421010012023001,1245,Rittenhouse,,67,56,4260000
421010012023002,1245,Rittenhouse,,35,27,4260000
421010012023003,1245,Rittenhouse,,67,50,4260000
421010012023004,1245,Rittenhouse,,52,39,4260000
421010012023005,1245,Rittenhouse,,42,26,4260000
421010012023006,1245,Rittenhouse,,84,60,4260000
421010012023007,1245,Rittenhouse,,196,188,4260000
421010012023008,1245,Rittenhouse,,45,26,4260000
421010012023009,1245,Rittenhouse,,54,40,4260000
421010012023010,1245,Rittenhouse,,52,33,4260000
421010012024000,1245,Rittenhouse,,0,0,4260000
421010012024001,1245,Rittenhouse,,0,0,4260000
421010012024002,1245,Rittenhouse,,112,0,4260000
421010012024003,1245,Rittenhouse,,0,0,4260000
421010012024004,1245,Rittenhouse,,253,191,4260000
421010012024005,1245,Rittenhouse,,24,21,4260000
421010012024006,1245,Rittenhouse,,74,49,4260000
421010012024007,1245,Rittenhouse,,7,3,4260000
421010012024008,1245,Rittenhouse,,5,5,4260000
421010012024009,1245,Rittenhouse,,122,55,4260000
421010012024010,1245,Rittenhouse,,72,37,4260000
421010012024011,1245,Rittenhouse,,73,52,4260000
421010012024012,1245,Rittenhouse,,114,59,4260000
421010012024013,1245,Rittenhouse,,82,58,4260000
421010012025000,1245,Rittenhouse,,183,159,4260000
421010012025001,1245,Rittenhouse,,139,117,4260000
421010012025002,1245,Rittenhouse,,125,69,4260000
421010012025003,1245,Rittenhouse,,33,17,4260000
421010012025004,1245,Rittenhouse,,44,25,4260000
421010012025005,1245,Rittenhouse,,83,39,4260000
421010012025006,1245,Rittenhouse,,124,101,4260000
421010012011000,1246,Fitler Square,,62,42,4260000
421010012011001,1246,Fitler Square,,0,0,4260000
421010012011002,1246,Fitler Square,,10,5,4260000
421010012011003,1246,Fitler Square,,0,0,4260000
421010012011004,1246,Fitler Square,,0,0,4260000
421010012011005,1246,Fitler Square,,0,0,4260000
421010012011006,1246,Fitler Square,,83,45,4260000
421010012011007,1246,Fitler Square,,41,16,4260000
421010012011008,1246,Fitler Square,,70,33,4260000
421010012011009,1246,Fitler Square,,68,40,4260000
421010012011010,1246,Fitler Square,,59,33,4260000
421010012011011,1246,Fitler Square,,53,20,4260000
421010012011012,1246,Fitler Square,,63,33,4260000
421010012011013,1246,Fitler Square,,63,33,4260000
421010012011014,1246,Fitler Square,,55,28,4260000
421010012011015,1246,Fitler Square,,26,18,4260000
421010012011016,1246,Fitler Square,,72,30,4260000
421010012011017,1246,Fitler Square,,32,15,4260000
421010012011018,1246,Fitler Square,,13,9,4260000
421010012012003,1246,Fitler Square,,83,65,4260000
421010012012004,1246,Fitler Square,,56,38,4260000
421010012012010,1246,Fitler Square,,61,44,4260000
421010012012011,1246,Fitler Square,,0,0,4260000
421010012014002,1246,Fitler Square,,116,59,4260000
421010012014003,1246,Fitler Square,,60,31,4260000
421010012014004,1246,Fitler Square,,61,36,4260000
421010012014005,1246,Fitler Square,,86,35,4260000
421010012014006,1246,Fitler Square,,81,42,4260000
421010012014007,1246,Fitler Square,,59,32,4260000
421010012014008,1246,Fitler Square,,77,33,4260000
421010012014009,1246,Fitler Square,,88,53,4260000
421010013005001,1246,Fitler Square,,18,16,4260000
421010013005002,1246,Fitler Square,,33,16,4260000
421010013005003,1246,Fitler Square,,78,40,4260000
421010013005004,1246,Fitler Square,,92,43,4260000
421010013005005,1246,Fitler Square,,101,43,4260000
421010013005006,1246,Fitler Square,,0,0,4260000
421010013005007,1246,Fitler Square,,0,0,4260000
421010013005020,1246,Fitler Square,,63,28,4260000
421010013001000,1247,Graduate Hospital,,86,62,4260000
421010013001001,1247,Graduate Hospital,,65,38,4260000
421010013001002,1247,Graduate Hospital,,102,58,4260000
421010013001003,1247,Graduate Hospital,,105,56,4260000
421010013001004,1247,Graduate Hospital,,29,46,4260000
421010013001005,1247,Graduate Hospital,,72,42,4260000
421010013001006,1247,Graduate Hospital,,70,46,4260000
421010013001007,1247,Graduate Hospital,,109,68,4260000
421010013001008,1247,Graduate Hospital,,89,39,4260000
421010013002000,1247,Graduate Hospital,,164,92,4260000
421010013002001,1247,Graduate Hospital,,186,98,4260000
421010013002002,1247,Graduate Hospital,,56,28,4260000
421010013002003,1247,Graduate Hospital,,43,33,4260000
421010013002004,1247,Graduate Hospital,,94,52,4260000
421010013002005,1247,Graduate Hospital,,59,27,4260000
421010013002006,1247,Graduate Hospital,,53,27,4260000
421010013002007,1247,Graduate Hospital,,32,16,4260000
421010013002008,1247,Graduate Hospital,,25,15,4260000
421010013002009,1247,Graduate Hospital,,104,68,4260000
421010013002010,1247,Graduate Hospital,,50,25,4260000
421010013003000,1247,Graduate Hospital,,118,74,4260000
421010013003001,1247,Graduate Hospital,,125,60,4260000
421010013003002,1247,Graduate Hospital,,114,59,4260000
421010013003003,1247,Graduate Hospital,,58,42,4260000
421010013003004,1247,Graduate Hospital,,52,29,4260000
421010013003005,1247,Graduate Hospital,,98,48,4260000
421010013003006,1247,Graduate Hospital,,76,45,4260000
421010013003007,1247,Graduate Hospital,,0,0,4260000
421010013003008,1247,Graduate Hospital,,0,0,4260000
421010013004000,1247,Graduate Hospital,,18,15,4260000
421010013004001,1247,Graduate Hospital,,32,15,4260000
421010013004002,1247,Graduate Hospital,,58,39,4260000
421010013004003,1247,Graduate Hospital,,63,27,4260000
421010013004004,1247,Graduate Hospital,,27,18,4260000
421010013004005,1247,Graduate Hospital,,64,30,4260000
421010013004006,1247,Graduate Hospital,,71,43,4260000
421010013004007,1247,Graduate Hospital,,82,35,4260000
421010013004008,1247,Graduate Hospital,,99,63,4260000
421010013004009,1247,Graduate Hospital,,69,29,4260000
421010013004010,1247,Graduate Hospital,,23,14,4260000
421010013004011,1247,Graduate Hospital,,42,15,4260000
421010013004012,1247,Graduate Hospital,,73,59,4260000
421010013005000,1247,Graduate Hospital,,0,0,4260000
421010013005008,1247,Graduate Hospital,,0,0,4260000
421010013005009,1247,Graduate Hospital,,0,0,4260000
421010013005010,1247,Graduate Hospital,,0,0,4260000
421010013005011,1247,Graduate Hospital,,0,0,4260000
421010013005012,1247,Graduate Hospital,,368,250,4260000
421010013005013,1247,Graduate Hospital,,72,42,4260000
421010013005014,1247,Graduate Hospital,,30,22,4260000
421010013005015,1247,Graduate Hospital,,0,0,4260000
421010013005016,1247,Graduate Hospital,,89,48,4260000
421010013005017,1247,Graduate Hospital,,255,175,4260000
421010013005018,1247,Graduate Hospital,,2,1,4260000
421010013005019,1247,Graduate Hospital,,0,0,4260000
421010013005021,1247,Graduate Hospital,,66,44,4260000
421010013005022,1247,Graduate Hospital,,44,28,4260000
421010013005023,1247,Graduate Hospital,,46,28,4260000
421010013005024,1247,Graduate Hospital,,104,54,4260000
421010013005025,1247,Graduate Hospital,,127,65,4260000
421010013005026,1247,Graduate Hospital,,122,58,4260000
421010013005027,1247,Graduate Hospital,,21,10,4260000
421010013005028,1247,Graduate Hospital,,62,56,4260000
421010013005029,1247,Graduate Hospital,,12,8,4260000
421010013005030,1247,Graduate Hospital,,56,35,4260000
421010013005031,1247,Graduate Hospital,,33,23,4260000
421010013005032,1247,Graduate Hospital,,0,0,4260000
421010013005033,1247,Graduate Hospital,,0,0,4260000
421010013005036,1247,Graduate Hospital,,16,8,4260000
421010013005037,1247,Graduate Hospital,,68,29,4260000
421010013005038,1247,Graduate Hospital,,9,3,4260000
421010014001000,1247,Graduate Hospital,,51,27,4260000
421010014001001,1247,Graduate Hospital,,96,71,4260000
421010014001002,1247,Graduate Hospital,,117,63,4260000
421010014001003,1247,Graduate Hospital,,108,65,4260000
421010014001004,1247,Graduate Hospital,,124,72,4260000
421010014001005,1247,Graduate Hospital,,141,96,4260000
421010014001006,1247,Graduate Hospital,,71,40,4260000
421010014001007,1247,Graduate Hospital,,96,50,4260000
421010014001008,1247,Graduate Hospital,,118,68,4260000
421010014001009,1247,Graduate Hospital,,35,19,4260000
421010014001010,1247,Graduate Hospital,,45,17,4260000
421010014001011,1247,Graduate Hospital,,67,40,4260000
421010014001012,1247,Graduate Hospital,,84,41,4260000
421010014001013,1247,Graduate Hospital,,58,42,4260000
421010014001014,1247,Graduate Hospital,,69,44,4260000
421010014001015,1247,Graduate Hospital,,43,27,4260000
421010014001016,1247,Graduate Hospital,,81,45,4260000
421010014001017,1247,Graduate Hospital,,61,34,4260000
421010014002000,1247,Graduate Hospital,,132,82,4260000
421010014002001,1247,Graduate Hospital,,136,73,4260000
421010014002002,1247,Graduate Hospital,,127,80,4260000
421010014002003,1247,Graduate Hospital,,150,89,4260000
421010014002004,1247,Graduate Hospital,,106,66,4260000
421010014002005,1247,Graduate Hospital,,47,32,4260000
421010014002006,1247,Graduate Hospital,,67,39,4260000
421010014003000,1247,Graduate Hospital,,40,15,4260000
421010014003001,1247,Graduate Hospital,,40,40,4260000
421010014003002,1247,Graduate Hospital,,107,62,4260000
421010014003003,1247,Graduate Hospital,,0,0,4260000
421010014003004,1247,Graduate Hospital,,98,60,4260000
421010014003005,1247,Graduate Hospital,,114,58,4260000
421010014003006,1247,Graduate Hospital,,108,65,4260000
421010014003007,1247,Graduate Hospital,,3,5,4260000
421010014003008,1247,Graduate Hospital,,83,52,4260000
421010014003009,1247,Graduate Hospital,,94,35,4260000
421010014003010,1247,Graduate Hospital,,44,24,4260000
421010014003011,1247,Graduate Hospital,,235,179,4260000
421010014003012,1247,Graduate Hospital,,54,22,4260000
421010014003013,1247,Graduate Hospital,,61,30,4260000
421010014003014,1247,Graduate Hospital,,52,33,4260000
421010014003015,1247,Graduate Hospital,,77,41,4260000
421010014003016,1247,Graduate Hospital,,65,42,4260000
421010014003017,1247,Graduate Hospital,,60,27,4260000
421010014003018,1247,Graduate Hospital,,175,145,4260000
421010014003019,1247,Graduate Hospital,,45,22,4260000
421010014003020,1247,Graduate Hospital,,93,57,4260000
421010014003021,1247,Graduate Hospital,,58,37,4260000
421010014003022,1247,Graduate Hospital,,14,0,4260000
421010019001000,1247,Graduate Hospital,,187,88,4260000
421010019001001,1247,Graduate Hospital,,116,56,4260000
421010019001002,1247,Graduate Hospital,,201,105,4260000
421010019001003,1247,Graduate Hospital,,90,67,4260000
421010019001004,1247,Graduate Hospital,,56,25,4260000
421010019001005,1247,Graduate Hospital,,88,64,4260000
421010019001006,1247,Graduate Hospital,,112,53,4260000
421010019001007,1247,Graduate Hospital,,61,23,4260000
421010019002000,1247,Graduate Hospital,,90,47,4260000
421010019002001,1247,Graduate Hospital,,0,0,4260000
421010019002002,1247,Graduate Hospital,,104,66,4260000
421010019002003,1247,Graduate Hospital,,31,23,4260000
421010019002004,1247,Graduate Hospital,,99,61,4260000
421010019002005,1247,Graduate Hospital,,82,49,4260000
421010019002006,1247,Graduate Hospital,,107,62,4260000
421010019002007,1247,Graduate Hospital,,110,63,4260000
421010019002008,1247,Graduate Hospital,,107,59,4260000
421010019002009,1247,Graduate Hospital,,60,35,4260000
421010019002010,1247,Graduate Hospital,,61,38,4260000
421010019002011,1247,Graduate Hospital,,69,41,4260000
421010019002012,1247,Graduate Hospital,,70,35,4260000
421010019002013,1247,Graduate Hospital,,65,31,4260000
421010019002014,1247,Graduate Hospital,,66,33,4260000
421010019002015,1247,Graduate Hospital,,17,11,4260000
421010019002016,1247,Graduate Hospital,,21,12,4260000
421010019002017,1247,Graduate Hospital,,19,8,4260000
421010019002018,1247,Graduate Hospital,,0,0,4260000
421010019003000,1247,Graduate Hospital,,0,0,4260000
421010019003001,1247,Graduate Hospital,,32,22,4260000
421010019003002,1247,Graduate Hospital,,33,14,4260000
421010019003003,1247,Graduate Hospital,,98,60,4260000
421010019003004,1247,Graduate Hospital,,117,61,4260000
421010019003005,1247,Graduate Hospital,,27,13,4260000
421010019003006,1247,Graduate Hospital,,0,0,4260000
421010019003007,1247,Graduate Hospital,,0,0,4260000
421010019003008,1247,Graduate Hospital,,110,59,4260000
421010019003009,1247,Graduate Hospital,,89,44,4260000
421010019003010,1247,Graduate Hospital,,0,5,4260000
421010019003011,1247,Graduate Hospital,,69,56,4260000
421010019003012,1247,Graduate Hospital,,29,16,4260000
421010019003013,1247,Graduate Hospital,,28,19,4260000
421010020001000,1248,Point Breeze,,0,0,4260000
421010020001001,1248,Point Breeze,,0,0,4260000
421010020001002,1248,Point Breeze,,0,0,4260000
421010020001003,1248,Point Breeze,,90,37,4260000
421010020001004,1248,Point Breeze,,29,15,4260000
421010020001005,1248,Point Breeze,,112,50,4260000
421010020001006,1248,Point Breeze,,19,13,4260000
421010020001007,1248,Point Breeze,,35,22,4260000
421010020001008,1248,Point Breeze,,46,27,4260000
421010020001009,1248,Point Breeze,,65,33,4260000
421010020001010,1248,Point Breeze,,71,31,4260000
421010020001011,1248,Point Breeze,,71,58,4260000
421010020001012,1248,Point Breeze,,118,67,4260000
421010020001013,1248,Point Breeze,,78,47,4260000
421010020001014,1248,Point Breeze,,71,38,4260000
421010020001015,1248,Point Breeze,,72,32,4260000
421010020001016,1248,Point Breeze,,98,43,4260000
421010020001017,1248,Point Breeze,,103,45,4260000
421010020001018,1248,Point Breeze,,68,43,4260000
421010020001019,1248,Point Breeze,,102,40,4260000
421010020001020,1248,Point Breeze,,45,24,4260000
421010020002014,1248,Point Breeze,,0,0,4260000
421010020002015,1248,Point Breeze,,112,44,4260000
421010020002016,1248,Point Breeze,,95,39,4260000
421010021001000,1248,Point Breeze,,0,0,4260000
421010021001001,1248,Point Breeze,,0,0,4260000
421010021001002,1248,Point Breeze,,51,25,4260000
421010021001003,1248,Point Breeze,,48,16,4260000
421010021001004,1248,Point Breeze,,70,25,4260000
421010021001005,1248,Point Breeze,,35,18,4260000
421010021001006,1248,Point Breeze,,79,41,4260000
421010021001007,1248,Point Breeze,,84,49,4260000
421010021001008,1248,Point Breeze,,74,40,4260000
421010021001009,1248,Point Breeze,,83,38,4260000
421010021001010,1248,Point Breeze,,70,30,4260000
421010021001011,1248,Point Breeze,,40,23,4260000
421010021001012,1248,Point Breeze,,30,14,4260000
421010021001013,1248,Point Breeze,,83,38,4260000
421010021002000,1248,Point Breeze,,0,0,4260000
421010021002001,1248,Point Breeze,,0,0,4260000
421010021002002,1248,Point Breeze,,66,36,4260000
421010021002003,1248,Point Breeze,,83,44,4260000
421010021002004,1248,Point Breeze,,44,31,4260000
421010021002005,1248,Point Breeze,,37,29,4260000
421010021002006,1248,Point Breeze,,97,51,4260000
421010021002007,1248,Point Breeze,,0,3,4260000
421010021002008,1248,Point Breeze,,61,34,4260000
421010021002009,1248,Point Breeze,,64,38,4260000
421010021002010,1248,Point Breeze,,47,31,4260000
421010021002011,1248,Point Breeze,,67,35,4260000
421010021002012,1248,Point Breeze,,67,36,4260000
421010021002013,1248,Point Breeze,,118,46,4260000
421010021002014,1248,Point Breeze,,76,43,4260000
421010021002015,1248,Point Breeze,,81,47,4260000
421010021002016,1248,Point Breeze,,68,46,4260000
421010021002017,1248,Point Breeze,,69,44,4260000
421010021002018,1248,Point Breeze,,44,29,4260000
421010021002019,1248,Point Breeze,,34,25,4260000
421010021002020,1248,Point Breeze,,84,49,4260000
421010021002021,1248,Point Breeze,,82,36,4260000
421010022001000,1248,Point Breeze,,308,327,4260000
421010022001001,1248,Point Breeze,,21,0,4260000
421010022001002,1248,Point Breeze,,75,33,4260000
421010022001003,1248,Point Breeze,,27,9,4260000
421010022001004,1248,Point Breeze,,154,73,4260000
421010022001005,1248,Point Breeze,,72,43,4260000
421010022002000,1248,Point Breeze,,110,73,4260000
421010022002001,1248,Point Breeze,,114,42,4260000
421010022002002,1248,Point Breeze,,132,50,4260000
421010022002003,1248,Point Breeze,,118,48,4260000
421010022002004,1248,Point Breeze,,50,23,4260000
421010022002005,1248,Point Breeze,,102,50,4260000
421010022002006,1248,Point Breeze,,88,38,4260000
421010022003000,1248,Point Breeze,,78,34,4260000
421010022003001,1248,Point Breeze,,0,0,4260000
421010022003002,1248,Point Breeze,,56,40,4260000
421010022003003,1248,Point Breeze,,107,44,4260000
421010022003004,1248,Point Breeze,,113,50,4260000
421010022003005,1248,Point Breeze,,100,46,4260000
421010022003006,1248,Point Breeze,,55,33,4260000
421010022003007,1248,Point Breeze,,54,32,4260000
421010022003008,1248,Point Breeze,,41,23,4260000
421010022003009,1248,Point Breeze,,90,52,4260000
421010022003010,1248,Point Breeze,,49,34,4260000
421010022003011,1248,Point Breeze,,78,38,4260000
421010022003012,1248,Point Breeze,,89,35,4260000
421010029002004,1248,Point Breeze,,2,1,4260000
421010029002011,1248,Point Breeze,,0,0,4260000
421010029003009,1248,Point Breeze,,0,0,4260000
421010029003010,1248,Point Breeze,,0,0,4260000
421010030021000,1248,Point Breeze,,104,70,4260000
421010030021001,1248,Point Breeze,,157,59,4260000
421010030021002,1248,Point Breeze,,111,58,4260000
421010030021003,1248,Point Breeze,,92,47,4260000
421010030021004,1248,Point Breeze,,136,55,4260000
421010030021005,1248,Point Breeze,,120,56,4260000
421010030021006,1248,Point Breeze,,122,46,4260000
421010030021007,1248,Point Breeze,,87,43,4260000
421010030022000,1248,Point Breeze,,130,56,4260000
421010030022001,1248,Point Breeze,,98,41,4260000
421010030022002,1248,Point Breeze,,77,32,4260000
421010030022003,1248,Point Breeze,,82,36,4260000
421010030022004,1248,Point Breeze,,109,54,4260000
421010030022005,1248,Point Breeze,,88,48,4260000
421010030022006,1248,Point Breeze,,110,51,4260000
421010030022007,1248,Point Breeze,,114,103,4260000
421010030023000,1248,Point Breeze,,82,41,4260000
421010030023001,1248,Point Breeze,,37,28,4260000
421010030023002,1248,Point Breeze,,65,24,4260000
421010030023003,1248,Point Breeze,,95,40,4260000
421010030023004,1248,Point Breeze,,54,33,4260000
421010030023005,1248,Point Breeze,,52,45,4260000
421010030023006,1248,Point Breeze,,116,46,4260000
421010030023007,1248,Point Breeze,,60,43,4260000
421010030023008,1248,Point Breeze,,64,38,4260000
421010030024000,1248,Point Breeze,,145,75,4260000
421010030024001,1248,Point Breeze,,199,71,4260000
421010030024002,1248,Point Breeze,,135,53,4260000
421010030024003,1248,Point Breeze,,113,62,4260000
421010030024004,1248,Point Breeze,,94,53,4260000
421010030024005,1248,Point Breeze,,56,19,4260000
421010030024006,1248,Point Breeze,,96,41,4260000
421010030024007,1248,Point Breeze,,0,0,4260000
421010031001000,1248,Point Breeze,,33,12,4260000
421010031001001,1248,Point Breeze,,35,21,4260000
421010031001002,1248,Point Breeze,,17,20,4260000
421010031001003,1248,Point Breeze,,0,0,4260000
421010031001004,1248,Point Breeze,,80,43,4260000
421010031001005,1248,Point Breeze,,28,22,4260000
421010031001006,1248,Point Breeze,,7,6,4260000
421010031001007,1248,Point Breeze,,1,1,4260000
421010031001008,1248,Point Breeze,,30,15,4260000
421010031001009,1248,Point Breeze,,0,1,4260000
421010031001010,1248,Point Breeze,,0,0,4260000
421010031001011,1248,Point Breeze,,0,1,4260000
421010031001012,1248,Point Breeze,,49,29,4260000
421010031001013,1248,Point Breeze,,52,33,4260000
421010031001014,1248,Point Breeze,,80,42,4260000
421010031001015,1248,Point Breeze,,60,30,4260000
421010031001016,1248,Point Breeze,,55,37,4260000
421010031001017,1248,Point Breeze,,56,33,4260000
421010031001018,1248,Point Breeze,,59,35,4260000
421010031001019,1248,Point Breeze,,108,53,4260000
421010031001020,1248,Point Breeze,,101,45,4260000
421010031001021,1248,Point Breeze,,93,43,4260000
421010031002000,1248,Point Breeze,,82,42,4260000
421010031002001,1248,Point Breeze,,65,34,4260000
421010031002002,1248,Point Breeze,,83,41,4260000
421010031002003,1248,Point Breeze,,75,39,4260000
421010031002004,1248,Point Breeze,,92,47,4260000
421010031002005,1248,Point Breeze,,137,50,4260000
421010031003000,1248,Point Breeze,,142,57,4260000
421010031003001,1248,Point Breeze,,121,57,4260000
421010031003002,1248,Point Breeze,,131,58,4260000
421010031003003,1248,Point Breeze,,71,40,4260000
421010031003004,1248,Point Breeze,,71,42,4260000
421010031003005,1248,Point Breeze,,81,42,4260000
421010031004000,1248,Point Breeze,,74,41,4260000
421010031004001,1248,Point Breeze,,134,59,4260000
421010031004002,1248,Point Breeze,,72,45,4260000
421010031004003,1248,Point Breeze,,88,44,4260000
421010031004004,1248,Point Breeze,,106,52,4260000
421010031004005,1248,Point Breeze,,100,57,4260000
421010031004006,1248,Point Breeze,,104,43,4260000
421010031004007,1248,Point Breeze,,124,49,4260000
421010031004008,1248,Point Breeze,,136,61,4260000
421010031005000,1248,Point Breeze,,95,50,4260000
421010031005001,1248,Point Breeze,,103,51,4260000
421010031005002,1248,Point Breeze,,83,58,4260000
421010031005003,1248,Point Breeze,,85,45,4260000
421010031005004,1248,Point Breeze,,58,45,4260000
421010031005005,1248,Point Breeze,,70,35,4260000
421010031005006,1248,Point Breeze,,84,43,4260000
421010031005007,1248,Point Breeze,,61,40,4260000
421010031005008,1248,Point Breeze,,75,31,4260000
421010031005009,1248,Point Breeze,,37,22,4260000
421010031005010,1248,Point Breeze,,115,54,4260000
421010031006000,1248,Point Breeze,,70,42,4260000
421010031006001,1248,Point Breeze,,48,29,4260000
421010031006002,1248,Point Breeze,,43,31,4260000
421010031006003,1248,Point Breeze,,4,5,4260000
421010031006004,1248,Point Breeze,,41,20,4260000
421010031006005,1248,Point Breeze,,27,19,4260000
421010031006006,1248,Point Breeze,,0,0,4260000
421010031006007,1248,Point Breeze,,96,85,4260000
421010031006008,1248,Point Breeze,,93,47,4260000
421010031006009,1248,Point Breeze,,56,32,4260000
421010031006010,1248,Point Breeze,,60,37,4260000
421010032001000,1248,Point Breeze,,109,51,4260000
421010032001001,1248,Point Breeze,,0,0,4260000
421010032001002,1248,Point Breeze,,86,50,4260000
421010032001003,1248,Point Breeze,,104,53,4260000
421010032001004,1248,Point Breeze,,105,55,4260000
421010032001005,1248,Point Breeze,,85,51,4260000
421010032001006,1248,Point Breeze,,68,47,4260000
421010032001007,1248,Point Breeze,,100,44,4260000
421010032001008,1248,Point Breeze,,79,39,4260000
421010032001009,1248,Point Breeze,,64,46,4260000
421010032002000,1248,Point Breeze,,103,53,4260000
421010032002001,1248,Point Breeze,,102,42,4260000
421010032002002,1248,Point Breeze,,60,37,4260000
421010032002003,1248,Point Breeze,,137,50,4260000
421010032002004,1248,Point Breeze,,85,48,4260000
421010032002005,1248,Point Breeze,,61,46,4260000
421010032002006,1248,Point Breeze,,0,0,4260000
421010032003000,1248,Point Breeze,,42,20,4260000
421010032003001,1248,Point Breeze,,59,31,4260000
421010032003002,1248,Point Breeze,,106,42,4260000
421010032003003,1248,Point Breeze,,123,49,4260000
421010032003004,1248,Point Breeze,,112,48,4260000
421010032003005,1248,Point Breeze,,66,19,4260000
421010032003006,1248,Point Breeze,,6,4,4260000
421010032003007,1248,Point Breeze,,110,48,4260000
421010032003008,1248,Point Breeze,,154,58,4260000
421010032003009,1248,Point Breeze,,0,0,4260000
421010032003010,1248,Point Breeze,,88,39,4260000
421010032003011,1248,Point Breeze,,60,28,4260000
421010032003012,1248,Point Breeze,,97,37,4260000
421010032003013,1248,Point Breeze,,0,0,4260000
421010032003014,1248,Point Breeze,,86,42,4260000
421010032004000,1248,Point Breeze,,69,32,4260000
421010032004001,1248,Point Breeze,,80,49,4260000
421010032004002,1248,Point Breeze,,0,0,4260000
421010032004008,1248,Point Breeze,,26,6,4260000
421010032004009,1248,Point Breeze,,42,28,4260000
421010032004010,1248,Point Breeze,,63,34,4260000
421010032004011,1248,Point Breeze,,90,46,4260000
421010032004012,1248,Point Breeze,,99,54,4260000
421010032004013,1248,Point Breeze,,49,25,4260000
421010032005000,1248,Point Breeze,,117,50,4260000
421010032005001,1248,Point Breeze,,104,54,4260000
421010032005002,1248,Point Breeze,,0,0,4260000
421010032005007,1248,Point Breeze,,83,28,4260000
421010032005008,1248,Point Breeze,,136,53,4260000
421010032005009,1248,Point Breeze,,106,47,4260000
421010015002004,1249,Hawthorne,,51,25,4260000
421010015002005,1249,Hawthorne,,9,5,4260000
421010015002006,1249,Hawthorne,,70,41,4260000
421010015002007,1249,Hawthorne,,62,35,4260000
421010015002008,1249,Hawthorne,,92,48,4260000
421010015002009,1249,Hawthorne,,36,20,4260000
421010015002010,1249,Hawthorne,,56,81,4260000
421010015002011,1249,Hawthorne,,0,0,4260000
421010015002012,1249,Hawthorne,,0,0,4260000
421010015002013,1249,Hawthorne,,0,0,4260000
421010015002014,1249,Hawthorne,,0,0,4260000
421010015002015,1249,Hawthorne,,8,4,4260000
421010015002016,1249,Hawthorne,,4,6,4260000
421010015002017,1249,Hawthorne,,134,27,4260000
421010015002018,1249,Hawthorne,,102,50,4260000
421010015002019,1249,Hawthorne,,63,40,4260000
421010015002020,1249,Hawthorne,,40,22,4260000
421010015002021,1249,Hawthorne,,33,13,4260000
421010015002022,1249,Hawthorne,,20,11,4260000
421010015002023,1249,Hawthorne,,84,34,4260000
421010015002024,1249,Hawthorne,,107,40,4260000
421010015002025,1249,Hawthorne,,34,20,4260000
421010015002026,1249,Hawthorne,,0,0,4260000
421010015002027,1249,Hawthorne,,0,0,4260000
421010015002028,1249,Hawthorne,,0,0,4260000
421010015002029,1249,Hawthorne,,5,2,4260000
421010015002030,1249,Hawthorne,,24,11,4260000
421010015002031,1249,Hawthorne,,0,0,4260000
421010015002037,1249,Hawthorne,,68,31,4260000
421010015002038,1249,Hawthorne,,45,21,4260000
421010015002039,1249,Hawthorne,,46,21,4260000
421010015002040,1249,Hawthorne,,60,36,4260000
421010015002041,1249,Hawthorne,,73,53,4260000
421010015002042,1249,Hawthorne,,0,54,4260000
421010018002007,1249,Hawthorne,,98,52,4260000
421010018002008,1249,Hawthorne,,44,20,4260000
421010018002009,1249,Hawthorne,,24,15,4260000
421010018002010,1249,Hawthorne,,17,8,4260000
421010018002011,1249,Hawthorne,,27,15,4260000
421010018002012,1249,Hawthorne,,54,20,4260000
421010018002013,1249,Hawthorne,,40,28,4260000
421010018002014,1249,Hawthorne,,105,38,4260000
421010018002015,1249,Hawthorne,,108,39,4260000
421010018002016,1249,Hawthorne,,0,0,4260000
421010018002017,1249,Hawthorne,,0,0,4260000
421010018002018,1249,Hawthorne,,5,145,4260000
421010018002019,1249,Hawthorne,,0,0,4260000
421010018002020,1249,Hawthorne,,0,0,4260000
421010018002021,1249,Hawthorne,,0,0,4260000
421010018002022,1249,Hawthorne,,0,0,4260000
421010018002023,1249,Hawthorne,,96,37,4260000
421010018002024,1249,Hawthorne,,0,0,4260000
421010018002025,1249,Hawthorne,,0,0,4260000
421010018002026,1249,Hawthorne,,88,34,4260000
421010018002027,1249,Hawthorne,,0,0,4260000
421010018002028,1249,Hawthorne,,73,36,4260000
421010018002029,1249,Hawthorne,,86,48,4260000
421010018002037,1249,Hawthorne,,68,29,4260000
421010018002038,1249,Hawthorne,,111,44,4260000
421010018002039,1249,Hawthorne,,111,45,4260000
421010018002040,1249,Hawthorne,,0,0,4260000
421010018002041,1249,Hawthorne,,0,0,4260000
421010024003004,1249,Hawthorne,,39,19,4260000
421010024003005,1249,Hawthorne,,56,34,4260000
421010024003006,1249,Hawthorne,,52,28,4260000
421010024003008,1249,Hawthorne,,33,18,4260000
421010024003009,1249,Hawthorne,,36,23,4260000
421010024003010,1249,Hawthorne,,48,18,4260000
421010024003014,1249,Hawthorne,,67,32,4260000
421010024003015,1249,Hawthorne,,5,2,4260000
421010024005000,1249,Hawthorne,,84,43,4260000
421010024005001,1249,Hawthorne,,93,53,4260000
421010024005002,1249,Hawthorne,,0,0,4260000
421010024005003,1249,Hawthorne,,0,0,4260000
421010024005004,1249,Hawthorne,,0,0,4260000
421010024005005,1249,Hawthorne,,0,0,4260000
421010024005006,1249,Hawthorne,,58,34,4260000
421010024005007,1249,Hawthorne,,71,36,4260000
421010024005008,1249,Hawthorne,,95,60,4260000
421010024005009,1249,Hawthorne,,18,9,4260000
421010024005010,1249,Hawthorne,,98,53,4260000
421010024005011,1249,Hawthorne,,126,76,4260000
421010024005012,1249,Hawthorne,,0,0,4260000
421010015001000,1250,Bella Vista,,57,39,4260000
421010015001001,1250,Bella Vista,,65,42,4260000
421010015001002,1250,Bella Vista,,104,77,4260000
421010015001003,1250,Bella Vista,,86,48,4260000
421010015001004,1250,Bella Vista,,58,42,4260000
421010015001005,1250,Bella Vista,,43,27,4260000
421010015001006,1250,Bella Vista,,65,38,4260000
421010015001007,1250,Bella Vista,,156,90,4260000
421010015001008,1250,Bella Vista,,87,44,4260000
421010015001009,1250,Bella Vista,,97,42,4260000
421010015001010,1250,Bella Vista,,21,14,4260000
421010015001011,1250,Bella Vista,,39,15,4260000
421010015001012,1250,Bella Vista,,64,36,4260000
421010015002000,1250,Bella Vista,,46,22,4260000
421010015002001,1250,Bella Vista,,57,28,4260000
421010015002002,1250,Bella Vista,,56,35,4260000
421010015002003,1250,Bella Vista,,98,58,4260000
421010015002032,1250,Bella Vista,,0,0,4260000
421010015002033,1250,Bella Vista,,70,34,4260000
421010015002034,1250,Bella Vista,,61,35,4260000
421010015002035,1250,Bella Vista,,33,17,4260000
421010015002036,1250,Bella Vista,,19,11,4260000
421010018001000,1250,Bella Vista,,30,18,4260000
421010018001001,1250,Bella Vista,,248,130,4260000
421010018001002,1250,Bella Vista,,106,52,4260000
421010018001003,1250,Bella Vista,,51,32,4260000
421010018001004,1250,Bella Vista,,79,54,4260000
421010018001005,1250,Bella Vista,,77,47,4260000
421010018001006,1250,Bella Vista,,88,53,4260000
421010018001007,1250,Bella Vista,,129,75,4260000
421010018001008,1250,Bella Vista,,80,45,4260000
421010018001009,1250,Bella Vista,,0,0,4260000
421010018002000,1250,Bella Vista,,70,38,4260000
421010018002001,1250,Bella Vista,,79,42,4260000
421010018002002,1250,Bella Vista,,108,71,4260000
421010018002003,1250,Bella Vista,,63,39,4260000
421010018002004,1250,Bella Vista,,69,32,4260000
421010018002005,1250,Bella Vista,,78,37,4260000
421010018002006,1250,Bella Vista,,52,23,4260000
421010018002030,1250,Bella Vista,,41,26,4260000
421010018002031,1250,Bella Vista,,18,10,4260000
421010018002032,1250,Bella Vista,,46,35,4260000
421010018002033,1250,Bella Vista,,65,42,4260000
421010018002034,1250,Bella Vista,,33,19,4260000
421010018002035,1250,Bella Vista,,46,20,4260000
421010018002036,1250,Bella Vista,,62,35,4260000
421010024001000,1250,Bella Vista,,73,42,4260000
421010024001001,1250,Bella Vista,,72,48,4260000
421010024001002,1250,Bella Vista,,80,50,4260000
421010024001003,1250,Bella Vista,,91,52,4260000
421010024001004,1250,Bella Vista,,92,60,4260000
421010024001005,1250,Bella Vista,,13,6,4260000
421010024001006,1250,Bella Vista,,17,12,4260000
421010024001007,1250,Bella Vista,,33,22,4260000
421010024001008,1250,Bella Vista,,126,66,4260000
421010024001009,1250,Bella Vista,,127,64,4260000
421010024002000,1250,Bella Vista,,124,54,4260000
421010024003000,1250,Bella Vista,,67,32,4260000
421010024003001,1250,Bella Vista,,94,39,4260000
421010024003002,1250,Bella Vista,,41,22,4260000
421010024003003,1250,Bella Vista,,23,19,4260000
421010024003007,1250,Bella Vista,,61,34,4260000
421010024003011,1250,Bella Vista,,77,34,4260000
421010024003012,1250,Bella Vista,,52,27,4260000
421010024003013,1250,Bella Vista,,86,34,4260000
421010024003020,1250,Bella Vista,,53,28,4260000
421010024003021,1250,Bella Vista,,145,59,4260000
421010024004000,1250,Bella Vista,,30,18,4260000
421010024004001,1250,Bella Vista,,110,52,4260000
421010024004002,1250,Bella Vista,,67,34,4260000
421010024004003,1250,Bella Vista,,75,30,4260000
421010024004004,1250,Bella Vista,,83,31,4260000
421010024004005,1250,Bella Vista,,36,15,4260000
421010024004011,1250,Bella Vista,,23,14,4260000
421010016001000,1251,Queen Village,,59,34,4260000
421010016001001,1251,Queen Village,,44,24,4260000
421010016001002,1251,Queen Village,,19,14,4260000
421010016001003,1251,Queen Village,,44,31,4260000
421010016001004,1251,Queen Village,,8,5,4260000
421010016001005,1251,Queen Village,,32,19,4260000
421010016001006,1251,Queen Village,,20,16,4260000
421010016001007,1251,Queen Village,,0,0,4260000
421010016001008,1251,Queen Village,,0,0,4260000
421010016001009,1251,Queen Village,,3,1,4260000
421010016001010,1251,Queen Village,,0,0,4260000
421010016001011,1251,Queen Village,,53,40,4260000
421010016001012,1251,Queen Village,,24,14,4260000
421010016001013,1251,Queen Village,,115,59,4260000
421010016001014,1251,Queen Village,,22,16,4260000
421010016001015,1251,Queen Village,,58,43,4260000
421010016001016,1251,Queen Village,,56,42,4260000
421010016001017,1251,Queen Village,,28,14,4260000
421010016001018,1251,Queen Village,,35,22,4260000
421010016001019,1251,Queen Village,,13,5,4260000
421010016001020,1251,Queen Village,,2,2,4260000
421010016001021,1251,Queen Village,,2,1,4260000
421010016001022,1251,Queen Village,,2,1,4260000
421010016001023,1251,Queen Village,,32,19,4260000
421010016001024,1251,Queen Village,,26,18,4260000
421010016001025,1251,Queen Village,,34,18,4260000
421010016001026,1251,Queen Village,,18,24,4260000
421010016001027,1251,Queen Village,,80,45,4260000
421010016001028,1251,Queen Village,,105,52,4260000
421010016002000,1251,Queen Village,,98,45,4260000
421010016002001,1251,Queen Village,,52,40,4260000
421010016002002,1251,Queen Village,,61,34,4260000
421010016002003,1251,Queen Village,,48,23,4260000
421010016002004,1251,Queen Village,,107,70,4260000
421010016002005,1251,Queen Village,,114,83,4260000
421010016002006,1251,Queen Village,,141,71,4260000
421010016002007,1251,Queen Village,,131,61,4260000
421010016002008,1251,Queen Village,,98,50,4260000
421010016002009,1251,Queen Village,,85,42,4260000
421010016002010,1251,Queen Village,,193,115,4260000
421010016002011,1251,Queen Village,,130,81,4260000
421010017001000,1251,Queen Village,,0,0,4260000
421010017001001,1251,Queen Village,,44,22,4260000
421010017001002,1251,Queen Village,,216,129,4260000
421010017001003,1251,Queen Village,,156,87,4260000
421010017001004,1251,Queen Village,,0,0,4260000
421010017001005,1251,Queen Village,,21,11,4260000
421010017001006,1251,Queen Village,,76,44,4260000
421010017001007,1251,Queen Village,,50,30,4260000
421010017001008,1251,Queen Village,,163,87,4260000
421010017001009,1251,Queen Village,,38,30,4260000
421010017001010,1251,Queen Village,,58,27,4260000
421010017001011,1251,Queen Village,,24,12,4260000
421010017001012,1251,Queen Village,,140,77,4260000
421010017001013,1251,Queen Village,,72,45,4260000
421010017001014,1251,Queen Village,,0,0,4260000
421010017001015,1251,Queen Village,,65,36,4260000
421010017001016,1251,Queen Village,,31,21,4260000
421010017001017,1251,Queen Village,,43,17,4260000
421010017002000,1251,Queen Village,,208,111,4260000
421010017002001,1251,Queen Village,,220,112,4260000
421010017002002,1251,Queen Village,,88,46,4260000
421010017002003,1251,Queen Village,,82,52,4260000
421010017002004,1251,Queen Village,,48,27,4260000
421010017002005,1251,Queen Village,,24,19,4260000
421010017002006,1251,Queen Village,,149,97,4260000
421010017002007,1251,Queen Village,,48,27,4260000
421010017002008,1251,Queen Village,,0,1,4260000
421010017002009,1251,Queen Village,,66,34,4260000
421010017002010,1251,Queen Village,,56,32,4260000
421010017002011,1251,Queen Village,,60,31,4260000
421010017002012,1251,Queen Village,,1,1,4260000
421010017002013,1251,Queen Village,,53,36,4260000
421010017002014,1251,Queen Village,,140,89,4260000
421010017002015,1251,Queen Village,,15,9,4260000
421010017002016,1251,Queen Village,,126,68,4260000
421010017002017,1251,Queen Village,,66,31,4260000
421010025001000,1251,Queen Village,,40,24,4260000
421010025001001,1251,Queen Village,,124,66,4260000
421010025001002,1251,Queen Village,,21,16,4260000
421010025001003,1251,Queen Village,,13,4,4260000
421010025001004,1251,Queen Village,,59,30,4260000
421010025001005,1251,Queen Village,,83,46,4260000
421010025001006,1251,Queen Village,,518,284,4260000
421010025001007,1251,Queen Village,,0,0,4260000
421010025001014,1251,Queen Village,,39,19,4260000
421010025001015,1251,Queen Village,,41,15,4260000
421010025001016,1251,Queen Village,,65,40,4260000
421010025002001,1251,Queen Village,,0,0,4260000
421010025002002,1251,Queen Village,,121,51,4260000
421010025002003,1251,Queen Village,,98,56,4260000
421010025002004,1251,Queen Village,,15,6,4260000
421010025004000,1251,Queen Village,,292,90,4260000
421010025004001,1251,Queen Village,,101,49,4260000
421010025004002,1251,Queen Village,,70,39,4260000
421010025004003,1251,Queen Village,,54,25,4260000
421010025004004,1251,Queen Village,,61,29,4260000
421010025004005,1251,Queen Village,,66,39,4260000
421010025004006,1251,Queen Village,,50,19,4260000
421010025004007,1251,Queen Village,,43,30,4260000
421010025004008,1251,Queen Village,,11,6,4260000
421010025004009,1251,Queen Village,,289,88,4260000
421010024002001,1252,Dickinson Narrows,,111,44,4260000
421010024002002,1252,Dickinson Narrows,,58,33,4260000
421010024002003,1252,Dickinson Narrows,,71,37,4260000
421010024002011,1252,Dickinson Narrows,,111,49,4260000
421010024002012,1252,Dickinson Narrows,,0,0,4260000
421010024002013,1252,Dickinson Narrows,,67,27,4260000
421010025003001,1252,Dickinson Narrows,,67,40,4260000
421010025003002,1252,Dickinson Narrows,,63,28,4260000
421010025003003,1252,Dickinson Narrows,,102,41,4260000
421010025003004,1252,Dickinson Narrows,,75,38,4260000
421010025003005,1252,Dickinson Narrows,,52,17,4260000
421010025003006,1252,Dickinson Narrows,,85,35,4260000
421010025004010,1252,Dickinson Narrows,,0,0,4260000
421010025004011,1252,Dickinson Narrows,,38,12,4260000
421010025004012,1252,Dickinson Narrows,,10,5,4260000
421010025004013,1252,Dickinson Narrows,,0,0,4260000
421010027011000,1252,Dickinson Narrows,,26,8,4260000
421010027011001,1252,Dickinson Narrows,,84,45,4260000
421010027011002,1252,Dickinson Narrows,,121,46,4260000
421010027011003,1252,Dickinson Narrows,,142,58,4260000
421010027011004,1252,Dickinson Narrows,,165,66,4260000
421010027011005,1252,Dickinson Narrows,,13,6,4260000
421010027011006,1252,Dickinson Narrows,,30,12,4260000
421010027011007,1252,Dickinson Narrows,,87,65,4260000
421010027011008,1252,Dickinson Narrows,,38,15,4260000
421010027011009,1252,Dickinson Narrows,,177,81,4260000
421010027011010,1252,Dickinson Narrows,,183,58,4260000
421010027012000,1252,Dickinson Narrows,,78,46,4260000
421010027012001,1252,Dickinson Narrows,,124,47,4260000
421010027012002,1252,Dickinson Narrows,,110,49,4260000
421010027012003,1252,Dickinson Narrows,,105,36,4260000
421010027012004,1252,Dickinson Narrows,,54,31,4260000
421010027012005,1252,Dickinson Narrows,,71,40,4260000
421010027012006,1252,Dickinson Narrows,,71,39,4260000
421010027012007,1252,Dickinson Narrows,,98,33,4260000
421010027012008,1252,Dickinson Narrows,,95,46,4260000
421010027012009,1252,Dickinson Narrows,,110,40,4260000
421010027012010,1252,Dickinson Narrows,,155,67,4260000
421010027012011,1252,Dickinson Narrows,,125,51,4260000
421010027013000,1252,Dickinson Narrows,,95,56,4260000
421010027013001,1252,Dickinson Narrows,,136,48,4260000
421010027013002,1252,Dickinson Narrows,,130,40,4260000
421010027013003,1252,Dickinson Narrows,,53,39,4260000
421010027013004,1252,Dickinson Narrows,,136,63,4260000
421010027013005,1252,Dickinson Narrows,,132,58,4260000
421010027013006,1252,Dickinson Narrows,,179,75,4260000
421010027013007,1252,Dickinson Narrows,,171,62,4260000
421010027013008,1252,Dickinson Narrows,,154,68,4260000
421010027013009,1252,Dickinson Narrows,,126,51,4260000
421010027013010,1252,Dickinson Narrows,,138,70,4260000
421010027013011,1252,Dickinson Narrows,,162,62,4260000
421010028011000,1252,Dickinson Narrows,,137,62,4260000
421010028011001,1252,Dickinson Narrows,,0,0,4260000
421010028011008,1252,Dickinson Narrows,,129,83,4260000
421010028011009,1252,Dickinson Narrows,,131,46,4260000
421010028011010,1252,Dickinson Narrows,,92,34,4260000
421010028011011,1252,Dickinson Narrows,,120,42,4260000
421010028011012,1252,Dickinson Narrows,,148,61,4260000
421010028012000,1252,Dickinson Narrows,,109,41,4260000
421010028012003,1252,Dickinson Narrows,,145,48,4260000
421010028012005,1252,Dickinson Narrows,,61,19,4260000
421010028012006,1252,Dickinson Narrows,,0,0,4260000
421010028012009,1252,Dickinson Narrows,,154,55,4260000
421010028012010,1252,Dickinson Narrows,,95,41,4260000
421010028013000,1252,Dickinson Narrows,,128,57,4260000
421010028013004,1252,Dickinson Narrows,,126,58,4260000
421010028013005,1252,Dickinson Narrows,,88,39,4260000
421010028013007,1252,Dickinson Narrows,,150,66,4260000
421010028013010,1252,Dickinson Narrows,,146,55,4260000
421010028013011,1252,Dickinson Narrows,,133,53,4260000
421010040012000,1255,Lower Moyamensing,,101,43,4260000
421010040012001,1255,Lower Moyamensing,,115,48,4260000
421010040012002,1255,Lower Moyamensing,,111,56,4260000
421010040012003,1255,Lower Moyamensing,,3,0,4260000
421010040012004,1255,Lower Moyamensing,,131,57,4260000
421010040012005,1255,Lower Moyamensing,,119,58,4260000
421010040012006,1255,Lower Moyamensing,,130,61,4260000
421010040012007,1255,Lower Moyamensing,,113,57,4260000
421010040012008,1255,Lower Moyamensing,,110,54,4260000
421010040012009,1255,Lower Moyamensing,,112,54,4260000
421010040012010,1255,Lower Moyamensing,,98,58,4260000
421010040012011,1255,Lower Moyamensing,,134,63,4260000
421010040013000,1255,Lower Moyamensing,,38,17,4260000
421010040013001,1255,Lower Moyamensing,,145,65,4260000
421010040013002,1255,Lower Moyamensing,,1,1,4260000
421010040013007,1255,Lower Moyamensing,,0,0,4260000
421010040013008,1255,Lower Moyamensing,,60,39,4260000
421010040013009,1255,Lower Moyamensing,,89,43,4260000
421010040013010,1255,Lower Moyamensing,,120,57,4260000
421010040013011,1255,Lower Moyamensing,,81,33,4260000
421010040013012,1255,Lower Moyamensing,,115,56,4260000
421010040013013,1255,Lower Moyamensing,,101,48,4260000
421010040021000,1255,Lower Moyamensing,,105,49,4260000
421010040021001,1255,Lower Moyamensing,,134,53,4260000
421010040021002,1255,Lower Moyamensing,,105,54,4260000
421010040021003,1255,Lower Moyamensing,,104,59,4260000
421010040021004,1255,Lower Moyamensing,,109,54,4260000
421010040021005,1255,Lower Moyamensing,,115,53,4260000
421010040021006,1255,Lower Moyamensing,,123,41,4260000
421010040021007,1255,Lower Moyamensing,,61,34,4260000
421010040021008,1255,Lower Moyamensing,,53,25,4260000
421010040021009,1255,Lower Moyamensing,,58,25,4260000
421010040021010,1255,Lower Moyamensing,,81,44,4260000
421010040021011,1255,Lower Moyamensing,,104,49,4260000
421010040021012,1255,Lower Moyamensing,,71,35,4260000
421010040021013,1255,Lower Moyamensing,,75,39,4260000
421010040022000,1255,Lower Moyamensing,,117,56,4260000
421010040022001,1255,Lower Moyamensing,,142,59,4260000
421010040022002,1255,Lower Moyamensing,,133,56,4260000
421010040022003,1255,Lower Moyamensing,,121,56,4260000
421010040022004,1255,Lower Moyamensing,,101,56,4260000
421010040022005,1255,Lower Moyamensing,,132,59,4260000
421010040022006,1255,Lower Moyamensing,,121,54,4260000
421010040022007,1255,Lower Moyamensing,,115,59,4260000
421010040022008,1255,Lower Moyamensing,,115,56,4260000
421010040022009,1255,Lower Moyamensing,,133,52,4260000
421010040022010,1255,Lower Moyamensing,,116,55,4260000
421010040022011,1255,Lower Moyamensing,,154,58,4260000
421010040023000,1255,Lower Moyamensing,,99,50,4260000
421010040023001,1255,Lower Moyamensing,,0,0,4260000
421010040023002,1255,Lower Moyamensing,,67,37,4260000
421010040023003,1255,Lower Moyamensing,,114,51,4260000
421010040023004,1255,Lower Moyamensing,,116,52,4260000
421010040023005,1255,Lower Moyamensing,,85,58,4260000
421010040023010,1255,Lower Moyamensing,,24,16,4260000
421010040023011,1255,Lower Moyamensing,,43,21,4260000
421010040023012,1255,Lower Moyamensing,,0,0,4260000
421010040023013,1255,Lower Moyamensing,,27,24,4260000
421010040023014,1255,Lower Moyamensing,,72,36,4260000
421010040023015,1255,Lower Moyamensing,,128,57,4260000
421010040023016,1255,Lower Moyamensing,,125,50,4260000
421010040023019,1255,Lower Moyamensing,,32,16,4260000
421010040023020,1255,Lower Moyamensing,,91,42,4260000
421010040023021,1255,Lower Moyamensing,,136,57,4260000
421010040024000,1255,Lower Moyamensing,,106,47,4260000
421010040024001,1255,Lower Moyamensing,,0,0,4260000
421010040024006,1255,Lower Moyamensing,,45,23,4260000
421010040024007,1255,Lower Moyamensing,,107,60,4260000
421010040024008,1255,Lower Moyamensing,,119,56,4260000
421010040024009,1255,Lower Moyamensing,,123,62,4260000
421010040024010,1255,Lower Moyamensing,,109,55,4260000
421010040024011,1255,Lower Moyamensing,,109,45,4260000
421010040024012,1255,Lower Moyamensing,,104,51,4260000
421010040024013,1255,Lower Moyamensing,,100,52,4260000
421010040024014,1255,Lower Moyamensing,,116,50,4260000
421010041011012,1255,Lower Moyamensing,,64,31,4260000
421010041011015,1255,Lower Moyamensing,,63,37,4260000
421010041012001,1255,Lower Moyamensing,,124,53,4260000
421010041012002,1255,Lower Moyamensing,,190,64,4260000
421010041012003,1255,Lower Moyamensing,,123,47,4260000
421010041012005,1255,Lower Moyamensing,,123,46,4260000
421010041012008,1255,Lower Moyamensing,,157,45,4260000
421010041012009,1255,Lower Moyamensing,,49,15,4260000
421010041012010,1255,Lower Moyamensing,,123,48,4260000
421010041012011,1255,Lower Moyamensing,,48,14,4260000
421010041012012,1255,Lower Moyamensing,,27,7,4260000
421010041013000,1255,Lower Moyamensing,,89,35,4260000
421010041013001,1255,Lower Moyamensing,,141,62,4260000
421010041013002,1255,Lower Moyamensing,,122,57,4260000
421010041013003,1255,Lower Moyamensing,,129,54,4260000
421010041013004,1255,Lower Moyamensing,,144,54,4260000
421010041013005,1255,Lower Moyamensing,,31,14,4260000
421010041013006,1255,Lower Moyamensing,,171,57,4260000
421010041013007,1255,Lower Moyamensing,,204,52,4260000
421010041013008,1255,Lower Moyamensing,,141,56,4260000
421010041013009,1255,Lower Moyamensing,,154,55,4260000
421010041013010,1255,Lower Moyamensing,,120,59,4260000
421010041013011,1255,Lower Moyamensing,,153,58,4260000
421010041013012,1255,Lower Moyamensing,,65,25,4260000
421010041013013,1255,Lower Moyamensing,,127,41,4260000
421010041021001,1255,Lower Moyamensing,,123,41,4260000
421010041021002,1255,Lower Moyamensing,,77,29,4260000
421010041021003,1255,Lower Moyamensing,,154,56,4260000
421010041021004,1255,Lower Moyamensing,,163,54,4260000
421010041021005,1255,Lower Moyamensing,,142,46,4260000
421010041021006,1255,Lower Moyamensing,,0,0,4260000
421010041021007,1255,Lower Moyamensing,,198,60,4260000
421010041021008,1255,Lower Moyamensing,,149,57,4260000
421010041021009,1255,Lower Moyamensing,,136,49,4260000
421010041021010,1255,Lower Moyamensing,,137,49,4260000
421010041021011,1255,Lower Moyamensing,,94,32,4260000
421010041021012,1255,Lower Moyamensing,,81,40,4260000
421010041021013,1255,Lower Moyamensing,,130,44,4260000
421010041021014,1255,Lower Moyamensing,,136,51,4260000
421010041022003,1255,Lower Moyamensing,,150,45,4260000
421010041022004,1255,Lower Moyamensing,,124,56,4260000
421010041022005,1255,Lower Moyamensing,,127,53,4260000
421010041022006,1255,Lower Moyamensing,,148,61,4260000
421010041022007,1255,Lower Moyamensing,,133,50,4260000
421010041022008,1255,Lower Moyamensing,,160,58,4260000
421010041022009,1255,Lower Moyamensing,,131,59,4260000
421010041022010,1255,Lower Moyamensing,,134,55,4260000
421010041022011,1255,Lower Moyamensing,,127,59,4260000
421010041022012,1255,Lower Moyamensing,,115,52,4260000
421010041022013,1255,Lower Moyamensing,,148,53,4260000
421010041022014,1255,Lower Moyamensing,,161,56,4260000
421010041022015,1255,Lower Moyamensing,,184,59,4260000
421010041022016,1255,Lower Moyamensing,,140,56,4260000
421010041023000,1255,Lower Moyamensing,,141,56,4260000
421010041023001,1255,Lower Moyamensing,,134,55,4260000
421010041023002,1255,Lower Moyamensing,,164,61,4260000
421010041023003,1255,Lower Moyamensing,,186,67,4260000
421010041023004,1255,Lower Moyamensing,,126,53,4260000
421010041023005,1255,Lower Moyamensing,,117,47,4260000
421010041023006,1255,Lower Moyamensing,,157,55,4260000
421010041023007,1255,Lower Moyamensing,,130,57,4260000
421010041023008,1255,Lower Moyamensing,,140,54,4260000
421010041024000,1255,Lower Moyamensing,,15,6,4260000
421010041024001,1255,Lower Moyamensing,,59,20,4260000
421010041024002,1255,Lower Moyamensing,,87,24,4260000
421010041024003,1255,Lower Moyamensing,,85,38,4260000
421010041024004,1255,Lower Moyamensing,,91,44,4260000
421010041024005,1255,Lower Moyamensing,,109,50,4260000
421010041024006,1255,Lower Moyamensing,,0,0,4260000
421010041024007,1255,Lower Moyamensing,,36,18,4260000
421010041024008,1255,Lower Moyamensing,,108,44,4260000
421010041024009,1255,Lower Moyamensing,,107,42,4260000
421010041024010,1255,Lower Moyamensing,,176,61,4260000
421010041024011,1255,Lower Moyamensing,,145,57,4260000
421010041024012,1255,Lower Moyamensing,,133,57,4260000
421010041024013,1255,Lower Moyamensing,,124,58,4260000
421010041024014,1255,Lower Moyamensing,,149,57,4260000
421010041024015,1255,Lower Moyamensing,,156,57,4260000
421010041011013,1256,Whitman,,83,28,4260000
421010041011014,1256,Whitman,,65,34,4260000
421010041012000,1256,Whitman,,141,106,4260000
421010041012004,1256,Whitman,,5,2,4260000
421010041012006,1256,Whitman,,165,50,4260000
421010041012007,1256,Whitman,,70,23,4260000
421010041012013,1256,Whitman,,60,25,4260000
421010041012014,1256,Whitman,,90,30,4260000
421010041021000,1256,Whitman,,0,0,4260000
421010041021015,1256,Whitman,,175,56,4260000
421010041021016,1256,Whitman,,135,55,4260000
421010041021017,1256,Whitman,,153,57,4260000
421010041022000,1256,Whitman,,129,51,4260000
421010041022001,1256,Whitman,,138,51,4260000
421010041022002,1256,Whitman,,161,58,4260000
421010041022017,1256,Whitman,,170,56,4260000
421010041022018,1256,Whitman,,188,71,4260000
421010041022019,1256,Whitman,,22,8,4260000
421010042012000,1256,Whitman,,0,0,4260000
421010042012001,1256,Whitman,,116,53,4260000
421010042012002,1256,Whitman,,95,46,4260000
421010042012003,1256,Whitman,,39,15,4260000
421010042012004,1256,Whitman,,85,39,4260000
421010042012005,1256,Whitman,,147,58,4260000
421010042012006,1256,Whitman,,133,59,4260000
421010042012007,1256,Whitman,,168,83,4260000
421010042012008,1256,Whitman,,110,45,4260000
421010042012009,1256,Whitman,,151,71,4260000
421010042012010,1256,Whitman,,140,52,4260000
421010042012011,1256,Whitman,,99,50,4260000
421010042012012,1256,Whitman,,118,54,4260000
421010042012013,1256,Whitman,,155,66,4260000
421010042012014,1256,Whitman,,148,71,4260000
421010042012015,1256,Whitman,,114,52,4260000
421010042012016,1256,Whitman,,131,51,4260000
421010042013002,1256,Whitman,,0,0,4260000
421010042013003,1256,Whitman,,115,53,4260000
421010042013004,1256,Whitman,,123,54,4260000
421010042013005,1256,Whitman,,122,55,4260000
421010042013006,1256,Whitman,,127,55,4260000
421010042013007,1256,Whitman,,67,21,4260000
421010042013009,1256,Whitman,,137,56,4260000
421010042013010,1256,Whitman,,85,54,4260000
421010042021002,1256,Whitman,,49,19,4260000
421010042021003,1256,Whitman,,117,52,4260000
421010042021004,1256,Whitman,,134,53,4260000
421010042021005,1256,Whitman,,120,55,4260000
421010042021006,1256,Whitman,,140,54,4260000
421010042021007,1256,Whitman,,129,54,4260000
421010042021010,1256,Whitman,,0,0,4260000
421010042021011,1256,Whitman,,58,27,4260000
421010042021012,1256,Whitman,,120,51,4260000
421010042021013,1256,Whitman,,122,55,4260000
421010042021014,1256,Whitman,,139,55,4260000
421010042021015,1256,Whitman,,52,21,4260000
421010042021016,1256,Whitman,,102,37,4260000
421010042021019,1256,Whitman,,0,0,4260000
421010042021020,1256,Whitman,,82,28,4260000
421010042022000,1256,Whitman,,118,45,4260000
421010042022001,1256,Whitman,,145,54,4260000
421010042022002,1256,Whitman,,134,54,4260000
421010042022003,1256,Whitman,,120,45,4260000
421010042022004,1256,Whitman,,169,0,4260000
421010042022005,1256,Whitman,,6,2,4260000
421010042022006,1256,Whitman,,121,43,4260000
421010042022007,1256,Whitman,,30,11,4260000
421010042022008,1256,Whitman,,80,29,4260000
421010042022009,1256,Whitman,,0,0,4260000
421010042022010,1256,Whitman,,115,47,4260000
421010042022011,1256,Whitman,,115,47,4260000
421010042022012,1256,Whitman,,100,32,4260000
421010042022013,1256,Whitman,,61,19,4260000
421010042022014,1256,Whitman,,90,27,4260000
421010042022015,1256,Whitman,,0,0,4260000
421010042023000,1256,Whitman,,137,55,4260000
421010042023001,1256,Whitman,,127,56,4260000
421010042023002,1256,Whitman,,133,55,4260000
421010042023003,1256,Whitman,,164,74,4260000
421010042023004,1256,Whitman,,129,53,4260000
421010042023005,1256,Whitman,,114,51,4260000
421010042023006,1256,Whitman,,165,60,4260000
421010042023007,1256,Whitman,,157,58,4260000
421010042023008,1256,Whitman,,153,57,4260000
421010042024000,1256,Whitman,,72,29,4260000
421010042024001,1256,Whitman,,5,0,4260000
421010042024002,1256,Whitman,,177,78,4260000
421010042024003,1256,Whitman,,146,58,4260000
421010042024004,1256,Whitman,,105,57,4260000
421010042024005,1256,Whitman,,125,59,4260000
421010042024006,1256,Whitman,,120,51,4260000
421010042024007,1256,Whitman,,126,58,4260000
421010038002008,1257,Industrial,,0,0,4260000
421010050001024,1257,Industrial,,0,0,4260000
421010061001000,1257,Industrial,,0,0,4260000
421010061001015,1257,Industrial,,0,0,4260000
421010061001019,1257,Industrial,,0,0,4260000
421010067001001,1257,Industrial,,0,0,4260000
421010067001005,1257,Industrial,,56,40,4260000
421010067002010,1257,Industrial,,0,0,4260000
421010373002029,1257,Industrial,,0,0,4260000
421010373003020,1257,Industrial,,0,0,4260000
421010373003021,1257,Industrial,,0,0,4260000
421019809001007,1257,Industrial,,0,0,4260000
421019809001026,1257,Industrial,,2,2,4260000
421019809001027,1257,Industrial,,0,0,4260000
421019809001028,1257,Industrial,,0,0,4260000
421019809001031,1257,Industrial,,0,0,4260000
421019809001032,1257,Industrial,,0,0,4260000
421019809001033,1257,Industrial,,0,0,4260000
421019809001034,1257,Industrial,,0,0,4260000
421019809001035,1257,Industrial,,0,0,4260000
421019809001036,1257,Industrial,,0,0,4260000
421019809001037,1257,Industrial,,0,0,4260000
421019809001038,1257,Industrial,,0,0,4260000
421019809001039,1257,Industrial,,0,0,4260000
421019809001040,1257,Industrial,,0,0,4260000
421019809001041,1257,Industrial,,0,0,4260000
421019809001042,1257,Industrial,,0,0,4260000
421019809001043,1257,Industrial,,0,0,4260000
421019809001044,1257,Industrial,,0,0,4260000
421019809001045,1257,Industrial,,0,0,4260000
421019809001046,1257,Industrial,,0,0,4260000
421019809001047,1257,Industrial,,0,0,4260000
421019809001048,1257,Industrial,,0,0,4260000
421019809001049,1257,Industrial,,0,0,4260000
421019809001050,1257,Industrial,,0,0,4260000
421019809001051,1257,Industrial,,0,0,4260000
421019809001052,1257,Industrial,,0,0,4260000
421019809001053,1257,Industrial,,0,1,4260000
421019809001054,1257,Industrial,,0,0,4260000
421019809001055,1257,Industrial,,0,0,4260000
421019809001056,1257,Industrial,,0,0,4260000
421019809001057,1257,Industrial,,0,0,4260000
421019809001058,1257,Industrial,,0,0,4260000
421019809001059,1257,Industrial,,0,0,4260000
421019809001060,1257,Industrial,,0,0,4260000
421019809001061,1257,Industrial,,0,0,4260000
421019809001062,1257,Industrial,,0,0,4260000
421019809001063,1257,Industrial,,0,0,4260000
421019809001064,1257,Industrial,,0,0,4260000
421019809001065,1257,Industrial,,0,0,4260000
421019809001066,1257,Industrial,,0,0,4260000
421019809001067,1257,Industrial,,0,0,4260000
421019809001068,1257,Industrial,,0,0,4260000
421019809001069,1257,Industrial,,0,0,4260000
421019809001070,1257,Industrial,,0,0,4260000
421019809001071,1257,Industrial,,0,0,4260000
421019809001072,1257,Industrial,,0,0,4260000
421019809001074,1257,Industrial,,0,0,4260000
421019809001075,1257,Industrial,,0,0,4260000
421019809001076,1257,Industrial,,0,0,4260000
421019809001077,1257,Industrial,,0,0,4260000
421019809001078,1257,Industrial,,0,0,4260000
421019809001079,1257,Industrial,,0,0,4260000
421019809001080,1257,Industrial,,0,0,4260000
421019809001081,1257,Industrial,,0,0,4260000
421019809001082,1257,Industrial,,0,0,4260000
421019809001106,1257,Industrial,,0,0,4260000
421019809001110,1257,Industrial,,0,0,4260000
421019809001111,1257,Industrial,,0,0,4260000
421019809001118,1257,Industrial,,0,0,4260000
421019809001119,1257,Industrial,,0,0,4260000
421019809001127,1257,Industrial,,0,0,4260000
421019809001128,1257,Industrial,,0,0,4260000
421019809001129,1257,Industrial,,0,0,4260000
421019809001130,1257,Industrial,,0,0,4260000
421019809001131,1257,Industrial,,0,0,4260000
421019809001132,1257,Industrial,,0,0,4260000
421019809001133,1257,Industrial,,0,0,4260000
421019809001134,1257,Industrial,,0,0,4260000
421019809001135,1257,Industrial,,0,0,4260000
421019809001136,1257,Industrial,,0,0,4260000
421019809001137,1257,Industrial,,0,0,4260000
421019809001215,1257,Industrial,,0,0,4260000
421019809001216,1257,Industrial,,0,0,4260000
421019809001217,1257,Industrial,,0,0,4260000
421019809001225,1257,Industrial,,0,0,4260000
421019809001226,1257,Industrial,,0,0,4260000
421019809001228,1257,Industrial,,0,0,4260000
421019809001229,1257,Industrial,,0,0,4260000
421019809001240,1257,Industrial,,0,0,4260000
421019804001000,1258,Airport,,0,0,4260000
421019804001001,1258,Airport,,0,0,4260000
421019804001002,1258,Airport,,0,0,4260000
421019804001003,1258,Airport,,0,0,4260000
421019804001004,1258,Airport,,0,0,4260000
421019804001005,1258,Airport,,0,0,4260000
421019804001006,1258,Airport,,0,0,4260000
421019804001007,1258,Airport,,0,0,4260000
421019804001008,1258,Airport,,0,0,4260000
421019804001009,1258,Airport,,0,0,4260000
421019804001010,1258,Airport,,0,0,4260000
421019804001011,1258,Airport,,0,0,4260000
421019804001012,1258,Airport,,0,0,4260000
421019804001013,1258,Airport,,0,0,4260000
421019804001014,1258,Airport,,0,0,4260000
421019804001015,1258,Airport,,0,0,4260000
421019809001112,1258,Airport,,0,0,4260000
421019809001113,1258,Airport,,0,0,4260000
421019809001116,1258,Airport,,0,0,4260000
421019809001117,1258,Airport,,0,0,4260000
421019809001120,1258,Airport,,0,0,4260000
421019809001121,1258,Airport,,0,0,4260000
421019809001122,1258,Airport,,0,0,4260000
421019809001123,1258,Airport,,0,0,4260000
421019809001124,1258,Airport,,0,0,4260000
421019809001125,1258,Airport,,0,0,4260000
421019809001126,1258,Airport,,0,0,4260000
421019809001138,1258,Airport,,0,0,4260000
421019809001139,1258,Airport,,0,0,4260000
421019809001140,1258,Airport,,0,0,4260000
421019809001142,1258,Airport,,0,0,4260000
421019809001143,1258,Airport,,0,0,4260000
421019809001144,1258,Airport,,0,0,4260000
421019809001145,1258,Airport,,0,0,4260000
421019809001146,1258,Airport,,0,0,4260000
421019809001147,1258,Airport,,0,0,4260000
421019809001148,1258,Airport,,0,0,4260000
421019809001149,1258,Airport,,0,0,4260000
421019809001150,1258,Airport,,0,0,4260000
421019809001151,1258,Airport,,0,0,4260000
421019809001152,1258,Airport,,0,0,4260000
421019809001153,1258,Airport,,0,0,4260000
421019809001154,1258,Airport,,0,0,4260000
421019809001155,1258,Airport,,0,0,4260000
421019809001156,1258,Airport,,0,0,4260000
421019809001157,1258,Airport,,0,0,4260000
421019809001158,1258,Airport,,0,0,4260000
421019809001159,1258,Airport,,0,0,4260000
421019809001160,1258,Airport,,0,0,4260000
421019809001161,1258,Airport,,0,0,4260000
421019809001162,1258,Airport,,0,0,4260000
421019809001163,1258,Airport,,0,0,4260000
421019809001164,1258,Airport,,0,0,4260000
421019809001165,1258,Airport,,0,0,4260000
421019809001166,1258,Airport,,0,0,4260000
421019809001167,1258,Airport,,0,0,4260000
421019809001168,1258,Airport,,0,0,4260000
421019809001169,1258,Airport,,0,0,4260000
421019809001170,1258,Airport,,0,0,4260000
421019809001171,1258,Airport,,0,0,4260000
421019809001172,1258,Airport,,0,0,4260000
421019809001173,1258,Airport,,0,0,4260000
421019809001174,1258,Airport,,0,0,4260000
421019809001182,1258,Airport,,0,0,4260000
421019809001183,1258,Airport,,0,0,4260000
421019809001184,1258,Airport,,0,0,4260000
421019809001185,1258,Airport,,0,0,4260000
421019809001186,1258,Airport,,0,0,4260000
421019809001187,1258,Airport,,0,0,4260000
421019809001188,1258,Airport,,0,0,4260000
421019809001189,1258,Airport,,0,0,4260000
421019809001190,1258,Airport,,0,0,4260000
421019809001191,1258,Airport,,0,0,4260000
421019809001192,1258,Airport,,0,0,4260000
421019809001194,1258,Airport,,0,0,4260000
421019809001195,1258,Airport,,0,0,4260000
421019809001196,1258,Airport,,0,0,4260000
421019809001197,1258,Airport,,0,0,4260000
421019809001198,1258,Airport,,0,0,4260000
421019809001199,1258,Airport,,0,0,4260000
421019809001209,1258,Airport,,0,0,4260000
421019809001210,1258,Airport,,0,0,4260000
421019809001214,1258,Airport,,0,0,4260000
421019809001218,1258,Airport,,0,0,4260000
421019809001219,1258,Airport,,0,0,4260000
421019809001220,1258,Airport,,0,0,4260000
421019809001221,1258,Airport,,0,0,4260000
421019809001222,1258,Airport,,0,0,4260000
421019809001223,1258,Airport,,0,0,4260000
421019809001224,1258,Airport,,0,0,4260000
421019809001227,1258,Airport,,0,0,4260000
421019809001241,1258,Airport,,0,0,4260000
421019809001242,1258,Airport,,0,0,4260000
421019809001243,1258,Airport,,0,0,4260000
421019809001244,1258,Airport,,0,0,4260000
421010077002000,1271,University City,,365,0,4260000
421010088011000,1271,University City,,0,0,4260000
421010088011001,1271,University City,,135,37,4260000
421010088011002,1271,University City,,59,2,4260000
421010088011003,1271,University City,,0,0,4260000
421010088011004,1271,University City,,48,0,4260000
421010088011005,1271,University City,,310,8,4260000
421010088012000,1271,University City,,0,0,4260000
421010088012001,1271,University City,,0,0,4260000
421010088012002,1271,University City,,3,1,4260000
421010088012003,1271,University City,,72,35,4260000
421010088012004,1271,University City,,48,0,4260000
421010088012005,1271,University City,,313,107,4260000
421010088021000,1271,University City,,343,127,4260000
421010088021001,1271,University City,,330,148,4260000
421010088021002,1271,University City,,0,0,4260000
421010088022000,1271,University City,,201,77,4260000
421010088022001,1271,University City,,64,42,4260000
421010088022002,1271,University City,,220,155,4260000
421010088022003,1271,University City,,186,115,4260000
421010088022004,1271,University City,,356,324,4260000
421010088022005,1271,University City,,159,75,4260000
421010088023000,1271,University City,,579,196,4260000
421010088023001,1271,University City,,190,50,4260000
421010088023002,1271,University City,,340,81,4260000
421010088023003,1271,University City,,1176,2,4260000
421010088023004,1271,University City,,239,0,4260000
421010088023005,1271,University City,,1028,1,4260000
421010088023006,1271,University City,,76,11,4260000
421010088024000,1271,University City,,234,89,4260000
421010088024001,1271,University City,,342,118,4260000
421010088024002,1271,University City,,222,4,4260000
421010088024003,1271,University City,,316,160,4260000
421010088024004,1271,University City,,0,0,4260000
421010088024005,1271,University City,,110,37,4260000
421010090003014,1271,University City,,253,0,4260000
421010090003015,1271,University City,,0,0,4260000
421010090003016,1271,University City,,0,0,4260000
421010090003017,1271,University City,,0,0,4260000
421010090003018,1271,University City,,0,0,4260000
421010090003019,1271,University City,,0,0,4260000
421010090004000,1271,University City,,401,17,4260000
421010090004003,1271,University City,,96,79,4260000
421010090004004,1271,University City,,0,0,4260000
421010090004005,1271,University City,,0,0,4260000
421010090004006,1271,University City,,0,0,4260000
421010090004007,1271,University City,,131,49,4260000
421010090004008,1271,University City,,644,0,4260000
421010091002009,1271,University City,,0,0,4260000
421010091002010,1271,University City,,7,0,4260000
421010091002011,1271,University City,,0,0,4260000
421010091002012,1271,University City,,93,66,4260000
421010091002013,1271,University City,,0,0,4260000
421010091002014,1271,University City,,0,0,4260000
421010091002015,1271,University City,,53,55,4260000
421010091003013,1271,University City,,487,442,4260000
421010369001000,1271,University City,,0,0,4260000
421010369001001,1271,University City,,0,0,4260000
421010369001002,1271,University City,,0,0,4260000
421010369001003,1271,University City,,0,0,4260000
421010369001004,1271,University City,,0,0,4260000
421010369001005,1271,University City,,0,0,4260000
421010369001006,1271,University City,,0,0,4260000
421010369001007,1271,University City,,0,0,4260000
421010369001008,1271,University City,,0,0,4260000
421010369001009,1271,University City,,0,0,4260000
421010369001010,1271,University City,,0,0,4260000
421010369001011,1271,University City,,31,0,4260000
421010369001012,1271,University City,,28,0,4260000
421010369001013,1271,University City,,0,0,4260000
421010369001014,1271,University City,,692,4,4260000
421010369001015,1271,University City,,144,0,4260000
421010369001016,1271,University City,,0,0,4260000
421010369001017,1271,University City,,0,0,4260000
421010369001018,1271,University City,,19,0,4260000
421010369001019,1271,University City,,0,0,4260000
421010369001020,1271,University City,,0,0,4260000
421010369002000,1271,University City,,0,0,4260000
421010369002001,1271,University City,,0,0,4260000
421010369002002,1271,University City,,0,0,4260000
421010369002003,1271,University City,,2007,5,4260000
421010369002004,1271,University City,,0,0,4260000
421010369002005,1271,University City,,0,0,4260000
421010369002006,1271,University City,,0,0,4260000
421010369002007,1271,University City,,0,0,4260000
421010369002008,1271,University City,,0,0,4260000
421010369002009,1271,University City,,0,0,4260000
421010369002010,1271,University City,,0,0,4260000
421010369002011,1271,University City,,0,0,4260000
421010369002012,1271,University City,,0,0,4260000
421010369002013,1271,University City,,0,0,4260000
421010369002014,1271,University City,,0,0,4260000
421010369002015,1271,University City,,0,0,4260000
421010369002016,1271,University City,,0,0,4260000
421010369002017,1271,University City,,0,0,4260000
421010369002018,1271,University City,,0,0,4260000
421010369002019,1271,University City,,0,0,4260000
421010369002020,1271,University City,,0,0,4260000
421010369002021,1271,University City,,0,0,4260000
421010369002022,1271,University City,,0,0,4260000
421010369002023,1271,University City,,129,0,4260000
421010369002024,1271,University City,,0,0,4260000
421010369002025,1271,University City,,0,0,4260000
421010369002026,1271,University City,,0,0,4260000
421010369002027,1271,University City,,0,0,4260000
421010369002028,1271,University City,,0,0,4260000
421010369002029,1271,University City,,0,0,4260000
421010369002033,1271,University City,,0,0,4260000
421010369003000,1271,University City,,0,0,4260000
421010369003001,1271,University City,,0,0,4260000
421010369003002,1271,University City,,26,0,4260000
421010369003003,1271,University City,,0,0,4260000
421010369003004,1271,University City,,0,0,4260000
421010369003005,1271,University City,,0,0,4260000
421010369003006,1271,University City,,0,0,4260000
421010369003007,1271,University City,,0,0,4260000
421010369003008,1271,University City,,0,0,4260000
421010369003009,1271,University City,,0,0,4260000
421010369003010,1271,University City,,0,0,4260000
421010369003011,1271,University City,,0,0,4260000
421010369003012,1271,University City,,450,290,4260000
421010369003013,1271,University City,,0,0,4260000
421010369003014,1271,University City,,831,0,4260000
421010369003015,1271,University City,,1288,0,4260000
421010369003016,1271,University City,,891,109,4260000
421010369003017,1271,University City,,403,280,4260000
421010369003018,1271,University City,,0,0,4260000
421010369003019,1271,University City,,0,0,4260000
421010369003020,1271,University City,,0,0,4260000
421010369003021,1271,University City,,27,20,4260000
421010369003022,1271,University City,,0,0,4260000
421010369003023,1271,University City,,0,0,4260000
421010369003024,1271,University City,,0,0,4260000
421010369003025,1271,University City,,0,0,4260000
421010369003026,1271,University City,,0,0,4260000
421010369003027,1271,University City,,0,0,4260000
421010369003028,1271,University City,,0,0,4260000
421010369003029,1271,University City,,0,0,4260000
421010369003030,1271,University City,,0,0,4260000
421010369003031,1271,University City,,0,0,4260000
421019800001178,1271,University City,,0,0,4260000
421019800001179,1271,University City,,0,0,4260000
421019800001180,1271,University City,,0,0,4260000
421019800001192,1271,University City,,0,0,4260000
421019800001193,1271,University City,,0,0,4260000
421019800001194,1271,University City,,0,0,4260000
421019800001195,1271,University City,,0,0,4260000
421019800001199,1271,University City,,0,0,4260000
421019800001200,1271,University City,,0,0,4260000
421019800001201,1271,University City,,0,0,4260000
421019800001202,1271,University City,,0,0,4260000
421019800001203,1271,University City,,0,0,4260000
421019800001204,1271,University City,,0,0,4260000
421019800001205,1271,University City,,0,0,4260000
421019800001206,1271,University City,,0,0,4260000
421019800001207,1271,University City,,0,0,4260000
421019800001211,1271,University City,,379,4,4260000
421019800001212,1271,University City,,0,0,4260000
421019800001213,1271,University City,,0,0,4260000
421019800001215,1271,University City,,4,1,4260000
421019800001216,1271,University City,,0,0,4260000
421019800001217,1271,University City,,0,0,4260000
421019800001218,1271,University City,,0,0,4260000
421019800001219,1271,University City,,0,0,4260000
421019800001220,1271,University City,,0,0,4260000
421019800001227,1271,University City,,0,0,4260000
421019800001228,1271,University City,,0,0,4260000
421019800001229,1271,University City,,0,0,4260000
421019800001230,1271,University City,,0,0,4260000
421019800001231,1271,University City,,0,0,4260000
421019800001232,1271,University City,,0,0,4260000
421019800001233,1271,University City,,0,0,4260000
421010055001000,1259,Clearview,,0,0,4260000
421010055001001,1259,Clearview,,0,0,4260000
421010055001002,1259,Clearview,,0,0,4260000
421010055001003,1259,Clearview,,0,0,4260000
421010055001004,1259,Clearview,,0,0,4260000
421010055001005,1259,Clearview,,171,60,4260000
421010055001006,1259,Clearview,,83,37,4260000
421010055001007,1259,Clearview,,0,0,4260000
421010055001008,1259,Clearview,,75,32,4260000
421010055001009,1259,Clearview,,327,113,4260000
421010055001010,1259,Clearview,,105,42,4260000
421010055001011,1259,Clearview,,97,38,4260000
421010055001012,1259,Clearview,,180,58,4260000
421010055001013,1259,Clearview,,165,63,4260000
421010055001014,1259,Clearview,,141,61,4260000
421010055001015,1259,Clearview,,0,0,4260000
421010055001016,1259,Clearview,,0,0,4260000
421010055001018,1259,Clearview,,157,56,4260000
421010055001019,1259,Clearview,,183,72,4260000
421010055001020,1259,Clearview,,237,97,4260000
421010055001021,1259,Clearview,,88,36,4260000
421010055002000,1259,Clearview,,26,15,4260000
421010055002001,1259,Clearview,,73,28,4260000
421010055002002,1259,Clearview,,51,23,4260000
421010055002003,1259,Clearview,,115,39,4260000
421010055002004,1259,Clearview,,163,59,4260000
421010055002005,1259,Clearview,,19,8,4260000
421010055002006,1259,Clearview,,41,17,4260000
421010055002007,1259,Clearview,,122,46,4260000
421010055002008,1259,Clearview,,64,30,4260000
421010060001020,1259,Clearview,,0,0,4260000
421010060004014,1259,Clearview,,0,0,4260000
421010060001000,1260,Penrose,,18,7,4260000
421010060001001,1260,Penrose,,53,18,4260000
421010060001002,1260,Penrose,,102,40,4260000
421010060001003,1260,Penrose,,121,47,4260000
421010060001004,1260,Penrose,,105,48,4260000
421010060001005,1260,Penrose,,44,24,4260000
421010060001006,1260,Penrose,,169,163,4260000
421010060001007,1260,Penrose,,757,339,4260000
421010060001008,1260,Penrose,,123,43,4260000
421010060001009,1260,Penrose,,108,48,4260000
421010060001010,1260,Penrose,,47,19,4260000
421010060001011,1260,Penrose,,21,12,4260000
421010060001012,1260,Penrose,,0,0,4260000
421010060001013,1260,Penrose,,0,0,4260000
421010060001014,1260,Penrose,,77,19,4260000
421010060001015,1260,Penrose,,159,50,4260000
421010060001016,1260,Penrose,,167,58,4260000
421010060001017,1260,Penrose,,132,43,4260000
421010060001022,1260,Penrose,,19,10,4260000
421010060001023,1260,Penrose,,0,0,4260000
421010060001028,1260,Penrose,,14,4,4260000
421010060001029,1260,Penrose,,0,0,4260000
421010060002000,1260,Penrose,,0,0,4260000
421010060002001,1260,Penrose,,0,0,4260000
421010060002002,1260,Penrose,,62,41,4260000
421010060002003,1260,Penrose,,370,194,4260000
421010060002004,1260,Penrose,,48,21,4260000
421010060002005,1260,Penrose,,0,0,4260000
421010060002006,1260,Penrose,,0,0,4260000
421010060002007,1260,Penrose,,657,272,4260000
421010060002008,1260,Penrose,,19,6,4260000
421010060002009,1260,Penrose,,14,12,4260000
421010060002010,1260,Penrose,,34,12,4260000
421010060002011,1260,Penrose,,21,8,4260000
421010060002012,1260,Penrose,,43,21,4260000
421010060003003,1260,Penrose,,0,0,4260000
421010060003004,1260,Penrose,,0,0,4260000
421010060003005,1260,Penrose,,147,47,4260000
421010060003006,1260,Penrose,,141,54,4260000
421010060004010,1260,Penrose,,16,7,4260000
421010060004013,1260,Penrose,,220,71,4260000
421010060004015,1260,Penrose,,97,32,4260000
421010060004016,1260,Penrose,,87,28,4260000
421010063001000,1261,Paschall,,139,70,4260000
421010063001001,1261,Paschall,,83,67,4260000
421010063001002,1261,Paschall,,158,65,4260000
421010063001003,1261,Paschall,,72,38,4260000
421010063001004,1261,Paschall,,114,36,4260000
421010063001005,1261,Paschall,,125,47,4260000
421010063002000,1261,Paschall,,149,45,4260000
421010063002001,1261,Paschall,,54,21,4260000
421010063002002,1261,Paschall,,79,32,4260000
421010063002003,1261,Paschall,,183,63,4260000
421010063002004,1261,Paschall,,39,11,4260000
421010063002005,1261,Paschall,,166,44,4260000
421010063002006,1261,Paschall,,102,39,4260000
421010063002007,1261,Paschall,,49,30,4260000
421010063002008,1261,Paschall,,151,59,4260000
421010063003000,1261,Paschall,,126,38,4260000
421010063003001,1261,Paschall,,60,28,4260000
421010063003002,1261,Paschall,,176,59,4260000
421010063003003,1261,Paschall,,138,51,4260000
421010063003004,1261,Paschall,,149,44,4260000
421010063003005,1261,Paschall,,200,64,4260000
421010063004000,1261,Paschall,,66,28,4260000
421010063004001,1261,Paschall,,338,77,4260000
421010063004002,1261,Paschall,,1,1,4260000
421010063004003,1261,Paschall,,64,24,4260000
421010063004006,1261,Paschall,,96,38,4260000
421010063004007,1261,Paschall,,170,67,4260000
421010063004008,1261,Paschall,,106,45,4260000
421010063004009,1261,Paschall,,141,73,4260000
421010063004010,1261,Paschall,,86,45,4260000
421010063004011,1261,Paschall,,77,30,4260000
421010063004012,1261,Paschall,,20,17,4260000
421010063004013,1261,Paschall,,17,0,4260000
421010063004014,1261,Paschall,,192,68,4260000
421010063004015,1261,Paschall,,70,25,4260000
421010063004016,1261,Paschall,,45,15,4260000
421010063004017,1261,Paschall,,0,0,4260000
421010063004018,1261,Paschall,,57,33,4260000
421010063004019,1261,Paschall,,41,16,4260000
421010063004020,1261,Paschall,,25,11,4260000
421010063004021,1261,Paschall,,16,9,4260000
421010063004022,1261,Paschall,,30,15,4260000
421010063004023,1261,Paschall,,0,0,4260000
421010063004024,1261,Paschall,,0,0,4260000
421010063004025,1261,Paschall,,0,0,4260000
421010064001000,1261,Paschall,,140,53,4260000
421010064001001,1261,Paschall,,107,38,4260000
421010064001002,1261,Paschall,,66,27,4260000
421010064001003,1261,Paschall,,256,82,4260000
421010064001005,1261,Paschall,,211,60,4260000
421010064001006,1261,Paschall,,143,53,4260000
421010064001007,1261,Paschall,,170,56,4260000
421010064001008,1261,Paschall,,47,15,4260000
421010064001009,1261,Paschall,,9,2,4260000
421010064001010,1261,Paschall,,183,56,4260000
421010064002000,1261,Paschall,,150,51,4260000
421010064002001,1261,Paschall,,148,47,4260000
421010064002002,1261,Paschall,,209,69,4260000
421010064002003,1261,Paschall,,269,95,4260000
421010064002004,1261,Paschall,,166,60,4260000
421010064002005,1261,Paschall,,137,58,4260000
421010064002006,1261,Paschall,,73,17,4260000
421010064002007,1261,Paschall,,147,46,4260000
421010064003002,1261,Paschall,,36,6,4260000
421010064003003,1261,Paschall,,0,0,4260000
421010064003004,1261,Paschall,,0,0,4260000
421010064003005,1261,Paschall,,0,0,4260000
421010064003006,1261,Paschall,,0,0,4260000
421010064003007,1261,Paschall,,51,24,4260000
421010064003008,1261,Paschall,,245,86,4260000
421010064003009,1261,Paschall,,219,65,4260000
421010064003010,1261,Paschall,,133,49,4260000
421010064003011,1261,Paschall,,0,0,4260000
421010064003012,1261,Paschall,,10,4,4260000
421010064003013,1261,Paschall,,0,0,4260000
421010064003014,1261,Paschall,,68,18,4260000
421010064003015,1261,Paschall,,165,53,4260000
421010064003016,1261,Paschall,,83,32,4260000
421010064003017,1261,Paschall,,21,12,4260000
421010064003018,1261,Paschall,,0,0,4260000
421010064003019,1261,Paschall,,66,29,4260000
421010064003020,1261,Paschall,,37,13,4260000
421010064003021,1261,Paschall,,102,38,4260000
421010064003022,1261,Paschall,,82,37,4260000
421010064003023,1261,Paschall,,121,42,4260000
421010064003024,1261,Paschall,,0,0,4260000
421010064003025,1261,Paschall,,47,22,4260000
421010064003026,1261,Paschall,,0,0,4260000
421010064003027,1261,Paschall,,0,0,4260000
421010064003028,1261,Paschall,,0,0,4260000
421010064003029,1261,Paschall,,0,0,4260000
421010064003030,1261,Paschall,,0,0,4260000
421010064003031,1261,Paschall,,5,2,4260000
421010064003032,1261,Paschall,,0,0,4260000
421010064003033,1261,Paschall,,43,19,4260000
421010064003034,1261,Paschall,,90,39,4260000
421010064003035,1261,Paschall,,54,20,4260000
421010064003036,1261,Paschall,,41,14,4260000
421010064003037,1261,Paschall,,63,25,4260000
421010064003038,1261,Paschall,,36,27,4260000
421010064003039,1261,Paschall,,14,12,4260000
421010064003040,1261,Paschall,,1,11,4260000
421010066001000,1261,Paschall,,335,257,4260000
421010066001001,1261,Paschall,,180,63,4260000
421010066001002,1261,Paschall,,142,73,4260000
421010066001003,1261,Paschall,,154,58,4260000
421010066001004,1261,Paschall,,109,40,4260000
421010066001005,1261,Paschall,,0,0,4260000
421010066001006,1261,Paschall,,14,6,4260000
421010066001007,1261,Paschall,,0,0,4260000
421010066001008,1261,Paschall,,0,0,4260000
421010066001009,1261,Paschall,,0,0,4260000
421010066001010,1261,Paschall,,0,0,4260000
421010066001011,1261,Paschall,,0,0,4260000
421010066001012,1261,Paschall,,0,0,4260000
421010066002000,1261,Paschall,,133,60,4260000
421010066002001,1261,Paschall,,81,37,4260000
421010066002002,1261,Paschall,,165,55,4260000
421010066002003,1261,Paschall,,74,35,4260000
421010066002004,1261,Paschall,,78,35,4260000
421010066002005,1261,Paschall,,9,3,4260000
421010066003000,1261,Paschall,,115,46,4260000
421010066003001,1261,Paschall,,77,29,4260000
421010066003002,1261,Paschall,,59,25,4260000
421010066003003,1261,Paschall,,124,45,4260000
421010066003004,1261,Paschall,,178,64,4260000
421010066003005,1261,Paschall,,0,0,4260000
421010066003006,1261,Paschall,,71,25,4260000
421010066003007,1261,Paschall,,56,20,4260000
421010066003008,1261,Paschall,,160,57,4260000
421010066003009,1261,Paschall,,154,68,4260000
421010066003010,1261,Paschall,,43,20,4260000
421010066004000,1261,Paschall,,79,32,4260000
421010066004001,1261,Paschall,,37,17,4260000
421010066004002,1261,Paschall,,68,26,4260000
421010066004003,1261,Paschall,,158,59,4260000
421010066004004,1261,Paschall,,36,13,4260000
421010066004005,1261,Paschall,,114,44,4260000
421010066004006,1261,Paschall,,159,46,4260000
421010066004007,1261,Paschall,,38,12,4260000
421010066004008,1261,Paschall,,121,36,4260000
421010066004009,1261,Paschall,,142,49,4260000
421010066004010,1261,Paschall,,143,48,4260000
421010066004011,1261,Paschall,,125,59,4260000
421010066004012,1261,Paschall,,19,9,4260000
421010033002030,1262,Bartram Village,,0,0,4260000
421010067007000,1262,Bartram Village,,4,1,4260000
421010067007001,1262,Bartram Village,,40,26,4260000
421010067007005,1262,Bartram Village,,134,50,4260000
421010067007006,1262,Bartram Village,,54,31,4260000
421010067007007,1262,Bartram Village,,22,7,4260000
421010067007008,1262,Bartram Village,,0,0,4260000
421010067007009,1262,Bartram Village,,81,45,4260000
421010069001000,1262,Bartram Village,,0,0,4260000
421010069001001,1262,Bartram Village,,0,0,4260000
421010069001002,1262,Bartram Village,,0,0,4260000
421010069001003,1262,Bartram Village,,85,36,4260000
421010069001004,1262,Bartram Village,,136,36,4260000
421010069001005,1262,Bartram Village,,194,77,4260000
421010069001006,1262,Bartram Village,,54,18,4260000
421010069001007,1262,Bartram Village,,85,30,4260000
421010069001008,1262,Bartram Village,,150,61,4260000
421010069001009,1262,Bartram Village,,229,100,4260000
421010069001010,1262,Bartram Village,,71,39,4260000
421010069001011,1262,Bartram Village,,146,72,4260000
421010069001012,1262,Bartram Village,,0,0,4260000
421010069001013,1262,Bartram Village,,0,0,4260000
421010069001014,1262,Bartram Village,,62,29,4260000
421010069002000,1262,Bartram Village,,68,35,4260000
421010069002001,1262,Bartram Village,,95,50,4260000
421010069002002,1262,Bartram Village,,101,52,4260000
421010069002003,1262,Bartram Village,,120,52,4260000
421010069002004,1262,Bartram Village,,95,52,4260000
421010069002005,1262,Bartram Village,,87,33,4260000
421010069002006,1262,Bartram Village,,0,0,4260000
421010069002007,1262,Bartram Village,,0,0,4260000
421010069002008,1262,Bartram Village,,0,0,4260000
421010069002009,1262,Bartram Village,,0,0,4260000
421010069002010,1262,Bartram Village,,55,28,4260000
421010069002011,1262,Bartram Village,,57,25,4260000
421010069002012,1262,Bartram Village,,0,0,4260000
421010069003005,1262,Bartram Village,,0,0,4260000
421010069003006,1262,Bartram Village,,119,50,4260000
421010069003007,1262,Bartram Village,,139,50,4260000
421010069003008,1262,Bartram Village,,103,44,4260000
421019809001022,1262,Bartram Village,,0,0,4260000
421019809001023,1262,Bartram Village,,0,0,4260000
421019809001024,1262,Bartram Village,,0,0,4260000
421019809001025,1262,Bartram Village,,0,0,4260000
421019809001029,1262,Bartram Village,,0,0,4260000
421019809001030,1262,Bartram Village,,0,0,4260000
421019809001231,1262,Bartram Village,,0,0,4260000
421019809001232,1262,Bartram Village,,0,0,4260000
421019809001233,1262,Bartram Village,,0,0,4260000
421019809001234,1262,Bartram Village,,0,0,4260000
421019809001235,1262,Bartram Village,,0,0,4260000
421019809001236,1262,Bartram Village,,0,0,4260000
421019809001237,1262,Bartram Village,,0,0,4260000
421019809001238,1262,Bartram Village,,0,0,4260000
421019809001239,1262,Bartram Village,,0,0,4260000
421010090001002,1272,Powelton,,79,38,4260000
421010090001003,1272,Powelton,,107,49,4260000
421010090001004,1272,Powelton,,67,38,4260000
421010090001005,1272,Powelton,,92,39,4260000
421010090001006,1272,Powelton,,17,9,4260000
421010090002000,1272,Powelton,,154,81,4260000
421010090002001,1272,Powelton,,185,12,4260000
421010090002002,1272,Powelton,,0,0,4260000
421010090002003,1272,Powelton,,306,198,4260000
421010090002004,1272,Powelton,,419,129,4260000
421010090002005,1272,Powelton,,600,0,4260000
421010090002006,1272,Powelton,,372,0,4260000
421010090003004,1272,Powelton,,96,70,4260000
421010090003005,1272,Powelton,,120,47,4260000
421010090003006,1272,Powelton,,101,34,4260000
421010090003007,1272,Powelton,,0,0,4260000
421010090003008,1272,Powelton,,139,67,4260000
421010090003009,1272,Powelton,,170,80,4260000
421010090003010,1272,Powelton,,132,38,4260000
421010090003011,1272,Powelton,,0,0,4260000
421010090003012,1272,Powelton,,88,24,4260000
421010090003013,1272,Powelton,,19,6,4260000
421010090004001,1272,Powelton,,184,84,4260000
421010090004002,1272,Powelton,,48,28,4260000
421010091001003,1272,Powelton,,107,56,4260000
421010091001004,1272,Powelton,,79,47,4260000
421010091001005,1272,Powelton,,92,58,4260000
421010091002000,1272,Powelton,,67,48,4260000
421010091002001,1272,Powelton,,168,89,4260000
421010091002002,1272,Powelton,,10,4,4260000
421010091002004,1272,Powelton,,0,0,4260000
421010091002005,1272,Powelton,,113,56,4260000
421010091002006,1272,Powelton,,138,100,4260000
421010064001004,1263,Kingsessing,,0,0,4260000
421010064003000,1263,Kingsessing,,8,2,4260000
421010064003001,1263,Kingsessing,,0,0,4260000
421010065001000,1263,Kingsessing,,46,23,4260000
421010065001001,1263,Kingsessing,,102,55,4260000
421010065001002,1263,Kingsessing,,112,53,4260000
421010065001003,1263,Kingsessing,,77,32,4260000
421010065001004,1263,Kingsessing,,42,23,4260000
421010065001005,1263,Kingsessing,,72,33,4260000
421010065002000,1263,Kingsessing,,128,47,4260000
421010065002001,1263,Kingsessing,,58,33,4260000
421010065002002,1263,Kingsessing,,0,0,4260000
421010065002003,1263,Kingsessing,,123,47,4260000
421010065002004,1263,Kingsessing,,0,0,4260000
421010065002005,1263,Kingsessing,,0,0,4260000
421010065002006,1263,Kingsessing,,76,31,4260000
421010065002007,1263,Kingsessing,,98,36,4260000
421010065002008,1263,Kingsessing,,96,39,4260000
421010065002009,1263,Kingsessing,,91,37,4260000
421010065002010,1263,Kingsessing,,0,0,4260000
421010065002011,1263,Kingsessing,,0,0,4260000
421010065003000,1263,Kingsessing,,116,60,4260000
421010065003001,1263,Kingsessing,,119,49,4260000
421010065003002,1263,Kingsessing,,174,73,4260000
421010065003003,1263,Kingsessing,,150,72,4260000
421010065003004,1263,Kingsessing,,101,50,4260000
421010065003005,1263,Kingsessing,,142,72,4260000
421010065004000,1263,Kingsessing,,141,53,4260000
421010065004001,1263,Kingsessing,,120,54,4260000
421010065004002,1263,Kingsessing,,123,45,4260000
421010065004003,1263,Kingsessing,,136,64,4260000
421010065004004,1263,Kingsessing,,135,71,4260000
421010065004005,1263,Kingsessing,,102,46,4260000
421010065005000,1263,Kingsessing,,135,48,4260000
421010065005001,1263,Kingsessing,,107,48,4260000
421010065005002,1263,Kingsessing,,183,127,4260000
421010065005003,1263,Kingsessing,,123,60,4260000
421010065005004,1263,Kingsessing,,124,56,4260000
421010065005005,1263,Kingsessing,,0,0,4260000
421010065006000,1263,Kingsessing,,111,80,4260000
421010065006001,1263,Kingsessing,,101,45,4260000
421010065006002,1263,Kingsessing,,85,46,4260000
421010065006003,1263,Kingsessing,,47,36,4260000
421010065006004,1263,Kingsessing,,0,0,4260000
421010065006005,1263,Kingsessing,,0,0,4260000
421010065006006,1263,Kingsessing,,0,0,4260000
421010065006007,1263,Kingsessing,,0,0,4260000
421010065006008,1263,Kingsessing,,0,0,4260000
421010065006009,1263,Kingsessing,,155,54,4260000
421010065006010,1263,Kingsessing,,176,79,4260000
421010065006011,1263,Kingsessing,,130,65,4260000
421010065006012,1263,Kingsessing,,116,62,4260000
421010065006013,1263,Kingsessing,,156,56,4260000
421010065006014,1263,Kingsessing,,0,0,4260000
421010065006015,1263,Kingsessing,,31,16,4260000
421010065006016,1263,Kingsessing,,26,12,4260000
421010065006017,1263,Kingsessing,,0,0,4260000
421010071011000,1263,Kingsessing,,114,64,4260000
421010071011001,1263,Kingsessing,,115,46,4260000
421010071011002,1263,Kingsessing,,94,39,4260000
421010071011003,1263,Kingsessing,,97,48,4260000
421010071011004,1263,Kingsessing,,0,0,4260000
421010071011005,1263,Kingsessing,,128,59,4260000
421010071011006,1263,Kingsessing,,124,56,4260000
421010071011007,1263,Kingsessing,,145,57,4260000
421010071012000,1263,Kingsessing,,94,43,4260000
421010071012001,1263,Kingsessing,,133,45,4260000
421010071012002,1263,Kingsessing,,97,50,4260000
421010071012003,1263,Kingsessing,,141,74,4260000
421010071012004,1263,Kingsessing,,115,55,4260000
421010071012005,1263,Kingsessing,,31,0,4260000
421010071012006,1263,Kingsessing,,57,28,4260000
421010071012007,1263,Kingsessing,,100,42,4260000
421010071012008,1263,Kingsessing,,76,30,4260000
421010071012009,1263,Kingsessing,,75,35,4260000
421010071012010,1263,Kingsessing,,39,19,4260000
421010071013000,1263,Kingsessing,,94,37,4260000
421010071013001,1263,Kingsessing,,142,58,4260000
421010071013002,1263,Kingsessing,,110,58,4260000
421010071013003,1263,Kingsessing,,127,55,4260000
421010071013004,1263,Kingsessing,,75,36,4260000
421010071013005,1263,Kingsessing,,93,0,4260000
421010071013006,1263,Kingsessing,,141,59,4260000
421010071021000,1263,Kingsessing,,127,54,4260000
421010071021001,1263,Kingsessing,,153,67,4260000
421010071021002,1263,Kingsessing,,135,55,4260000
421010071021003,1263,Kingsessing,,126,55,4260000
421010071021004,1263,Kingsessing,,129,57,4260000
421010071021005,1263,Kingsessing,,122,63,4260000
421010071021006,1263,Kingsessing,,118,59,4260000
421010071021007,1263,Kingsessing,,141,58,4260000
421010071022000,1263,Kingsessing,,122,54,4260000
421010071022001,1263,Kingsessing,,134,56,4260000
421010071022002,1263,Kingsessing,,178,61,4260000
421010071022003,1263,Kingsessing,,141,60,4260000
421010071022004,1263,Kingsessing,,172,64,4260000
421010071022005,1263,Kingsessing,,102,44,4260000
421010071022006,1263,Kingsessing,,130,49,4260000
421010071022007,1263,Kingsessing,,147,65,4260000
421010071022008,1263,Kingsessing,,69,25,4260000
421010071023000,1263,Kingsessing,,63,25,4260000
421010071023001,1263,Kingsessing,,120,53,4260000
421010071023002,1263,Kingsessing,,135,52,4260000
421010071023003,1263,Kingsessing,,134,45,4260000
421010071023004,1263,Kingsessing,,163,54,4260000
421010071023005,1263,Kingsessing,,115,54,4260000
421010071023006,1263,Kingsessing,,145,54,4260000
421010071023007,1263,Kingsessing,,99,39,4260000
421010071023008,1263,Kingsessing,,95,45,4260000
421010071024000,1263,Kingsessing,,152,59,4260000
421010071024001,1263,Kingsessing,,118,49,4260000
421010071024002,1263,Kingsessing,,55,34,4260000
421010071024003,1263,Kingsessing,,60,24,4260000
421010071024004,1263,Kingsessing,,94,43,4260000
421010071024005,1263,Kingsessing,,120,47,4260000
421010071024006,1263,Kingsessing,,92,35,4260000
421010071024007,1263,Kingsessing,,135,57,4260000
421010071025000,1263,Kingsessing,,173,63,4260000
421010071025001,1263,Kingsessing,,132,59,4260000
421010071025002,1263,Kingsessing,,144,64,4260000
421010071025003,1263,Kingsessing,,99,44,4260000
421010071025004,1263,Kingsessing,,82,42,4260000
421010071025005,1263,Kingsessing,,153,55,4260000
421010071025006,1263,Kingsessing,,0,0,4260000
421010072001000,1263,Kingsessing,,64,27,4260000
421010072001001,1263,Kingsessing,,116,42,4260000
421010072001002,1263,Kingsessing,,74,37,4260000
421010072001003,1263,Kingsessing,,62,28,4260000
421010072001004,1263,Kingsessing,,73,25,4260000
421010072001005,1263,Kingsessing,,77,26,4260000
421010072001006,1263,Kingsessing,,88,28,4260000
421010072001007,1263,Kingsessing,,99,40,4260000
421010072001008,1263,Kingsessing,,109,43,4260000
421010072001009,1263,Kingsessing,,61,29,4260000
421010072001010,1263,Kingsessing,,62,30,4260000
421010072001011,1263,Kingsessing,,104,46,4260000
421010072002000,1263,Kingsessing,,232,135,4260000
421010072002001,1263,Kingsessing,,0,0,4260000
421010072002002,1263,Kingsessing,,118,91,4260000
421010072002003,1263,Kingsessing,,187,66,4260000
421010072002004,1263,Kingsessing,,39,15,4260000
421010072002005,1263,Kingsessing,,43,28,4260000
421010072002006,1263,Kingsessing,,84,38,4260000
421010072003000,1263,Kingsessing,,121,55,4260000
421010072003001,1263,Kingsessing,,128,54,4260000
421010072003002,1263,Kingsessing,,143,49,4260000
421010072003003,1263,Kingsessing,,77,30,4260000
421010072003004,1263,Kingsessing,,80,28,4260000
421010072003005,1263,Kingsessing,,84,29,4260000
421010072004000,1263,Kingsessing,,105,49,4260000
421010072004001,1263,Kingsessing,,66,23,4260000
421010072004002,1263,Kingsessing,,139,53,4260000
421010072004003,1263,Kingsessing,,123,56,4260000
421010072004004,1263,Kingsessing,,140,58,4260000
421010072004005,1263,Kingsessing,,147,57,4260000
421010072005000,1263,Kingsessing,,98,53,4260000
421010072005001,1263,Kingsessing,,155,57,4260000
421010072005002,1263,Kingsessing,,126,55,4260000
421010072005003,1263,Kingsessing,,130,56,4260000
421010072005004,1263,Kingsessing,,82,28,4260000
421010072005005,1263,Kingsessing,,82,29,4260000
421010072005006,1263,Kingsessing,,78,30,4260000
421010072006000,1263,Kingsessing,,242,86,4260000
421010072006001,1263,Kingsessing,,0,0,4260000
421010072006002,1263,Kingsessing,,118,55,4260000
421010072006003,1263,Kingsessing,,12,7,4260000
421010072006004,1263,Kingsessing,,29,12,4260000
421010072006005,1263,Kingsessing,,3,2,4260000
421010072006006,1263,Kingsessing,,134,60,4260000
421010072006007,1263,Kingsessing,,132,59,4260000
421010072006008,1263,Kingsessing,,170,67,4260000
421010072006009,1263,Kingsessing,,137,69,4260000
421010073001000,1263,Kingsessing,,133,70,4260000
421010073001001,1263,Kingsessing,,112,52,4260000
421010073001002,1263,Kingsessing,,135,46,4260000
421010073001003,1263,Kingsessing,,198,80,4260000
421010073001004,1263,Kingsessing,,149,63,4260000
421010073001005,1263,Kingsessing,,101,51,4260000
421010073002000,1263,Kingsessing,,89,52,4260000
421010073002001,1263,Kingsessing,,85,47,4260000
421010073002002,1263,Kingsessing,,164,64,4260000
421010073002003,1263,Kingsessing,,163,55,4260000
421010073002004,1263,Kingsessing,,134,55,4260000
421010073002005,1263,Kingsessing,,129,54,4260000
421010073003003,1263,Kingsessing,,187,69,4260000
421010073003004,1263,Kingsessing,,92,44,4260000
421010073004004,1263,Kingsessing,,1,2,4260000
421010073004005,1263,Kingsessing,,0,0,4260000
421010073004006,1263,Kingsessing,,0,0,4260000
421010073004007,1263,Kingsessing,,0,0,4260000
421010073004011,1263,Kingsessing,,67,25,4260000
421010073004012,1263,Kingsessing,,84,37,4260000
421010073004013,1263,Kingsessing,,117,44,4260000
421010073004014,1263,Kingsessing,,140,61,4260000
421010074004000,1263,Kingsessing,,0,0,4260000
421010074004001,1263,Kingsessing,,262,110,4260000
421010074004002,1263,Kingsessing,,147,76,4260000
421010074004003,1263,Kingsessing,,80,28,4260000
421010074004004,1263,Kingsessing,,87,45,4260000
421010074004005,1263,Kingsessing,,84,38,4260000
421010091001006,1273,West Powelton,,37,18,4260000
421010091002003,1273,West Powelton,,129,78,4260000
421010091002007,1273,West Powelton,,28,16,4260000
421010091002008,1273,West Powelton,,0,0,4260000
421010091003001,1273,West Powelton,,64,30,4260000
421010091003002,1273,West Powelton,,106,16,4260000
421010091003003,1273,West Powelton,,0,0,4260000
421010091003004,1273,West Powelton,,63,44,4260000
421010091003005,1273,West Powelton,,69,2,4260000
421010091003006,1273,West Powelton,,16,8,4260000
421010091003007,1273,West Powelton,,43,21,4260000
421010091003008,1273,West Powelton,,47,22,4260000
421010091003009,1273,West Powelton,,102,66,4260000
421010091003010,1273,West Powelton,,5,2,4260000
421010091003011,1273,West Powelton,,79,41,4260000
421010091003012,1273,West Powelton,,157,83,4260000
421010092001000,1273,West Powelton,,60,20,4260000
421010092001001,1273,West Powelton,,992,377,4260000
421010092001002,1273,West Powelton,,78,32,4260000
421010092001003,1273,West Powelton,,51,20,4260000
421010092001004,1273,West Powelton,,0,0,4260000
421010092001005,1273,West Powelton,,128,61,4260000
421010092001006,1273,West Powelton,,36,26,4260000
421010092001007,1273,West Powelton,,146,74,4260000
421010092001008,1273,West Powelton,,67,47,4260000
421010092001009,1273,West Powelton,,65,56,4260000
421010092001010,1273,West Powelton,,0,0,4260000
421010092001011,1273,West Powelton,,4,6,4260000
421010092002000,1273,West Powelton,,128,68,4260000
421010092002001,1273,West Powelton,,77,49,4260000
421010092002002,1273,West Powelton,,50,27,4260000
421010092002003,1273,West Powelton,,6,5,4260000
421010092002004,1273,West Powelton,,125,78,4260000
421010092002005,1273,West Powelton,,80,38,4260000
421010092002006,1273,West Powelton,,101,57,4260000
421010092002007,1273,West Powelton,,5,11,4260000
421010092002008,1273,West Powelton,,45,39,4260000
421010092002009,1273,West Powelton,,74,52,4260000
421010092002010,1273,West Powelton,,108,62,4260000
421010092002011,1273,West Powelton,,27,17,4260000
421010092002012,1273,West Powelton,,51,43,4260000
421010092002013,1273,West Powelton,,35,33,4260000
421010092002014,1273,West Powelton,,57,25,4260000
421010092002015,1273,West Powelton,,49,24,4260000
421010092002016,1273,West Powelton,,77,46,4260000
421010092002017,1273,West Powelton,,84,40,4260000
421010092002018,1273,West Powelton,,78,55,4260000
421010108004004,1273,West Powelton,,68,38,4260000
421010108004009,1273,West Powelton,,1,2,4260000
421010108004010,1273,West Powelton,,26,16,4260000
421010110001001,1274,East Parkside,,0,0,4260000
421010110001003,1274,East Parkside,,61,31,4260000
421010110001004,1274,East Parkside,,137,68,4260000
421010110001005,1274,East Parkside,,69,34,4260000
421010110002000,1274,East Parkside,,308,229,4260000
421010110002001,1274,East Parkside,,189,96,4260000
421010110002002,1274,East Parkside,,0,0,4260000
421010110002003,1274,East Parkside,,174,95,4260000
421010110002004,1274,East Parkside,,40,19,4260000
421010110002005,1274,East Parkside,,192,84,4260000
421010110003000,1274,East Parkside,,0,0,4260000
421010110003001,1274,East Parkside,,221,137,4260000
421010110003002,1274,East Parkside,,75,75,4260000
421010110003003,1274,East Parkside,,92,62,4260000
421010110003004,1274,East Parkside,,74,51,4260000
421010110003005,1274,East Parkside,,89,48,4260000
421010110003006,1274,East Parkside,,35,45,4260000
421010110003007,1274,East Parkside,,165,77,4260000
421010110003008,1274,East Parkside,,79,24,4260000
421010110004000,1274,East Parkside,,135,69,4260000
421010110004001,1274,East Parkside,,39,22,4260000
421010110004002,1274,East Parkside,,17,6,4260000
421010110004003,1274,East Parkside,,189,82,4260000
421010110004004,1274,East Parkside,,26,12,4260000
421010110004005,1274,East Parkside,,65,26,4260000
421010110004006,1274,East Parkside,,17,10,4260000
421010110004007,1274,East Parkside,,54,28,4260000
421010110004008,1274,East Parkside,,140,71,4260000
421010110004009,1274,East Parkside,,173,74,4260000
421010110004010,1274,East Parkside,,124,63,4260000
421010110004011,1274,East Parkside,,159,59,4260000
421010107001000,1275,Belmont,,0,0,4260000
421010107001001,1275,Belmont,,0,0,4260000
421010107001002,1275,Belmont,,81,39,4260000
421010107001003,1275,Belmont,,100,47,4260000
421010107001004,1275,Belmont,,71,35,4260000
421010107001005,1275,Belmont,,55,26,4260000
421010107001006,1275,Belmont,,112,46,4260000
421010107001007,1275,Belmont,,26,21,4260000
421010107001008,1275,Belmont,,67,23,4260000
421010107001009,1275,Belmont,,3,16,4260000
421010107001010,1275,Belmont,,80,41,4260000
421010107002000,1275,Belmont,,13,4,4260000
421010107002001,1275,Belmont,,96,46,4260000
421010107002002,1275,Belmont,,58,22,4260000
421010107002003,1275,Belmont,,95,26,4260000
421010107002004,1275,Belmont,,31,26,4260000
421010107002005,1275,Belmont,,93,53,4260000
421010107002006,1275,Belmont,,47,33,4260000
421010107002007,1275,Belmont,,20,13,4260000
421010107002008,1275,Belmont,,14,9,4260000
421010107002009,1275,Belmont,,36,15,4260000
421010107002010,1275,Belmont,,68,39,4260000
421010107002011,1275,Belmont,,125,44,4260000
421010107002012,1275,Belmont,,0,0,4260000
421010107002013,1275,Belmont,,123,54,4260000
421010107002014,1275,Belmont,,46,22,4260000
421010107002015,1275,Belmont,,75,25,4260000
421010107002016,1275,Belmont,,6,10,4260000
421010107002017,1275,Belmont,,0,0,4260000
421010107002018,1275,Belmont,,16,19,4260000
421010107002019,1275,Belmont,,59,24,4260000
421010107002020,1275,Belmont,,49,18,4260000
421010107002021,1275,Belmont,,25,19,4260000
421010107002022,1275,Belmont,,3,4,4260000
421010107002023,1275,Belmont,,28,16,4260000
421010107002024,1275,Belmont,,13,6,4260000
421010107002025,1275,Belmont,,31,34,4260000
421010107002026,1275,Belmont,,0,0,4260000
421010107002027,1275,Belmont,,7,5,4260000
421010107003000,1275,Belmont,,114,52,4260000
421010107003001,1275,Belmont,,72,34,4260000
421010107003002,1275,Belmont,,104,49,4260000
421010107003003,1275,Belmont,,149,61,4260000
421010107003004,1275,Belmont,,89,45,4260000
421010107003005,1275,Belmont,,94,47,4260000
421010107003006,1275,Belmont,,40,25,4260000
421010107004000,1275,Belmont,,0,0,4260000
421010107004001,1275,Belmont,,31,11,4260000
421010107004002,1275,Belmont,,14,5,4260000
421010107004003,1275,Belmont,,22,17,4260000
421010107004004,1275,Belmont,,24,15,4260000
421010107004005,1275,Belmont,,226,154,4260000
421010107004006,1275,Belmont,,115,27,4260000
421010107004007,1275,Belmont,,14,6,4260000
421010107004008,1275,Belmont,,61,23,4260000
421010107004009,1275,Belmont,,59,30,4260000
421010107004010,1275,Belmont,,85,39,4260000
421010107004011,1275,Belmont,,121,44,4260000
421010107004012,1275,Belmont,,84,30,4260000
421010107004013,1275,Belmont,,27,17,4260000
421010107004014,1275,Belmont,,135,36,4260000
421010107004015,1275,Belmont,,110,55,4260000
421010110001006,1275,Belmont,,76,22,4260000
421010110001007,1275,Belmont,,162,80,4260000
421010110001008,1275,Belmont,,0,0,4260000
421010106001000,1276,Haverford North,,0,2,4260000
421010106001001,1276,Haverford North,,73,39,4260000
421010106001002,1276,Haverford North,,8,8,4260000
421010106001003,1276,Haverford North,,122,48,4260000
421010106001004,1276,Haverford North,,42,34,4260000
421010106001005,1276,Haverford North,,66,32,4260000
421010106001006,1276,Haverford North,,22,19,4260000
421010106001007,1276,Haverford North,,92,41,4260000
421010106001008,1276,Haverford North,,39,28,4260000
421010106001009,1276,Haverford North,,42,14,4260000
421010106001010,1276,Haverford North,,74,30,4260000
421010106001011,1276,Haverford North,,97,26,4260000
421010106002000,1276,Haverford North,,20,12,4260000
421010106002001,1276,Haverford North,,0,0,4260000
421010106002002,1276,Haverford North,,66,54,4260000
421010106002003,1276,Haverford North,,11,5,4260000
421010106002004,1276,Haverford North,,26,14,4260000
421010106002005,1276,Haverford North,,69,35,4260000
421010106002006,1276,Haverford North,,7,9,4260000
421010106002007,1276,Haverford North,,1,1,4260000
421010106002008,1276,Haverford North,,94,36,4260000
421010106002009,1276,Haverford North,,46,32,4260000
421010106002010,1276,Haverford North,,195,172,4260000
421010106002011,1276,Haverford North,,22,14,4260000
421010106002012,1276,Haverford North,,72,31,4260000
421010106002013,1276,Haverford North,,22,6,4260000
421010106002014,1276,Haverford North,,66,36,4260000
421010106002015,1276,Haverford North,,82,38,4260000
421010108004003,1276,Haverford North,,0,0,4260000
421010080003000,1264,Cobbs Creek,,154,56,4260000
421010080003001,1264,Cobbs Creek,,72,37,4260000
421010080003002,1264,Cobbs Creek,,159,57,4260000
421010080003003,1264,Cobbs Creek,,118,58,4260000
421010080003004,1264,Cobbs Creek,,97,45,4260000
421010080003005,1264,Cobbs Creek,,162,62,4260000
421010080004000,1264,Cobbs Creek,,0,0,4260000
421010080004001,1264,Cobbs Creek,,114,54,4260000
421010080004002,1264,Cobbs Creek,,139,59,4260000
421010080004003,1264,Cobbs Creek,,114,62,4260000
421010080004004,1264,Cobbs Creek,,122,68,4260000
421010080004005,1264,Cobbs Creek,,65,29,4260000
421010080004006,1264,Cobbs Creek,,0,0,4260000
421010080004007,1264,Cobbs Creek,,131,62,4260000
421010080004008,1264,Cobbs Creek,,140,72,4260000
421010080004009,1264,Cobbs Creek,,129,77,4260000
421010080004010,1264,Cobbs Creek,,146,66,4260000
421010080004011,1264,Cobbs Creek,,134,51,4260000
421010081011000,1264,Cobbs Creek,,176,67,4260000
421010081011001,1264,Cobbs Creek,,195,88,4260000
421010081011002,1264,Cobbs Creek,,185,70,4260000
421010081011003,1264,Cobbs Creek,,144,67,4260000
421010081011004,1264,Cobbs Creek,,0,0,4260000
421010081011005,1264,Cobbs Creek,,99,41,4260000
421010081011006,1264,Cobbs Creek,,123,47,4260000
421010081011007,1264,Cobbs Creek,,108,44,4260000
421010081011008,1264,Cobbs Creek,,36,28,4260000
421010081012000,1264,Cobbs Creek,,131,62,4260000
421010081012001,1264,Cobbs Creek,,101,42,4260000
421010081012002,1264,Cobbs Creek,,148,57,4260000
421010081012003,1264,Cobbs Creek,,124,49,4260000
421010081012004,1264,Cobbs Creek,,108,47,4260000
421010081012005,1264,Cobbs Creek,,95,44,4260000
421010081012006,1264,Cobbs Creek,,87,35,4260000
421010081012007,1264,Cobbs Creek,,0,0,4260000
421010081012008,1264,Cobbs Creek,,177,69,4260000
421010081012009,1264,Cobbs Creek,,152,63,4260000
421010081013000,1264,Cobbs Creek,,57,31,4260000
421010081013001,1264,Cobbs Creek,,63,26,4260000
421010081013002,1264,Cobbs Creek,,72,29,4260000
421010081013003,1264,Cobbs Creek,,73,26,4260000
421010081013004,1264,Cobbs Creek,,51,25,4260000
421010081013005,1264,Cobbs Creek,,67,28,4260000
421010081013006,1264,Cobbs Creek,,53,25,4260000
421010081013007,1264,Cobbs Creek,,42,26,4260000
421010081013008,1264,Cobbs Creek,,48,31,4260000
421010081013009,1264,Cobbs Creek,,43,23,4260000
421010081013010,1264,Cobbs Creek,,0,0,4260000
421010081021000,1264,Cobbs Creek,,131,53,4260000
421010081021001,1264,Cobbs Creek,,143,62,4260000
421010081021002,1264,Cobbs Creek,,160,59,4260000
421010081021003,1264,Cobbs Creek,,130,64,4260000
421010081021004,1264,Cobbs Creek,,139,61,4260000
421010081021005,1264,Cobbs Creek,,141,59,4260000
421010081022000,1264,Cobbs Creek,,164,65,4260000
421010081022001,1264,Cobbs Creek,,153,62,4260000
421010081022002,1264,Cobbs Creek,,162,60,4260000
421010081022003,1264,Cobbs Creek,,153,58,4260000
421010081022004,1264,Cobbs Creek,,142,61,4260000
421010081022005,1264,Cobbs Creek,,159,63,4260000
421010081023000,1264,Cobbs Creek,,144,59,4260000
421010081023001,1264,Cobbs Creek,,167,63,4260000
421010081023002,1264,Cobbs Creek,,138,56,4260000
421010081023003,1264,Cobbs Creek,,126,60,4260000
421010081023004,1264,Cobbs Creek,,130,59,4260000
421010081023005,1264,Cobbs Creek,,127,60,4260000
421010081024000,1264,Cobbs Creek,,189,54,4260000
421010081024001,1264,Cobbs Creek,,158,66,4260000
421010081024002,1264,Cobbs Creek,,164,68,4260000
421010081024003,1264,Cobbs Creek,,221,81,4260000
421010081024004,1264,Cobbs Creek,,0,0,4260000
421010081024005,1264,Cobbs Creek,,145,65,4260000
421010081024006,1264,Cobbs Creek,,139,67,4260000
421010081024007,1264,Cobbs Creek,,161,57,4260000
421010081024008,1264,Cobbs Creek,,147,58,4260000
421010081024009,1264,Cobbs Creek,,124,51,4260000
421010081024010,1264,Cobbs Creek,,136,64,4260000
421010081025000,1264,Cobbs Creek,,85,38,4260000
421010081025001,1264,Cobbs Creek,,69,27,4260000
421010081025002,1264,Cobbs Creek,,119,47,4260000
421010081025003,1264,Cobbs Creek,,126,66,4260000
421010081025004,1264,Cobbs Creek,,41,23,4260000
421010081025005,1264,Cobbs Creek,,82,39,4260000
421010081025006,1264,Cobbs Creek,,92,40,4260000
421010081025007,1264,Cobbs Creek,,39,17,4260000
421010081025008,1264,Cobbs Creek,,182,71,4260000
421010082001000,1264,Cobbs Creek,,150,66,4260000
421010082001001,1264,Cobbs Creek,,146,78,4260000
421010082001002,1264,Cobbs Creek,,148,65,4260000
421010082001003,1264,Cobbs Creek,,155,66,4260000
421010082001004,1264,Cobbs Creek,,120,56,4260000
421010082001005,1264,Cobbs Creek,,164,66,4260000
421010082001006,1264,Cobbs Creek,,171,71,4260000
421010082002000,1264,Cobbs Creek,,158,62,4260000
421010082002001,1264,Cobbs Creek,,198,68,4260000
421010082002002,1264,Cobbs Creek,,195,81,4260000
421010082002003,1264,Cobbs Creek,,196,72,4260000
421010082002004,1264,Cobbs Creek,,149,65,4260000
421010082002005,1264,Cobbs Creek,,147,64,4260000
421010082003000,1264,Cobbs Creek,,141,65,4260000
421010082003001,1264,Cobbs Creek,,148,85,4260000
421010082003002,1264,Cobbs Creek,,150,61,4260000
421010082003003,1264,Cobbs Creek,,140,67,4260000
421010082003004,1264,Cobbs Creek,,130,64,4260000
421010082003005,1264,Cobbs Creek,,172,61,4260000
421010082003006,1264,Cobbs Creek,,132,62,4260000
421010082003007,1264,Cobbs Creek,,0,0,4260000
421010082004000,1264,Cobbs Creek,,153,63,4260000
421010082004001,1264,Cobbs Creek,,131,58,4260000
421010082004002,1264,Cobbs Creek,,177,65,4260000
421010082004003,1264,Cobbs Creek,,105,45,4260000
421010082004004,1264,Cobbs Creek,,2,1,4260000
421010082004005,1264,Cobbs Creek,,50,24,4260000
421010082004006,1264,Cobbs Creek,,81,29,4260000
421010082004007,1264,Cobbs Creek,,108,45,4260000
421010082005000,1264,Cobbs Creek,,81,47,4260000
421010082005001,1264,Cobbs Creek,,98,47,4260000
421010082005002,1264,Cobbs Creek,,56,39,4260000
421010082005003,1264,Cobbs Creek,,70,37,4260000
421010082005004,1264,Cobbs Creek,,0,0,4260000
421010082005005,1264,Cobbs Creek,,64,30,4260000
421010082005006,1264,Cobbs Creek,,0,0,4260000
421010082005007,1264,Cobbs Creek,,140,59,4260000
421010082005008,1264,Cobbs Creek,,137,82,4260000
421010082006000,1264,Cobbs Creek,,141,58,4260000
421010082006001,1264,Cobbs Creek,,141,53,4260000
421010082006002,1264,Cobbs Creek,,130,54,4260000
421010082006003,1264,Cobbs Creek,,154,56,4260000
421010082006004,1264,Cobbs Creek,,121,52,4260000
421010082006005,1264,Cobbs Creek,,164,63,4260000
421010082006006,1264,Cobbs Creek,,137,50,4260000
421010082006007,1264,Cobbs Creek,,101,48,4260000
421010082006008,1264,Cobbs Creek,,130,47,4260000
421010082006009,1264,Cobbs Creek,,59,30,4260000
421010082006010,1264,Cobbs Creek,,64,22,4260000
421010082006011,1264,Cobbs Creek,,15,6,4260000
421010082007000,1264,Cobbs Creek,,174,72,4260000
421010082007001,1264,Cobbs Creek,,138,66,4260000
421010082007002,1264,Cobbs Creek,,130,56,4260000
421010082007003,1264,Cobbs Creek,,127,55,4260000
421010082007004,1264,Cobbs Creek,,140,62,4260000
421010082007005,1264,Cobbs Creek,,168,62,4260000
421010083011000,1264,Cobbs Creek,,39,24,4260000
421010083011001,1264,Cobbs Creek,,54,20,4260000
421010083011002,1264,Cobbs Creek,,48,17,4260000
421010083011003,1264,Cobbs Creek,,29,23,4260000
421010083011004,1264,Cobbs Creek,,0,0,4260000
421010083011005,1264,Cobbs Creek,,22,23,4260000
421010083011006,1264,Cobbs Creek,,0,0,4260000
421010083011007,1264,Cobbs Creek,,209,139,4260000
421010083011008,1264,Cobbs Creek,,105,122,4260000
421010083011009,1264,Cobbs Creek,,151,82,4260000
421010083011010,1264,Cobbs Creek,,141,65,4260000
421010083011011,1264,Cobbs Creek,,152,67,4260000
421010083011012,1264,Cobbs Creek,,122,64,4260000
421010083012000,1264,Cobbs Creek,,151,70,4260000
421010083012001,1264,Cobbs Creek,,627,218,4260000
421010083012002,1264,Cobbs Creek,,169,68,4260000
421010083012003,1264,Cobbs Creek,,126,73,4260000
421010083012004,1264,Cobbs Creek,,64,30,4260000
421010083012005,1264,Cobbs Creek,,88,47,4260000
421010083012006,1264,Cobbs Creek,,119,48,4260000
421010083012007,1264,Cobbs Creek,,132,64,4260000
421010083012008,1264,Cobbs Creek,,173,68,4260000
421010083012009,1264,Cobbs Creek,,142,58,4260000
421010083013000,1264,Cobbs Creek,,162,65,4260000
421010083013001,1264,Cobbs Creek,,177,61,4260000
421010083013002,1264,Cobbs Creek,,0,0,4260000
421010083013003,1264,Cobbs Creek,,0,0,4260000
421010083013004,1264,Cobbs Creek,,140,57,4260000
421010083013005,1264,Cobbs Creek,,80,57,4260000
421010083013006,1264,Cobbs Creek,,108,48,4260000
421010083013007,1264,Cobbs Creek,,61,25,4260000
421010083013008,1264,Cobbs Creek,,141,64,4260000
421010083013009,1264,Cobbs Creek,,130,62,4260000
421010083013010,1264,Cobbs Creek,,95,45,4260000
421010083013011,1264,Cobbs Creek,,80,34,4260000
421010083013012,1264,Cobbs Creek,,44,27,4260000
421010083021000,1264,Cobbs Creek,,131,62,4260000
421010083021001,1264,Cobbs Creek,,133,55,4260000
421010083021002,1264,Cobbs Creek,,164,58,4260000
421010083021003,1264,Cobbs Creek,,67,41,4260000
421010083021004,1264,Cobbs Creek,,143,74,4260000
421010083021005,1264,Cobbs Creek,,0,0,4260000
421010083021006,1264,Cobbs Creek,,23,13,4260000
421010083021007,1264,Cobbs Creek,,135,63,4260000
421010083021008,1264,Cobbs Creek,,121,66,4260000
421010083022000,1264,Cobbs Creek,,47,23,4260000
421010083022001,1264,Cobbs Creek,,22,19,4260000
421010083022002,1264,Cobbs Creek,,21,24,4260000
421010083022003,1264,Cobbs Creek,,156,53,4260000
421010083022004,1264,Cobbs Creek,,56,35,4260000
421010083022005,1264,Cobbs Creek,,68,24,4260000
421010083022006,1264,Cobbs Creek,,37,26,4260000
421010083022007,1264,Cobbs Creek,,71,26,4260000
421010083022008,1264,Cobbs Creek,,67,34,4260000
421010083022009,1264,Cobbs Creek,,139,66,4260000
421010083022010,1264,Cobbs Creek,,35,40,4260000
421010083022011,1264,Cobbs Creek,,32,24,4260000
421010083022012,1264,Cobbs Creek,,52,26,4260000
421010083022013,1264,Cobbs Creek,,120,62,4260000
421010083022014,1264,Cobbs Creek,,141,88,4260000
421010083022015,1264,Cobbs Creek,,85,45,4260000
421010083022016,1264,Cobbs Creek,,101,42,4260000
421010083022017,1264,Cobbs Creek,,54,50,4260000
421010083022018,1264,Cobbs Creek,,104,65,4260000
421010083022019,1264,Cobbs Creek,,70,39,4260000
421010083023000,1264,Cobbs Creek,,113,51,4260000
421010083023001,1264,Cobbs Creek,,122,48,4260000
421010083023002,1264,Cobbs Creek,,35,23,4260000
421010083023003,1264,Cobbs Creek,,119,61,4260000
421010083023004,1264,Cobbs Creek,,62,33,4260000
421010083023005,1264,Cobbs Creek,,95,49,4260000
421010083023006,1264,Cobbs Creek,,125,54,4260000
421010083023007,1264,Cobbs Creek,,102,44,4260000
421010083023008,1264,Cobbs Creek,,131,61,4260000
421010083024000,1264,Cobbs Creek,,158,63,4260000
421010083024001,1264,Cobbs Creek,,116,63,4260000
421010083024002,1264,Cobbs Creek,,118,62,4260000
421010083024003,1264,Cobbs Creek,,77,40,4260000
421010083024004,1264,Cobbs Creek,,140,61,4260000
421010083024005,1264,Cobbs Creek,,131,62,4260000
421010083024006,1264,Cobbs Creek,,124,54,4260000
421010083024007,1264,Cobbs Creek,,144,62,4260000
421010084001000,1264,Cobbs Creek,,166,64,4260000
421010084001001,1264,Cobbs Creek,,81,32,4260000
421010084001002,1264,Cobbs Creek,,106,45,4260000
421010084001003,1264,Cobbs Creek,,132,57,4260000
421010084001004,1264,Cobbs Creek,,69,34,4260000
421010084001005,1264,Cobbs Creek,,77,27,4260000
421010084001006,1264,Cobbs Creek,,52,28,4260000
421010084001007,1264,Cobbs Creek,,84,31,4260000
421010084001008,1264,Cobbs Creek,,87,34,4260000
421010084001009,1264,Cobbs Creek,,58,25,4260000
421010084001010,1264,Cobbs Creek,,58,28,4260000
421010084001011,1264,Cobbs Creek,,49,24,4260000
421010084002000,1264,Cobbs Creek,,142,60,4260000
421010084002001,1264,Cobbs Creek,,101,47,4260000
421010084002002,1264,Cobbs Creek,,142,60,4260000
421010084002003,1264,Cobbs Creek,,179,92,4260000
421010084002004,1264,Cobbs Creek,,107,56,4260000
421010084002005,1264,Cobbs Creek,,117,52,4260000
421010084003000,1264,Cobbs Creek,,135,56,4260000
421010084003001,1264,Cobbs Creek,,112,48,4260000
421010084003002,1264,Cobbs Creek,,130,50,4260000
421010084003003,1264,Cobbs Creek,,94,52,4260000
421010084003004,1264,Cobbs Creek,,104,52,4260000
421010084003005,1264,Cobbs Creek,,111,51,4260000
421010084004000,1264,Cobbs Creek,,137,80,4260000
421010084004001,1264,Cobbs Creek,,0,0,4260000
421010084004002,1264,Cobbs Creek,,0,0,4260000
421010084004003,1264,Cobbs Creek,,59,30,4260000
421010084004004,1264,Cobbs Creek,,47,28,4260000
421010084004005,1264,Cobbs Creek,,68,34,4260000
421010084004006,1264,Cobbs Creek,,61,26,4260000
421010084004007,1264,Cobbs Creek,,59,32,4260000
421010084004008,1264,Cobbs Creek,,83,41,4260000
421010084004009,1264,Cobbs Creek,,41,18,4260000
421010084004010,1264,Cobbs Creek,,83,46,4260000
421010084004011,1264,Cobbs Creek,,79,35,4260000
421010084005000,1264,Cobbs Creek,,78,41,4260000
421010084005001,1264,Cobbs Creek,,0,0,4260000
421010084005002,1264,Cobbs Creek,,151,71,4260000
421010084005003,1264,Cobbs Creek,,156,65,4260000
421010084005004,1264,Cobbs Creek,,112,50,4260000
421010084005005,1264,Cobbs Creek,,147,66,4260000
421010084006000,1264,Cobbs Creek,,64,27,4260000
421010084006001,1264,Cobbs Creek,,35,19,4260000
421010084006002,1264,Cobbs Creek,,169,77,4260000
421010084006003,1264,Cobbs Creek,,166,71,4260000
421010084006004,1264,Cobbs Creek,,148,62,4260000
421010084006005,1264,Cobbs Creek,,52,17,4260000
421010085004000,1264,Cobbs Creek,,113,61,4260000
421010085004001,1264,Cobbs Creek,,123,66,4260000
421010085004002,1264,Cobbs Creek,,112,68,4260000
421010085004003,1264,Cobbs Creek,,125,61,4260000
421010085004004,1264,Cobbs Creek,,133,59,4260000
421010085004005,1264,Cobbs Creek,,130,54,4260000
421010085005000,1264,Cobbs Creek,,122,54,4260000
421010085005001,1264,Cobbs Creek,,131,53,4260000
421010085005002,1264,Cobbs Creek,,248,100,4260000
421010085005003,1264,Cobbs Creek,,147,64,4260000
421010085005004,1264,Cobbs Creek,,123,58,4260000
421010085005005,1264,Cobbs Creek,,142,63,4260000
421010085005006,1264,Cobbs Creek,,128,83,4260000
421010085005007,1264,Cobbs Creek,,20,13,4260000
421010085005008,1264,Cobbs Creek,,128,67,4260000
421010085006000,1264,Cobbs Creek,,112,52,4260000
421010085006001,1264,Cobbs Creek,,46,26,4260000
421010085006002,1264,Cobbs Creek,,68,33,4260000
421010085006003,1264,Cobbs Creek,,65,28,4260000
421010085006004,1264,Cobbs Creek,,193,112,4260000
421010085006005,1264,Cobbs Creek,,129,79,4260000
421010085006006,1264,Cobbs Creek,,110,51,4260000
421010085006007,1264,Cobbs Creek,,122,72,4260000
421010085007000,1264,Cobbs Creek,,13,10,4260000
421010085007001,1264,Cobbs Creek,,48,27,4260000
421010085007002,1264,Cobbs Creek,,52,17,4260000
421010085007003,1264,Cobbs Creek,,62,24,4260000
421010085007004,1264,Cobbs Creek,,42,22,4260000
421010085007005,1264,Cobbs Creek,,45,26,4260000
421010085007006,1264,Cobbs Creek,,63,26,4260000
421010085007007,1264,Cobbs Creek,,63,57,4260000
421010085007008,1264,Cobbs Creek,,69,47,4260000
421010085007009,1264,Cobbs Creek,,71,30,4260000
421010085007010,1264,Cobbs Creek,,114,46,4260000
421010085007011,1264,Cobbs Creek,,68,38,4260000
421010085007012,1264,Cobbs Creek,,40,18,4260000
421010085007013,1264,Cobbs Creek,,70,35,4260000
421010085007014,1264,Cobbs Creek,,51,28,4260000
421010085007015,1264,Cobbs Creek,,66,28,4260000
421010085007016,1264,Cobbs Creek,,211,108,4260000
421010085001000,1265,Walnut Hill,,161,67,4260000
421010085001001,1265,Walnut Hill,,88,39,4260000
421010085001002,1265,Walnut Hill,,75,40,4260000
421010085001003,1265,Walnut Hill,,108,59,4260000
421010085001004,1265,Walnut Hill,,159,67,4260000
421010085001005,1265,Walnut Hill,,85,38,4260000
421010085001006,1265,Walnut Hill,,37,16,4260000
421010085002000,1265,Walnut Hill,,156,86,4260000
421010085002001,1265,Walnut Hill,,72,37,4260000
421010085002002,1265,Walnut Hill,,69,84,4260000
421010085002003,1265,Walnut Hill,,204,95,4260000
421010085002004,1265,Walnut Hill,,146,70,4260000
421010085002005,1265,Walnut Hill,,124,51,4260000
421010085003000,1265,Walnut Hill,,125,64,4260000
421010085003001,1265,Walnut Hill,,115,59,4260000
421010085003002,1265,Walnut Hill,,97,36,4260000
421010085003003,1265,Walnut Hill,,120,73,4260000
421010086011000,1265,Walnut Hill,,149,103,4260000
421010086011001,1265,Walnut Hill,,0,55,4260000
421010086011002,1265,Walnut Hill,,193,93,4260000
421010086011003,1265,Walnut Hill,,181,120,4260000
421010086012002,1265,Walnut Hill,,167,95,4260000
421010086012003,1265,Walnut Hill,,145,72,4260000
421010086012004,1265,Walnut Hill,,132,63,4260000
421010086021001,1265,Walnut Hill,,72,29,4260000
421010086021002,1265,Walnut Hill,,0,8,4260000
421010086021003,1265,Walnut Hill,,0,0,4260000
421010086021005,1265,Walnut Hill,,13,8,4260000
421010086021006,1265,Walnut Hill,,37,13,4260000
421010086021007,1265,Walnut Hill,,46,22,4260000
421010086021008,1265,Walnut Hill,,8,6,4260000
421010086021009,1265,Walnut Hill,,1,1,4260000
421010086021010,1265,Walnut Hill,,242,112,4260000
421010086021011,1265,Walnut Hill,,32,22,4260000
421010086021012,1265,Walnut Hill,,26,16,4260000
421010086021015,1265,Walnut Hill,,6,2,4260000
421010086021016,1265,Walnut Hill,,73,38,4260000
421010086022000,1265,Walnut Hill,,317,185,4260000
421010086022001,1265,Walnut Hill,,162,110,4260000
421010086022002,1265,Walnut Hill,,335,215,4260000
421010086022003,1265,Walnut Hill,,155,66,4260000
421010086022004,1265,Walnut Hill,,0,0,4260000
421010086022005,1265,Walnut Hill,,261,113,4260000
421010086023000,1265,Walnut Hill,,69,33,4260000
421010086023001,1265,Walnut Hill,,188,86,4260000
421010086023002,1265,Walnut Hill,,269,107,4260000
421010086023003,1265,Walnut Hill,,181,76,4260000
421010086023004,1265,Walnut Hill,,137,60,4260000
421010073003000,1266,Cedar Park,,106,50,4260000
421010073003001,1266,Cedar Park,,78,33,4260000
421010073003002,1266,Cedar Park,,58,32,4260000
421010073003005,1266,Cedar Park,,91,40,4260000
421010073004000,1266,Cedar Park,,81,32,4260000
421010073004001,1266,Cedar Park,,48,33,4260000
421010073004002,1266,Cedar Park,,40,22,4260000
421010073004003,1266,Cedar Park,,0,0,4260000
421010073004008,1266,Cedar Park,,119,54,4260000
421010073004009,1266,Cedar Park,,32,19,4260000
421010073004010,1266,Cedar Park,,155,65,4260000
421010078001002,1266,Cedar Park,,97,39,4260000
421010078001003,1266,Cedar Park,,220,133,4260000
421010078001004,1266,Cedar Park,,223,77,4260000
421010078001005,1266,Cedar Park,,99,49,4260000
421010078001006,1266,Cedar Park,,142,85,4260000
421010078001007,1266,Cedar Park,,0,0,4260000
421010078002000,1266,Cedar Park,,198,115,4260000
421010078002001,1266,Cedar Park,,124,82,4260000
421010078002002,1266,Cedar Park,,112,68,4260000
421010078002003,1266,Cedar Park,,5,2,4260000
421010078002004,1266,Cedar Park,,60,30,4260000
421010078002005,1266,Cedar Park,,0,1,4260000
421010078002006,1266,Cedar Park,,0,0,4260000
421010078003000,1266,Cedar Park,,45,14,4260000
421010078003001,1266,Cedar Park,,0,0,4260000
421010078003002,1266,Cedar Park,,95,38,4260000
421010078003003,1266,Cedar Park,,157,114,4260000
421010078003004,1266,Cedar Park,,146,79,4260000
421010078003005,1266,Cedar Park,,122,68,4260000
421010078003006,1266,Cedar Park,,172,90,4260000
421010078004000,1266,Cedar Park,,88,60,4260000
421010078004001,1266,Cedar Park,,155,74,4260000
421010078004002,1266,Cedar Park,,49,31,4260000
421010078004003,1266,Cedar Park,,123,61,4260000
421010078004004,1266,Cedar Park,,117,71,4260000
421010078004005,1266,Cedar Park,,113,68,4260000
421010078004006,1266,Cedar Park,,101,54,4260000
421010078004007,1266,Cedar Park,,116,55,4260000
421010078005001,1266,Cedar Park,,173,105,4260000
421010078005002,1266,Cedar Park,,184,87,4260000
421010078005003,1266,Cedar Park,,211,123,4260000
421010078005004,1266,Cedar Park,,247,181,4260000
421010079002002,1266,Cedar Park,,193,83,4260000
421010079002003,1266,Cedar Park,,204,104,4260000
421010079002004,1266,Cedar Park,,185,127,4260000
421010079002005,1266,Cedar Park,,202,98,4260000
421010079002006,1266,Cedar Park,,45,34,4260000
421010079002007,1266,Cedar Park,,193,119,4260000
421010079003000,1266,Cedar Park,,197,88,4260000
421010079003001,1266,Cedar Park,,176,85,4260000
421010079003002,1266,Cedar Park,,207,78,4260000
421010079003003,1266,Cedar Park,,196,99,4260000
421010079003004,1266,Cedar Park,,175,73,4260000
421010079003005,1266,Cedar Park,,201,81,4260000
421010079003006,1266,Cedar Park,,0,0,4260000
421010079004004,1266,Cedar Park,,175,73,4260000
421010079004005,1266,Cedar Park,,170,71,4260000
421010080001003,1266,Cedar Park,,161,69,4260000
421010080001004,1266,Cedar Park,,159,88,4260000
421010080001005,1266,Cedar Park,,198,74,4260000
421010080001006,1266,Cedar Park,,184,90,4260000
421010080002000,1266,Cedar Park,,143,72,4260000
421010080002001,1266,Cedar Park,,165,76,4260000
421010080002002,1266,Cedar Park,,147,71,4260000
421010080002003,1266,Cedar Park,,142,67,4260000
421010080002004,1266,Cedar Park,,104,87,4260000
421010080002005,1266,Cedar Park,,125,62,4260000
421010080002006,1266,Cedar Park,,104,60,4260000
421010079001001,1267,Garden Court,,51,21,4260000
421010079001002,1267,Garden Court,,286,195,4260000
421010079001003,1267,Garden Court,,112,47,4260000
421010079001004,1267,Garden Court,,91,31,4260000
421010079004000,1267,Garden Court,,324,212,4260000
421010079004001,1267,Garden Court,,146,74,4260000
421010079004002,1267,Garden Court,,155,54,4260000
421010079004003,1267,Garden Court,,118,56,4260000
421010080001000,1267,Garden Court,,179,102,4260000
421010080001001,1267,Garden Court,,0,0,4260000
421010080001002,1267,Garden Court,,144,76,4260000
421010085003004,1267,Garden Court,,222,109,4260000
421010085003005,1267,Garden Court,,98,53,4260000
421010085003006,1267,Garden Court,,134,64,4260000
421010086011004,1267,Garden Court,,98,60,4260000
421010086011005,1267,Garden Court,,47,24,4260000
421010086011006,1267,Garden Court,,78,39,4260000
421010086011007,1267,Garden Court,,72,29,4260000
421010086011008,1267,Garden Court,,202,142,4260000
421010086012005,1267,Garden Court,,345,188,4260000
421010077001000,1268,Woodland Terrace,,354,247,4260000
421010077001001,1268,Woodland Terrace,,440,171,4260000
421010077001002,1268,Woodland Terrace,,122,81,4260000
421010077001005,1268,Woodland Terrace,,112,52,4260000
421010077001006,1268,Woodland Terrace,,217,96,4260000
421010077001008,1268,Woodland Terrace,,60,21,4260000
421010088021003,1268,Woodland Terrace,,44,26,4260000
421010088021004,1268,Woodland Terrace,,228,89,4260000
421010088021005,1268,Woodland Terrace,,0,0,4260000
421010077001003,1269,Spruce Hill,,0,0,4260000
421010077001004,1269,Spruce Hill,,0,0,4260000
421010077001007,1269,Spruce Hill,,0,0,4260000
421010077002003,1269,Spruce Hill,,0,0,4260000
421010078001000,1269,Spruce Hill,,67,28,4260000
421010078001001,1269,Spruce Hill,,126,66,4260000
421010078005000,1269,Spruce Hill,,51,33,4260000
421010078005005,1269,Spruce Hill,,239,134,4260000
421010079001000,1269,Spruce Hill,,222,161,4260000
421010079001005,1269,Spruce Hill,,215,120,4260000
421010079002000,1269,Spruce Hill,,156,55,4260000
421010079002001,1269,Spruce Hill,,158,62,4260000
421010079002008,1269,Spruce Hill,,0,0,4260000
421010086012000,1269,Spruce Hill,,207,78,4260000
421010086012001,1269,Spruce Hill,,216,85,4260000
421010086012006,1269,Spruce Hill,,296,162,4260000
421010086012007,1269,Spruce Hill,,239,102,4260000
421010086012008,1269,Spruce Hill,,180,127,4260000
421010086021000,1269,Spruce Hill,,155,48,4260000
421010086021004,1269,Spruce Hill,,0,0,4260000
421010086021013,1269,Spruce Hill,,82,44,4260000
421010086021014,1269,Spruce Hill,,143,128,4260000
421010087011000,1269,Spruce Hill,,171,84,4260000
421010087011001,1269,Spruce Hill,,189,106,4260000
421010087011002,1269,Spruce Hill,,204,105,4260000
421010087011003,1269,Spruce Hill,,135,64,4260000
421010087011004,1269,Spruce Hill,,150,62,4260000
421010087011005,1269,Spruce Hill,,230,123,4260000
421010087012000,1269,Spruce Hill,,102,50,4260000
421010087012001,1269,Spruce Hill,,46,21,4260000
421010087012002,1269,Spruce Hill,,202,110,4260000
421010087012003,1269,Spruce Hill,,37,21,4260000
421010087012004,1269,Spruce Hill,,290,119,4260000
421010087012005,1269,Spruce Hill,,105,50,4260000
421010087012006,1269,Spruce Hill,,95,41,4260000
421010087012007,1269,Spruce Hill,,128,56,4260000
421010087012008,1269,Spruce Hill,,0,0,4260000
421010087012009,1269,Spruce Hill,,147,71,4260000
421010087013000,1269,Spruce Hill,,248,143,4260000
421010087013001,1269,Spruce Hill,,208,102,4260000
421010087013002,1269,Spruce Hill,,178,78,4260000
421010087013003,1269,Spruce Hill,,362,193,4260000
421010087013004,1269,Spruce Hill,,272,185,4260000
421010087013005,1269,Spruce Hill,,218,105,4260000
421010087013006,1269,Spruce Hill,,430,227,4260000
421010087021000,1269,Spruce Hill,,6,3,4260000
421010087021001,1269,Spruce Hill,,50,24,4260000
421010087021002,1269,Spruce Hill,,98,3,4260000
421010087021003,1269,Spruce Hill,,0,0,4260000
421010087021004,1269,Spruce Hill,,84,19,4260000
421010087021005,1269,Spruce Hill,,163,101,4260000
421010087021006,1269,Spruce Hill,,0,0,4260000
421010087021007,1269,Spruce Hill,,207,134,4260000
421010087021008,1269,Spruce Hill,,35,10,4260000
421010087021009,1269,Spruce Hill,,207,76,4260000
421010087021010,1269,Spruce Hill,,224,119,4260000
421010087021011,1269,Spruce Hill,,423,268,4260000
421010087021012,1269,Spruce Hill,,0,0,4260000
421010087021013,1269,Spruce Hill,,277,177,4260000
421010087022000,1269,Spruce Hill,,236,143,4260000
421010087022001,1269,Spruce Hill,,168,71,4260000
421010087022002,1269,Spruce Hill,,99,41,4260000
421010087022003,1269,Spruce Hill,,91,45,4260000
421010087022004,1269,Spruce Hill,,201,102,4260000
421010087022005,1269,Spruce Hill,,172,110,4260000
421010087022006,1269,Spruce Hill,,295,152,4260000
421010093004000,1281,Haddington,,84,54,4260000
421010093004001,1281,Haddington,,147,62,4260000
421010093004002,1281,Haddington,,116,56,4260000
421010093004003,1281,Haddington,,134,71,4260000
421010093004004,1281,Haddington,,81,58,4260000
421010093004005,1281,Haddington,,134,70,4260000
421010093004006,1281,Haddington,,58,32,4260000
421010093004007,1281,Haddington,,20,20,4260000
421010093005001,1281,Haddington,,130,70,4260000
421010093005002,1281,Haddington,,0,0,4260000
421010093005003,1281,Haddington,,84,45,4260000
421010093005004,1281,Haddington,,151,72,4260000
421010093005005,1281,Haddington,,85,31,4260000
421010093005006,1281,Haddington,,112,55,4260000
421010093005007,1281,Haddington,,129,54,4260000
421010093005008,1281,Haddington,,128,66,4260000
421010093005009,1281,Haddington,,161,66,4260000
421010093005010,1281,Haddington,,107,53,4260000
421010093005011,1281,Haddington,,124,58,4260000
421010094001000,1281,Haddington,,192,77,4260000
421010094001001,1281,Haddington,,5,1,4260000
421010094001002,1281,Haddington,,49,21,4260000
421010094001003,1281,Haddington,,0,0,4260000
421010094001004,1281,Haddington,,38,18,4260000
421010094001005,1281,Haddington,,57,33,4260000
421010094001006,1281,Haddington,,14,15,4260000
421010094001007,1281,Haddington,,26,11,4260000
421010094001008,1281,Haddington,,76,36,4260000
421010094001009,1281,Haddington,,19,9,4260000
421010094001010,1281,Haddington,,197,66,4260000
421010094002000,1281,Haddington,,14,8,4260000
421010094002001,1281,Haddington,,27,14,4260000
421010094002002,1281,Haddington,,10,5,4260000
421010094002003,1281,Haddington,,60,16,4260000
421010094002004,1281,Haddington,,110,68,4260000
421010094002005,1281,Haddington,,158,71,4260000
421010094002006,1281,Haddington,,125,54,4260000
421010094002007,1281,Haddington,,126,57,4260000
421010094002008,1281,Haddington,,25,13,4260000
421010094002009,1281,Haddington,,71,34,4260000
421010094002010,1281,Haddington,,79,39,4260000
421010094002011,1281,Haddington,,206,146,4260000
421010094002012,1281,Haddington,,108,53,4260000
421010094002013,1281,Haddington,,87,62,4260000
421010094003000,1281,Haddington,,123,63,4260000
421010094003001,1281,Haddington,,163,63,4260000
421010094003002,1281,Haddington,,155,76,4260000
421010094003003,1281,Haddington,,127,58,4260000
421010094003004,1281,Haddington,,93,47,4260000
421010094004000,1281,Haddington,,10,8,4260000
421010094004001,1281,Haddington,,86,77,4260000
421010094004002,1281,Haddington,,84,36,4260000
421010094004003,1281,Haddington,,38,23,4260000
421010094004004,1281,Haddington,,122,59,4260000
421010094004005,1281,Haddington,,123,89,4260000
421010094004006,1281,Haddington,,60,26,4260000
421010094004007,1281,Haddington,,65,33,4260000
421010094004008,1281,Haddington,,30,17,4260000
421010094004009,1281,Haddington,,96,52,4260000
421010094004010,1281,Haddington,,32,18,4260000
421010094004011,1281,Haddington,,88,56,4260000
421010094004012,1281,Haddington,,162,138,4260000
421010094004013,1281,Haddington,,144,58,4260000
421010094004014,1281,Haddington,,147,60,4260000
421010095001000,1281,Haddington,,171,68,4260000
421010095001001,1281,Haddington,,106,57,4260000
421010095001002,1281,Haddington,,110,56,4260000
421010095001003,1281,Haddington,,86,44,4260000
421010095001004,1281,Haddington,,53,34,4260000
421010095001005,1281,Haddington,,70,33,4260000
421010095001006,1281,Haddington,,0,0,4260000
421010095002000,1281,Haddington,,121,52,4260000
421010095002001,1281,Haddington,,149,70,4260000
421010095002002,1281,Haddington,,124,68,4260000
421010095002003,1281,Haddington,,141,61,4260000
421010095002004,1281,Haddington,,155,65,4260000
421010095003000,1281,Haddington,,159,61,4260000
421010095003001,1281,Haddington,,68,27,4260000
421010095003002,1281,Haddington,,157,59,4260000
421010095003003,1281,Haddington,,146,64,4260000
421010095003004,1281,Haddington,,82,50,4260000
421010095003005,1281,Haddington,,64,29,4260000
421010095003006,1281,Haddington,,53,28,4260000
421010095003007,1281,Haddington,,44,28,4260000
421010095003008,1281,Haddington,,109,40,4260000
421010095003009,1281,Haddington,,105,53,4260000
421010095003010,1281,Haddington,,1,2,4260000
421010095004000,1281,Haddington,,88,40,4260000
421010095004001,1281,Haddington,,90,63,4260000
421010095004002,1281,Haddington,,84,40,4260000
421010095004003,1281,Haddington,,103,50,4260000
421010095004004,1281,Haddington,,77,40,4260000
421010095004005,1281,Haddington,,75,40,4260000
421010095004006,1281,Haddington,,67,33,4260000
421010095004007,1281,Haddington,,101,62,4260000
421010095004008,1281,Haddington,,84,43,4260000
421010095004009,1281,Haddington,,84,46,4260000
421010095004010,1281,Haddington,,75,36,4260000
421010095004011,1281,Haddington,,111,45,4260000
421010096001000,1281,Haddington,,71,37,4260000
421010096001001,1281,Haddington,,122,57,4260000
421010096001002,1281,Haddington,,126,64,4260000
421010096001003,1281,Haddington,,121,61,4260000
421010096001004,1281,Haddington,,136,61,4260000
421010096001005,1281,Haddington,,170,73,4260000
421010096001006,1281,Haddington,,105,38,4260000
421010096001007,1281,Haddington,,57,34,4260000
421010096001008,1281,Haddington,,129,52,4260000
421010096001009,1281,Haddington,,45,27,4260000
421010096001010,1281,Haddington,,54,28,4260000
421010096001011,1281,Haddington,,67,29,4260000
421010096002000,1281,Haddington,,154,68,4260000
421010096002001,1281,Haddington,,123,66,4260000
421010096002002,1281,Haddington,,138,67,4260000
421010096002003,1281,Haddington,,123,55,4260000
421010096002004,1281,Haddington,,134,55,4260000
421010096002005,1281,Haddington,,85,51,4260000
421010096003000,1281,Haddington,,129,58,4260000
421010096003001,1281,Haddington,,150,55,4260000
421010096003002,1281,Haddington,,161,75,4260000
421010096003003,1281,Haddington,,119,67,4260000
421010096003004,1281,Haddington,,113,63,4260000
421010096003005,1281,Haddington,,132,79,4260000
421010096004000,1281,Haddington,,140,64,4260000
421010096004001,1281,Haddington,,147,67,4260000
421010096004002,1281,Haddington,,139,66,4260000
421010096004003,1281,Haddington,,110,40,4260000
421010096004004,1281,Haddington,,53,26,4260000
421010096004005,1281,Haddington,,50,35,4260000
421010096004006,1281,Haddington,,88,43,4260000
421010096004007,1281,Haddington,,75,36,4260000
421010096005000,1281,Haddington,,118,66,4260000
421010096005001,1281,Haddington,,86,47,4260000
421010096005002,1281,Haddington,,106,56,4260000
421010096005003,1281,Haddington,,41,23,4260000
421010096005004,1281,Haddington,,61,29,4260000
421010096005005,1281,Haddington,,140,81,4260000
421010096005006,1281,Haddington,,120,60,4260000
421010101004000,1281,Haddington,,54,23,4260000
421010101004001,1281,Haddington,,35,17,4260000
421010101004002,1281,Haddington,,84,38,4260000
421010101004003,1281,Haddington,,27,22,4260000
421010101004004,1281,Haddington,,77,39,4260000
421010101004005,1281,Haddington,,38,19,4260000
421010101004006,1281,Haddington,,97,45,4260000
421010101004007,1281,Haddington,,58,36,4260000
421010101004008,1281,Haddington,,202,54,4260000
421010101004009,1281,Haddington,,58,37,4260000
421010101004010,1281,Haddington,,56,34,4260000
421010101004011,1281,Haddington,,79,33,4260000
421010101005000,1281,Haddington,,107,58,4260000
421010101005001,1281,Haddington,,170,87,4260000
421010101005002,1281,Haddington,,139,60,4260000
421010101005003,1281,Haddington,,103,65,4260000
421010101005004,1281,Haddington,,95,52,4260000
421010101005005,1281,Haddington,,82,52,4260000
421010101006002,1281,Haddington,,164,88,4260000
421010101006003,1281,Haddington,,146,65,4260000
421010101006004,1281,Haddington,,116,59,4260000
421010101006005,1281,Haddington,,123,51,4260000
421010101006006,1281,Haddington,,0,0,4260000
421010102001000,1281,Haddington,,149,64,4260000
421010102001001,1281,Haddington,,202,82,4260000
421010102001002,1281,Haddington,,114,55,4260000
421010102001003,1281,Haddington,,94,41,4260000
421010102001004,1281,Haddington,,87,41,4260000
421010102001005,1281,Haddington,,93,43,4260000
421010102002000,1281,Haddington,,125,47,4260000
421010102002001,1281,Haddington,,88,41,4260000
421010102002002,1281,Haddington,,29,13,4260000
421010102002003,1281,Haddington,,202,122,4260000
421010102002004,1281,Haddington,,45,17,4260000
421010102002005,1281,Haddington,,105,64,4260000
421010102002006,1281,Haddington,,40,21,4260000
421010102002007,1281,Haddington,,9,11,4260000
421010102002008,1281,Haddington,,0,0,4260000
421010102002009,1281,Haddington,,0,0,4260000
421010102002010,1281,Haddington,,120,50,4260000
421010102002011,1281,Haddington,,42,22,4260000
421010102002012,1281,Haddington,,101,48,4260000
421010102002013,1281,Haddington,,80,41,4260000
421010102002014,1281,Haddington,,87,20,4260000
421010102002015,1281,Haddington,,47,19,4260000
421010102003000,1281,Haddington,,56,31,4260000
421010102003001,1281,Haddington,,69,37,4260000
421010102003002,1281,Haddington,,36,22,4260000
421010102003003,1281,Haddington,,57,29,4260000
421010102003004,1281,Haddington,,47,32,4260000
421010102003005,1281,Haddington,,144,61,4260000
421010102003006,1281,Haddington,,136,61,4260000
421010102003007,1281,Haddington,,120,48,4260000
421010102003008,1281,Haddington,,121,57,4260000
421010102003009,1281,Haddington,,31,12,4260000
421010102003010,1281,Haddington,,135,61,4260000
421010102003011,1281,Haddington,,137,56,4260000
421010102003012,1281,Haddington,,135,64,4260000
421010102003013,1281,Haddington,,104,52,4260000
421010103001000,1281,Haddington,,71,48,4260000
421010103001001,1281,Haddington,,79,37,4260000
421010103001002,1281,Haddington,,84,37,4260000
421010103001003,1281,Haddington,,133,60,4260000
421010103001004,1281,Haddington,,38,21,4260000
421010103001005,1281,Haddington,,107,57,4260000
421010103001013,1281,Haddington,,97,52,4260000
421010103001014,1281,Haddington,,158,58,4260000
421010103002000,1281,Haddington,,127,92,4260000
421010103002001,1281,Haddington,,130,63,4260000
421010103002002,1281,Haddington,,88,45,4260000
421010103002003,1281,Haddington,,81,42,4260000
421010103002004,1281,Haddington,,57,21,4260000
421010103002005,1281,Haddington,,64,29,4260000
421010103002006,1281,Haddington,,99,51,4260000
421010103002013,1281,Haddington,,0,0,4260000
421010101001000,1282,Carroll Park,,99,61,4260000
421010101001001,1282,Carroll Park,,146,72,4260000
421010101001002,1282,Carroll Park,,96,50,4260000
421010101001003,1282,Carroll Park,,144,71,4260000
421010101001004,1282,Carroll Park,,124,58,4260000
421010101001005,1282,Carroll Park,,170,72,4260000
421010101002000,1282,Carroll Park,,126,64,4260000
421010101002001,1282,Carroll Park,,109,55,4260000
421010101002002,1282,Carroll Park,,102,54,4260000
421010101002003,1282,Carroll Park,,102,50,4260000
421010101002004,1282,Carroll Park,,131,71,4260000
421010101002005,1282,Carroll Park,,111,49,4260000
421010101002006,1282,Carroll Park,,0,0,4260000
421010101002007,1282,Carroll Park,,107,54,4260000
421010101003000,1282,Carroll Park,,100,48,4260000
421010101003001,1282,Carroll Park,,120,55,4260000
421010101003002,1282,Carroll Park,,125,57,4260000
421010101003003,1282,Carroll Park,,134,56,4260000
421010101003004,1282,Carroll Park,,125,55,4260000
421010101003005,1282,Carroll Park,,130,54,4260000
421010101006000,1282,Carroll Park,,165,72,4260000
421010101006001,1282,Carroll Park,,193,87,4260000
421010101007000,1282,Carroll Park,,159,68,4260000
421010101007001,1282,Carroll Park,,134,64,4260000
421010101007002,1282,Carroll Park,,145,68,4260000
421010101007003,1282,Carroll Park,,70,42,4260000
421010101007004,1282,Carroll Park,,79,43,4260000
421010101007005,1282,Carroll Park,,103,59,4260000
421010111002001,1282,Carroll Park,,8,6,4260000
421010111002002,1282,Carroll Park,,143,64,4260000
421010111002003,1282,Carroll Park,,75,34,4260000
421010111002004,1282,Carroll Park,,76,36,4260000
421010111003000,1282,Carroll Park,,61,26,4260000
421010111003001,1282,Carroll Park,,51,25,4260000
421010111003002,1282,Carroll Park,,76,38,4260000
421010111003003,1282,Carroll Park,,104,52,4260000
421010111003004,1282,Carroll Park,,125,65,4260000
421010111003005,1282,Carroll Park,,68,28,4260000
421010111003006,1282,Carroll Park,,42,19,4260000
421010111003007,1282,Carroll Park,,116,62,4260000
421010111003008,1282,Carroll Park,,72,32,4260000
421010111004001,1282,Carroll Park,,22,14,4260000
421010111004002,1282,Carroll Park,,7,2,4260000
421010111004003,1282,Carroll Park,,54,23,4260000
421010111004004,1282,Carroll Park,,82,43,4260000
421010111004005,1282,Carroll Park,,44,21,4260000
421010111004006,1282,Carroll Park,,45,20,4260000
421010111004007,1282,Carroll Park,,102,63,4260000
421010111004008,1282,Carroll Park,,173,93,4260000
421010111004009,1282,Carroll Park,,91,55,4260000
421010111004010,1282,Carroll Park,,84,49,4260000
421010111004011,1282,Carroll Park,,81,35,4260000
421010111004012,1282,Carroll Park,,97,42,4260000
421010111004013,1282,Carroll Park,,98,45,4260000
421010111004014,1282,Carroll Park,,86,40,4260000
421010111005001,1282,Carroll Park,,1,1,4260000
421010111005002,1282,Carroll Park,,5,3,4260000
421010111005003,1282,Carroll Park,,57,29,4260000
421010111005004,1282,Carroll Park,,45,25,4260000
421010111005005,1282,Carroll Park,,8,11,4260000
421010111005008,1282,Carroll Park,,0,0,4260000
421010111005009,1282,Carroll Park,,21,13,4260000
421010111005010,1282,Carroll Park,,4,2,4260000
421010111005011,1282,Carroll Park,,157,82,4260000
421010111005012,1282,Carroll Park,,93,49,4260000
421010111005013,1282,Carroll Park,,63,32,4260000
421010111005014,1282,Carroll Park,,6,3,4260000
421010111005015,1282,Carroll Park,,54,22,4260000
421010111005016,1282,Carroll Park,,46,20,4260000
421010111005017,1282,Carroll Park,,117,26,4260000
421010111005018,1282,Carroll Park,,164,73,4260000
421010112001000,1282,Carroll Park,,148,70,4260000
421010112001001,1282,Carroll Park,,116,53,4260000
421010112001002,1282,Carroll Park,,57,30,4260000
421010112001003,1282,Carroll Park,,142,65,4260000
421010112001004,1282,Carroll Park,,92,33,4260000
421010112001005,1282,Carroll Park,,91,37,4260000
421010112002000,1282,Carroll Park,,70,33,4260000
421010112002001,1282,Carroll Park,,93,47,4260000
421010112002002,1282,Carroll Park,,162,64,4260000
421010112002003,1282,Carroll Park,,173,86,4260000
421010112002004,1282,Carroll Park,,33,25,4260000
421010112002005,1282,Carroll Park,,139,73,4260000
421010112003000,1282,Carroll Park,,137,61,4260000
421010112003001,1282,Carroll Park,,102,43,4260000
421010112003002,1282,Carroll Park,,103,42,4260000
421010112003003,1282,Carroll Park,,149,68,4260000
421010112003004,1282,Carroll Park,,133,61,4260000
421010112003005,1282,Carroll Park,,180,95,4260000
421010112004000,1282,Carroll Park,,150,56,4260000
421010112004001,1282,Carroll Park,,135,51,4260000
421010112004002,1282,Carroll Park,,158,47,4260000
421010112004003,1282,Carroll Park,,83,47,4260000
421010112004004,1282,Carroll Park,,109,47,4260000
421010112004005,1282,Carroll Park,,0,0,4260000
421010112004006,1282,Carroll Park,,132,64,4260000
421010112004007,1282,Carroll Park,,183,71,4260000
421010112005000,1282,Carroll Park,,165,69,4260000
421010112005001,1282,Carroll Park,,74,45,4260000
421010112005002,1282,Carroll Park,,104,40,4260000
421010112005003,1282,Carroll Park,,0,0,4260000
421010112005004,1282,Carroll Park,,147,67,4260000
421010112005005,1282,Carroll Park,,116,64,4260000
421010112005006,1282,Carroll Park,,175,70,4260000
421010112006000,1282,Carroll Park,,137,64,4260000
421010112006001,1282,Carroll Park,,153,67,4260000
421010112006002,1282,Carroll Park,,175,64,4260000
421010112006003,1282,Carroll Park,,144,67,4260000
421010112006004,1282,Carroll Park,,66,36,4260000
421010112006005,1282,Carroll Park,,79,44,4260000
421010112007000,1282,Carroll Park,,184,77,4260000
421010112007001,1282,Carroll Park,,167,70,4260000
421010112007002,1282,Carroll Park,,167,74,4260000
421010112007003,1282,Carroll Park,,121,58,4260000
421010112007004,1282,Carroll Park,,124,50,4260000
421010112007005,1282,Carroll Park,,126,60,4260000
421010098011000,1283,Overbrook,,177,80,4260000
421010098011001,1283,Overbrook,,62,27,4260000
421010098011002,1283,Overbrook,,87,35,4260000
421010098011003,1283,Overbrook,,98,40,4260000
421010098011004,1283,Overbrook,,111,45,4260000
421010098011005,1283,Overbrook,,39,20,4260000
421010098011006,1283,Overbrook,,42,19,4260000
421010098011007,1283,Overbrook,,148,57,4260000
421010098011008,1283,Overbrook,,160,56,4260000
421010098011009,1283,Overbrook,,133,51,4260000
421010098012000,1283,Overbrook,,59,24,4260000
421010098012001,1283,Overbrook,,117,54,4260000
421010098012002,1283,Overbrook,,161,74,4260000
421010098012003,1283,Overbrook,,4,2,4260000
421010098012004,1283,Overbrook,,191,71,4260000
421010098012005,1283,Overbrook,,164,67,4260000
421010098012006,1283,Overbrook,,0,0,4260000
421010098012007,1283,Overbrook,,61,23,4260000
421010098012008,1283,Overbrook,,96,44,4260000
421010098012009,1283,Overbrook,,274,187,4260000
421010098021000,1283,Overbrook,,321,178,4260000
421010098021001,1283,Overbrook,,118,55,4260000
421010098021002,1283,Overbrook,,131,62,4260000
421010098021003,1283,Overbrook,,92,36,4260000
421010098021004,1283,Overbrook,,216,106,4260000
421010098021005,1283,Overbrook,,174,82,4260000
421010098021006,1283,Overbrook,,110,57,4260000
421010098021007,1283,Overbrook,,240,97,4260000
421010098021008,1283,Overbrook,,111,48,4260000
421010098021009,1283,Overbrook,,201,84,4260000
421010098022000,1283,Overbrook,,187,65,4260000
421010098022001,1283,Overbrook,,305,119,4260000
421010098022002,1283,Overbrook,,150,62,4260000
421010098022003,1283,Overbrook,,184,73,4260000
421010098022004,1283,Overbrook,,381,158,4260000
421010098022005,1283,Overbrook,,226,83,4260000
421010098022006,1283,Overbrook,,245,86,4260000
421010098022007,1283,Overbrook,,92,32,4260000
421010098022008,1283,Overbrook,,73,33,4260000
421010098022009,1283,Overbrook,,51,23,4260000
421010098022010,1283,Overbrook,,130,59,4260000
421010098023000,1283,Overbrook,,113,41,4260000
421010098023001,1283,Overbrook,,142,52,4260000
421010098023002,1283,Overbrook,,132,52,4260000
421010098023003,1283,Overbrook,,131,52,4260000
421010098023004,1283,Overbrook,,211,76,4260000
421010098023005,1283,Overbrook,,192,80,4260000
421010098023006,1283,Overbrook,,131,46,4260000
421010098023007,1283,Overbrook,,105,46,4260000
421010098023008,1283,Overbrook,,120,42,4260000
421010098023009,1283,Overbrook,,65,23,4260000
421010098023010,1283,Overbrook,,121,46,4260000
421010098023011,1283,Overbrook,,139,54,4260000
421010098023012,1283,Overbrook,,135,53,4260000
421010100001000,1283,Overbrook,,172,87,4260000
421010100001001,1283,Overbrook,,94,34,4260000
421010100001002,1283,Overbrook,,146,81,4260000
421010100001003,1283,Overbrook,,62,22,4260000
421010100001004,1283,Overbrook,,114,25,4260000
421010100001005,1283,Overbrook,,133,63,4260000
421010100001006,1283,Overbrook,,142,64,4260000
421010100001007,1283,Overbrook,,38,22,4260000
421010100001008,1283,Overbrook,,80,37,4260000
421010100001009,1283,Overbrook,,134,66,4260000
421010100001010,1283,Overbrook,,58,34,4260000
421010100001011,1283,Overbrook,,79,40,4260000
421010100002000,1283,Overbrook,,154,51,4260000
421010100002001,1283,Overbrook,,173,67,4260000
421010100002002,1283,Overbrook,,125,49,4260000
421010100002003,1283,Overbrook,,120,58,4260000
421010100002004,1283,Overbrook,,174,88,4260000
421010100003000,1283,Overbrook,,150,60,4260000
421010100003001,1283,Overbrook,,107,39,4260000
421010100003002,1283,Overbrook,,133,47,4260000
421010100003003,1283,Overbrook,,51,18,4260000
421010100003004,1283,Overbrook,,155,63,4260000
421010100003005,1283,Overbrook,,138,51,4260000
421010100004000,1283,Overbrook,,165,50,4260000
421010100004001,1283,Overbrook,,115,44,4260000
421010100004002,1283,Overbrook,,111,37,4260000
421010100004003,1283,Overbrook,,124,48,4260000
421010100004004,1283,Overbrook,,5,0,4260000
421010100004005,1283,Overbrook,,82,35,4260000
421010100004006,1283,Overbrook,,77,31,4260000
421010100004007,1283,Overbrook,,82,30,4260000
421010100004008,1283,Overbrook,,34,18,4260000
421010100004009,1283,Overbrook,,36,16,4260000
421010100004010,1283,Overbrook,,151,59,4260000
421010100004011,1283,Overbrook,,44,23,4260000
421010100004012,1283,Overbrook,,24,10,4260000
421010100004013,1283,Overbrook,,95,41,4260000
421010100004014,1283,Overbrook,,39,17,4260000
421010100004015,1283,Overbrook,,13,6,4260000
421010100004016,1283,Overbrook,,57,19,4260000
421010100004017,1283,Overbrook,,0,0,4260000
421010100004018,1283,Overbrook,,126,50,4260000
421010100004019,1283,Overbrook,,112,47,4260000
421010100004020,1283,Overbrook,,142,57,4260000
421010111004000,1283,Overbrook,,0,0,4260000
421010113001000,1283,Overbrook,,140,63,4260000
421010113001001,1283,Overbrook,,0,0,4260000
421010113001002,1283,Overbrook,,230,110,4260000
421010113001003,1283,Overbrook,,235,103,4260000
421010113001004,1283,Overbrook,,214,114,4260000
421010113001005,1283,Overbrook,,228,111,4260000
421010113002000,1283,Overbrook,,24,12,4260000
421010113002001,1283,Overbrook,,63,29,4260000
421010113002002,1283,Overbrook,,50,23,4260000
421010113002003,1283,Overbrook,,81,26,4260000
421010113002004,1283,Overbrook,,159,67,4260000
421010113002005,1283,Overbrook,,100,50,4260000
421010113002006,1283,Overbrook,,65,32,4260000
421010113002007,1283,Overbrook,,86,39,4260000
421010113002008,1283,Overbrook,,91,39,4260000
421010113002009,1283,Overbrook,,87,61,4260000
421010113002010,1283,Overbrook,,37,11,4260000
421010113002011,1283,Overbrook,,63,28,4260000
421010113003000,1283,Overbrook,,102,52,4260000
421010113003001,1283,Overbrook,,221,96,4260000
421010113003002,1283,Overbrook,,201,97,4260000
421010113003003,1283,Overbrook,,114,50,4260000
421010113003004,1283,Overbrook,,142,52,4260000
421010113003005,1283,Overbrook,,184,85,4260000
421010114001000,1283,Overbrook,,153,47,4260000
421010114001001,1283,Overbrook,,0,0,4260000
421010114001002,1283,Overbrook,,140,53,4260000
421010114001003,1283,Overbrook,,82,33,4260000
421010114001004,1283,Overbrook,,99,30,4260000
421010114001005,1283,Overbrook,,176,133,4260000
421010114001006,1283,Overbrook,,293,197,4260000
421010114001007,1283,Overbrook,,319,165,4260000
421010114002000,1283,Overbrook,,94,45,4260000
421010114002001,1283,Overbrook,,117,48,4260000
421010114002002,1283,Overbrook,,106,44,4260000
421010114002003,1283,Overbrook,,100,54,4260000
421010114002004,1283,Overbrook,,122,50,4260000
421010114002005,1283,Overbrook,,87,36,4260000
421010114002006,1283,Overbrook,,117,52,4260000
421010114003000,1283,Overbrook,,158,62,4260000
421010114003001,1283,Overbrook,,122,61,4260000
421010114003002,1283,Overbrook,,155,62,4260000
421010114003003,1283,Overbrook,,124,60,4260000
421010114003004,1283,Overbrook,,135,59,4260000
421010114003005,1283,Overbrook,,141,66,4260000
421010114004000,1283,Overbrook,,131,65,4260000
421010114004001,1283,Overbrook,,135,61,4260000
421010114004002,1283,Overbrook,,126,54,4260000
421010114004003,1283,Overbrook,,159,70,4260000
421010114004004,1283,Overbrook,,145,63,4260000
421010114004005,1283,Overbrook,,152,65,4260000
421010114005000,1283,Overbrook,,155,72,4260000
421010114005001,1283,Overbrook,,421,223,4260000
421010114005002,1283,Overbrook,,297,173,4260000
421010114005003,1283,Overbrook,,184,64,4260000
421010114005004,1283,Overbrook,,198,112,4260000
421010114005005,1283,Overbrook,,169,65,4260000
421010114006002,1283,Overbrook,,0,0,4260000
421010114006003,1283,Overbrook,,9,6,4260000
421010114006004,1283,Overbrook,,45,25,4260000
421010114006005,1283,Overbrook,,22,25,4260000
421010114006006,1283,Overbrook,,0,0,4260000
421010114006007,1283,Overbrook,,48,20,4260000
421010114006008,1283,Overbrook,,15,4,4260000
421010114006009,1283,Overbrook,,89,44,4260000
421010114006010,1283,Overbrook,,196,73,4260000
421010114006011,1283,Overbrook,,362,181,4260000
421010114006012,1283,Overbrook,,94,46,4260000
421010114006013,1283,Overbrook,,0,0,4260000
421010114006014,1283,Overbrook,,117,50,4260000
421010115001000,1283,Overbrook,,192,64,4260000
421010115001001,1283,Overbrook,,150,53,4260000
421010115001002,1283,Overbrook,,121,44,4260000
421010115001003,1283,Overbrook,,181,67,4260000
421010115001004,1283,Overbrook,,155,62,4260000
421010115001005,1283,Overbrook,,146,60,4260000
421010115002000,1283,Overbrook,,350,135,4260000
421010115002001,1283,Overbrook,,275,117,4260000
421010115002002,1283,Overbrook,,186,67,4260000
421010115002003,1283,Overbrook,,189,72,4260000
421010115002004,1283,Overbrook,,118,57,4260000
421010115002005,1283,Overbrook,,112,42,4260000
421010115003000,1283,Overbrook,,81,27,4260000
421010115003001,1283,Overbrook,,62,23,4260000
421010115003002,1283,Overbrook,,36,20,4260000
421010115003003,1283,Overbrook,,105,40,4260000
421010115003004,1283,Overbrook,,88,43,4260000
421010115003005,1283,Overbrook,,86,47,4260000
421010115003006,1283,Overbrook,,94,32,4260000
421010115003007,1283,Overbrook,,123,54,4260000
421010115003008,1283,Overbrook,,82,39,4260000
421010115003009,1283,Overbrook,,107,49,4260000
421010115003010,1283,Overbrook,,248,96,4260000
421010115003011,1283,Overbrook,,5,3,4260000
421010115004000,1283,Overbrook,,223,82,4260000
421010115004001,1283,Overbrook,,120,39,4260000
421010115004002,1283,Overbrook,,92,50,4260000
421010115004003,1283,Overbrook,,59,19,4260000
421010115004004,1283,Overbrook,,196,60,4260000
421010115004005,1283,Overbrook,,169,61,4260000
421010115004006,1283,Overbrook,,131,72,4260000
421010117001000,1283,Overbrook,,793,0,4260000
421010117001001,1283,Overbrook,,44,8,4260000
421010117001002,1283,Overbrook,,119,19,4260000
421010117001003,1283,Overbrook,,70,27,4260000
421010117001004,1283,Overbrook,,60,17,4260000
421010117001005,1283,Overbrook,,234,100,4260000
421010117001006,1283,Overbrook,,59,22,4260000
421010117001007,1283,Overbrook,,124,49,4260000
421010117001008,1283,Overbrook,,159,45,4260000
421010117001009,1283,Overbrook,,12,10,4260000
421010117001010,1283,Overbrook,,111,39,4260000
421010117001011,1283,Overbrook,,45,18,4260000
421010117001012,1283,Overbrook,,101,47,4260000
421010120002001,1283,Overbrook,,19,9,4260000
421010120002002,1283,Overbrook,,105,56,4260000
421010120002003,1283,Overbrook,,63,29,4260000
421010120002004,1283,Overbrook,,24,14,4260000
421010120002005,1283,Overbrook,,33,17,4260000
421010120002006,1283,Overbrook,,175,16,4260000
421010120002007,1283,Overbrook,,457,66,4260000
421010120002008,1283,Overbrook,,14,5,4260000
421010120002009,1283,Overbrook,,44,18,4260000
421010120002010,1283,Overbrook,,37,17,4260000
421010120002011,1283,Overbrook,,46,18,4260000
421010120002012,1283,Overbrook,,26,9,4260000
421010120002013,1283,Overbrook,,81,27,4260000
421010120002014,1283,Overbrook,,22,9,4260000
421010375001000,1283,Overbrook,,534,180,4260000
421010375001001,1283,Overbrook,,442,241,4260000
421010375001002,1283,Overbrook,,111,54,4260000
421010375001003,1283,Overbrook,,0,0,4260000
421010375001004,1283,Overbrook,,418,158,4260000
421010375001005,1283,Overbrook,,125,67,4260000
421010375001006,1283,Overbrook,,43,16,4260000
421010375001007,1283,Overbrook,,78,29,4260000
421010375001008,1283,Overbrook,,33,17,4260000
421010375001009,1283,Overbrook,,17,6,4260000
421010375001010,1283,Overbrook,,113,40,4260000
421010375001011,1283,Overbrook,,147,45,4260000
421010375001012,1283,Overbrook,,77,22,4260000
421010375002000,1283,Overbrook,,8,2,4260000
421010375002001,1283,Overbrook,,61,20,4260000
421010375002002,1283,Overbrook,,63,23,4260000
421010375002003,1283,Overbrook,,3,1,4260000
421010375002004,1283,Overbrook,,0,0,4260000
421010375002005,1283,Overbrook,,0,0,4260000
421010375002006,1283,Overbrook,,60,17,4260000
421010375002007,1283,Overbrook,,59,25,4260000
421010375002008,1283,Overbrook,,70,22,4260000
421010375002009,1283,Overbrook,,46,19,4260000
421010375002010,1283,Overbrook,,119,45,4260000
421010375002011,1283,Overbrook,,40,16,4260000
421010375002012,1283,Overbrook,,34,16,4260000
421010375002013,1283,Overbrook,,27,13,4260000
421010375002014,1283,Overbrook,,31,10,4260000
421010375002015,1283,Overbrook,,364,150,4260000
421010375002016,1283,Overbrook,,156,58,4260000
421010375002017,1283,Overbrook,,223,99,4260000
421010375002018,1283,Overbrook,,269,146,4260000
421019808001000,1283,Overbrook,,0,0,4260000
421019808001001,1283,Overbrook,,0,0,4260000
421019808001002,1283,Overbrook,,0,0,4260000
421019808001003,1283,Overbrook,,0,0,4260000
421019808001004,1283,Overbrook,,0,0,4260000
421019808001005,1283,Overbrook,,0,0,4260000
421019808001006,1283,Overbrook,,0,0,4260000
421019808001007,1283,Overbrook,,0,0,4260000
421019808001008,1283,Overbrook,,0,0,4260000
421019808001009,1283,Overbrook,,0,0,4260000
421019808001010,1283,Overbrook,,0,0,4260000
421019808001011,1283,Overbrook,,3,3,4260000
421019808001012,1283,Overbrook,,0,0,4260000
421019808001013,1283,Overbrook,,0,0,4260000
421019808001014,1283,Overbrook,,0,0,4260000
421019808001015,1283,Overbrook,,0,0,4260000
421019808001016,1283,Overbrook,,0,0,4260000
421019808001017,1283,Overbrook,,0,0,4260000
421019808001018,1283,Overbrook,,0,0,4260000
421019808001019,1283,Overbrook,,0,0,4260000
421019808001020,1283,Overbrook,,0,0,4260000
421019808001021,1283,Overbrook,,0,0,4260000
421019808001022,1283,Overbrook,,0,0,4260000
421019808001023,1283,Overbrook,,0,0,4260000
421019808001024,1283,Overbrook,,3,1,4260000
421019808001025,1283,Overbrook,,0,0,4260000
421019808001026,1283,Overbrook,,0,0,4260000
421019808001027,1283,Overbrook,,0,0,4260000
421019808001028,1283,Overbrook,,0,0,4260000
421019808001029,1283,Overbrook,,0,0,4260000
421019808001030,1283,Overbrook,,0,0,4260000
421019808001031,1283,Overbrook,,0,0,4260000
421019808001032,1283,Overbrook,,0,0,4260000
421019808001033,1283,Overbrook,,0,0,4260000
421019808001034,1283,Overbrook,,0,0,4260000
421010122011001,1284,Wynnefield Heights,,0,0,4260000
421010122011002,1284,Wynnefield Heights,,57,43,4260000
421010122011003,1284,Wynnefield Heights,,0,0,4260000
421010122011004,1284,Wynnefield Heights,,0,0,4260000
421010122011005,1284,Wynnefield Heights,,0,0,4260000
421010122011006,1284,Wynnefield Heights,,0,0,4260000
421010122011007,1284,Wynnefield Heights,,0,0,4260000
421010122011008,1284,Wynnefield Heights,,0,0,4260000
421010122011009,1284,Wynnefield Heights,,728,770,4260000
421010122012000,1284,Wynnefield Heights,,0,0,4260000
421010122012001,1284,Wynnefield Heights,,833,662,4260000
421010122012002,1284,Wynnefield Heights,,305,228,4260000
421010122012003,1284,Wynnefield Heights,,0,0,4260000
421010122012004,1284,Wynnefield Heights,,264,184,4260000
421010122012005,1284,Wynnefield Heights,,0,0,4260000
421010122012006,1284,Wynnefield Heights,,0,0,4260000
421010122012007,1284,Wynnefield Heights,,0,0,4260000
421010122012008,1284,Wynnefield Heights,,158,110,4260000
421010122012009,1284,Wynnefield Heights,,0,0,4260000
421010122012010,1284,Wynnefield Heights,,355,253,4260000
421010122012011,1284,Wynnefield Heights,,211,159,4260000
421010122031000,1284,Wynnefield Heights,,0,0,4260000
421010122031001,1284,Wynnefield Heights,,0,0,4260000
421010122031002,1284,Wynnefield Heights,,1120,894,4260000
421010122031003,1284,Wynnefield Heights,,0,0,4260000
421010122041000,1284,Wynnefield Heights,,418,351,4260000
421010122041001,1284,Wynnefield Heights,,0,0,4260000
421010122041002,1284,Wynnefield Heights,,271,141,4260000
421010122041003,1284,Wynnefield Heights,,136,60,4260000
421010122041004,1284,Wynnefield Heights,,68,36,4260000
421010122041005,1284,Wynnefield Heights,,196,81,4260000
421010122041006,1284,Wynnefield Heights,,154,91,4260000
421010122041007,1284,Wynnefield Heights,,118,80,4260000
421010122041008,1284,Wynnefield Heights,,97,66,4260000
421010122041009,1284,Wynnefield Heights,,76,36,4260000
421010122041010,1284,Wynnefield Heights,,164,86,4260000
421010122041011,1284,Wynnefield Heights,,10,6,4260000
421010122041012,1284,Wynnefield Heights,,46,23,4260000
421010122042000,1284,Wynnefield Heights,,1,1,4260000
421010122042001,1284,Wynnefield Heights,,0,0,4260000
421010122042002,1284,Wynnefield Heights,,0,0,4260000
421010122042003,1284,Wynnefield Heights,,0,0,4260000
421010122042004,1284,Wynnefield Heights,,399,171,4260000
421010122042005,1284,Wynnefield Heights,,693,187,4260000
421010122042006,1284,Wynnefield Heights,,0,0,4260000
421010122042007,1284,Wynnefield Heights,,282,143,4260000
421010122042008,1284,Wynnefield Heights,,0,0,4260000
421010122042009,1284,Wynnefield Heights,,435,366,4260000
421010125001010,1285,Callowhill,,0,0,4260000
421010125001011,1285,Callowhill,,0,0,4260000
421010125001033,1285,Callowhill,,0,0,4260000
421010125001034,1285,Callowhill,,0,0,4260000
421010125001035,1285,Callowhill,,0,0,4260000
421010376001012,1285,Callowhill,,0,0,4260000
421010376001013,1285,Callowhill,,0,0,4260000
421010376001014,1285,Callowhill,,11,8,4260000
421010376001015,1285,Callowhill,,183,1,4260000
421010376001016,1285,Callowhill,,0,0,4260000
421010376001017,1285,Callowhill,,0,0,4260000
421010376001018,1285,Callowhill,,0,0,4260000
421010376001019,1285,Callowhill,,0,0,4260000
421010376001020,1285,Callowhill,,0,0,4260000
421010376001021,1285,Callowhill,,0,0,4260000
421010376001022,1285,Callowhill,,0,0,4260000
421010376001023,1285,Callowhill,,41,0,4260000
421010376001027,1285,Callowhill,,0,0,4260000
421010376001028,1285,Callowhill,,131,42,4260000
421010376001029,1285,Callowhill,,49,14,4260000
421010376001030,1285,Callowhill,,42,12,4260000
421010376001031,1285,Callowhill,,0,0,4260000
421010376001032,1285,Callowhill,,12,3,4260000
421010376001033,1285,Callowhill,,0,0,4260000
421010376001034,1285,Callowhill,,10,2,4260000
421010376001035,1285,Callowhill,,0,0,4260000
421010376001036,1285,Callowhill,,0,0,4260000
421010376001037,1285,Callowhill,,0,0,4260000
421010376001038,1285,Callowhill,,1,0,4260000
421010376001039,1285,Callowhill,,0,0,4260000
421010376001040,1285,Callowhill,,0,0,4260000
421010376001041,1285,Callowhill,,0,0,4260000
421010376001042,1285,Callowhill,,0,0,4260000
421010376001043,1285,Callowhill,,0,0,4260000
421010376001044,1285,Callowhill,,0,0,4260000
421010376001045,1285,Callowhill,,4,0,4260000
421010376001046,1285,Callowhill,,0,0,4260000
421010376001051,1285,Callowhill,,0,0,4260000
421010376001052,1285,Callowhill,,0,0,4260000
421010376002009,1285,Callowhill,,83,44,4260000
421010376002010,1285,Callowhill,,8,4,4260000
421010376002011,1285,Callowhill,,0,0,4260000
421010376002017,1285,Callowhill,,25,9,4260000
421010376002018,1285,Callowhill,,141,5,4260000
421010376002019,1285,Callowhill,,0,0,4260000
421010376002020,1285,Callowhill,,95,52,4260000
421010376002021,1285,Callowhill,,57,35,4260000
421010376002022,1285,Callowhill,,4,5,4260000
421010376002023,1285,Callowhill,,11,8,4260000
421010376002024,1285,Callowhill,,0,0,4260000
421010376002025,1285,Callowhill,,33,22,4260000
421010376002026,1285,Callowhill,,21,6,4260000
421010376002027,1285,Callowhill,,8,3,4260000
421010376002028,1285,Callowhill,,38,30,4260000
421010376002029,1285,Callowhill,,10,5,4260000
421010376002030,1285,Callowhill,,0,0,4260000
421010376002031,1285,Callowhill,,78,50,4260000
421010376002032,1285,Callowhill,,0,0,4260000
421010376002033,1285,Callowhill,,42,30,4260000
421010376002034,1285,Callowhill,,0,0,4260000
421010376002035,1285,Callowhill,,127,83,4260000
421010376002036,1285,Callowhill,,2,1,4260000
421010376002037,1285,Callowhill,,0,0,4260000
421010376002038,1285,Callowhill,,0,0,4260000
421010376002039,1285,Callowhill,,6,4,4260000
421010376002040,1285,Callowhill,,22,18,4260000
421010376002041,1285,Callowhill,,4,0,4260000
421010376002042,1285,Callowhill,,211,151,4260000
421010376002043,1285,Callowhill,,0,1,4260000
421010376002044,1285,Callowhill,,0,0,4260000
421010376002045,1285,Callowhill,,0,0,4260000
421010376002046,1285,Callowhill,,84,59,4260000
421010376002047,1285,Callowhill,,34,19,4260000
421010376002048,1285,Callowhill,,0,0,4260000
421010376002054,1285,Callowhill,,0,0,4260000
421010376002055,1285,Callowhill,,0,0,4260000
421010376002056,1285,Callowhill,,3,2,4260000
421010376002057,1285,Callowhill,,0,0,4260000
421010376002058,1285,Callowhill,,64,28,4260000
421010376002059,1285,Callowhill,,31,8,4260000
421010376002060,1285,Callowhill,,0,0,4260000
421010376002061,1285,Callowhill,,0,1,4260000
421010131001005,1286,West Poplar,,95,26,4260000
421010131001006,1286,West Poplar,,0,0,4260000
421010131001007,1286,West Poplar,,0,0,4260000
421010131001008,1286,West Poplar,,248,67,4260000
421010131001009,1286,West Poplar,,14,4,4260000
421010131001010,1286,West Poplar,,0,0,4260000
421010131001011,1286,West Poplar,,0,1,4260000
421010131001012,1286,West Poplar,,0,0,4260000
421010131001013,1286,West Poplar,,0,0,4260000
421010131001014,1286,West Poplar,,35,16,4260000
421010131001015,1286,West Poplar,,0,0,4260000
421010132001000,1286,West Poplar,,103,40,4260000
421010132001001,1286,West Poplar,,0,0,4260000
421010132001002,1286,West Poplar,,127,40,4260000
421010132001003,1286,West Poplar,,286,77,4260000
421010132001004,1286,West Poplar,,98,40,4260000
421010132001005,1286,West Poplar,,75,31,4260000
421010132001006,1286,West Poplar,,85,80,4260000
421010132001007,1286,West Poplar,,17,11,4260000
421010132001008,1286,West Poplar,,0,0,4260000
421010132001009,1286,West Poplar,,0,1,4260000
421010132001010,1286,West Poplar,,181,3,4260000
421010132001011,1286,West Poplar,,50,26,4260000
421010132002000,1286,West Poplar,,34,13,4260000
421010132002001,1286,West Poplar,,0,0,4260000
421010132002002,1286,West Poplar,,112,40,4260000
421010132002003,1286,West Poplar,,0,0,4260000
421010132002004,1286,West Poplar,,22,8,4260000
421010132002005,1286,West Poplar,,47,17,4260000
421010132002006,1286,West Poplar,,38,15,4260000
421010132002007,1286,West Poplar,,74,24,4260000
421010132002008,1286,West Poplar,,34,12,4260000
421010132002009,1286,West Poplar,,184,154,4260000
421010132002010,1286,West Poplar,,114,5,4260000
421010132002011,1286,West Poplar,,0,0,4260000
421010132002012,1286,West Poplar,,0,0,4260000
421010132002013,1286,West Poplar,,396,1,4260000
421010132002014,1286,West Poplar,,2,1,4260000
421010132002015,1286,West Poplar,,0,0,4260000
421010132002016,1286,West Poplar,,186,76,4260000
421010132002017,1286,West Poplar,,177,63,4260000
421010132002018,1286,West Poplar,,2,1,4260000
421010132002019,1286,West Poplar,,0,0,4260000
421010132002020,1286,West Poplar,,0,0,4260000
421010132002021,1286,West Poplar,,0,0,4260000
421010132002022,1286,West Poplar,,8,6,4260000
421010132002023,1286,West Poplar,,0,0,4260000
421010132002024,1286,West Poplar,,27,11,4260000
421010132002025,1286,West Poplar,,28,12,4260000
421010132002026,1286,West Poplar,,25,14,4260000
421010132002027,1286,West Poplar,,29,16,4260000
421010132002028,1286,West Poplar,,30,16,4260000
421010132002029,1286,West Poplar,,38,13,4260000
421010132002030,1286,West Poplar,,37,21,4260000
421010132002031,1286,West Poplar,,62,26,4260000
421010132002032,1286,West Poplar,,71,62,4260000
421010132002033,1286,West Poplar,,76,32,4260000
421010132002034,1286,West Poplar,,39,17,4260000
421010141001016,1286,West Poplar,,0,0,4260000
421010141001017,1286,West Poplar,,0,0,4260000
421010141001018,1286,West Poplar,,32,11,4260000
421010141001019,1286,West Poplar,,49,17,4260000
421010141001020,1286,West Poplar,,0,0,4260000
421010141001021,1286,West Poplar,,0,0,4260000
421010141001029,1286,West Poplar,,54,22,4260000
421010141001030,1286,West Poplar,,55,25,4260000
421010141002007,1286,West Poplar,,8,6,4260000
421010141002008,1286,West Poplar,,28,13,4260000
421010141002009,1286,West Poplar,,0,4,4260000
421010141002013,1286,West Poplar,,117,42,4260000
421010141002014,1286,West Poplar,,40,19,4260000
421010141002015,1286,West Poplar,,170,52,4260000
421010141002016,1286,West Poplar,,0,0,4260000
421010376001005,1286,West Poplar,,0,0,4260000
421010376001006,1286,West Poplar,,58,36,4260000
421010376001007,1286,West Poplar,,3,2,4260000
421010376001008,1286,West Poplar,,0,0,4260000
421010376002000,1286,West Poplar,,79,31,4260000
421010376002001,1286,West Poplar,,94,42,4260000
421010376002002,1286,West Poplar,,70,29,4260000
421010376002003,1286,West Poplar,,21,11,4260000
421010376002004,1286,West Poplar,,0,0,4260000
421010376002005,1286,West Poplar,,48,32,4260000
421010376002006,1286,West Poplar,,95,46,4260000
421010376002007,1286,West Poplar,,0,0,4260000
421010376002008,1286,West Poplar,,0,0,4260000
421010376002012,1286,West Poplar,,0,0,4260000
421010376002013,1286,West Poplar,,0,0,4260000
421010376002014,1286,West Poplar,,7,4,4260000
421010376002015,1286,West Poplar,,101,47,4260000
421010376002016,1286,West Poplar,,15,6,4260000
421010131001000,1287,East Poplar,,146,65,4260000
421010131001001,1287,East Poplar,,0,0,4260000
421010131001002,1287,East Poplar,,69,47,4260000
421010131001003,1287,East Poplar,,0,0,4260000
421010131001004,1287,East Poplar,,0,0,4260000
421010131001016,1287,East Poplar,,1,1,4260000
421010131001017,1287,East Poplar,,36,18,4260000
421010131001018,1287,East Poplar,,107,53,4260000
421010131001019,1287,East Poplar,,0,0,4260000
421010131001020,1287,East Poplar,,12,8,4260000
421010131001021,1287,East Poplar,,3,0,4260000
421010131001022,1287,East Poplar,,124,82,4260000
421010131001023,1287,East Poplar,,0,0,4260000
421010131002000,1287,East Poplar,,132,97,4260000
421010131002001,1287,East Poplar,,93,66,4260000
421010131002002,1287,East Poplar,,8,8,4260000
421010131002003,1287,East Poplar,,64,53,4260000
421010131002004,1287,East Poplar,,33,22,4260000
421010131002005,1287,East Poplar,,33,29,4260000
421010131002006,1287,East Poplar,,84,43,4260000
421010131002007,1287,East Poplar,,146,55,4260000
421010131002008,1287,East Poplar,,46,24,4260000
421010141001022,1287,East Poplar,,0,0,4260000
421010141001023,1287,East Poplar,,12,6,4260000
421010141001024,1287,East Poplar,,0,0,4260000
421010141001025,1287,East Poplar,,277,272,4260000
421010141001026,1287,East Poplar,,33,27,4260000
421010141001027,1287,East Poplar,,3,2,4260000
421010376001000,1287,East Poplar,,132,53,4260000
421010376001001,1287,East Poplar,,126,103,4260000
421010376001002,1287,East Poplar,,19,12,4260000
421010376001003,1287,East Poplar,,0,0,4260000
421010376001004,1287,East Poplar,,0,0,4260000
421010376001009,1287,East Poplar,,0,0,4260000
421010376001010,1287,East Poplar,,0,0,4260000
421010376001011,1287,East Poplar,,0,0,4260000
421010376001024,1287,East Poplar,,0,0,4260000
421010376001025,1287,East Poplar,,0,0,4260000
421010376001026,1287,East Poplar,,0,0,4260000
421010137005002,1288,Strawberry Mansion,,0,0,4260000
421010137005003,1288,Strawberry Mansion,,50,35,4260000
421010137005009,1288,Strawberry Mansion,,0,0,4260000
421010137005018,1288,Strawberry Mansion,,0,0,4260000
421010149006000,1288,Strawberry Mansion,,0,0,4260000
421010149006001,1288,Strawberry Mansion,,25,14,4260000
421010149006002,1288,Strawberry Mansion,,22,16,4260000
421010149006003,1288,Strawberry Mansion,,53,34,4260000
421010149006004,1288,Strawberry Mansion,,19,12,4260000
421010149006005,1288,Strawberry Mansion,,30,26,4260000
421010149006006,1288,Strawberry Mansion,,70,68,4260000
421010149006007,1288,Strawberry Mansion,,12,2,4260000
421010149006008,1288,Strawberry Mansion,,42,16,4260000
421010149006009,1288,Strawberry Mansion,,41,26,4260000
421010149006010,1288,Strawberry Mansion,,24,15,4260000
421010149006011,1288,Strawberry Mansion,,21,10,4260000
421010149006012,1288,Strawberry Mansion,,19,12,4260000
421010149006013,1288,Strawberry Mansion,,22,8,4260000
421010149006014,1288,Strawberry Mansion,,28,37,4260000
421010149006015,1288,Strawberry Mansion,,0,0,4260000
421010149006016,1288,Strawberry Mansion,,7,5,4260000
421010149006017,1288,Strawberry Mansion,,25,12,4260000
421010149006018,1288,Strawberry Mansion,,70,29,4260000
421010149006019,1288,Strawberry Mansion,,5,2,4260000
421010149006020,1288,Strawberry Mansion,,29,31,4260000
421010149006021,1288,Strawberry Mansion,,24,16,4260000
421010151011000,1288,Strawberry Mansion,,87,39,4260000
421010151011001,1288,Strawberry Mansion,,134,61,4260000
421010151011002,1288,Strawberry Mansion,,87,86,4260000
421010151011003,1288,Strawberry Mansion,,54,35,4260000
421010151011004,1288,Strawberry Mansion,,44,30,4260000
421010151011005,1288,Strawberry Mansion,,27,14,4260000
421010151011006,1288,Strawberry Mansion,,138,46,4260000
421010151011007,1288,Strawberry Mansion,,46,20,4260000
421010151011008,1288,Strawberry Mansion,,146,76,4260000
421010151011009,1288,Strawberry Mansion,,81,55,4260000
421010151011010,1288,Strawberry Mansion,,18,10,4260000
421010151011011,1288,Strawberry Mansion,,42,33,4260000
421010151011012,1288,Strawberry Mansion,,18,28,4260000
421010151012000,1288,Strawberry Mansion,,0,0,4260000
421010151012001,1288,Strawberry Mansion,,67,27,4260000
421010151012002,1288,Strawberry Mansion,,146,66,4260000
421010151012003,1288,Strawberry Mansion,,59,21,4260000
421010151012004,1288,Strawberry Mansion,,106,68,4260000
421010151012005,1288,Strawberry Mansion,,96,62,4260000
421010151012006,1288,Strawberry Mansion,,104,48,4260000
421010151012007,1288,Strawberry Mansion,,71,43,4260000
421010151012008,1288,Strawberry Mansion,,101,48,4260000
421010151012009,1288,Strawberry Mansion,,95,39,4260000
421010151012010,1288,Strawberry Mansion,,75,42,4260000
421010151012011,1288,Strawberry Mansion,,112,59,4260000
421010151012012,1288,Strawberry Mansion,,84,41,4260000
421010151021000,1288,Strawberry Mansion,,0,0,4260000
421010151021001,1288,Strawberry Mansion,,0,0,4260000
421010151021002,1288,Strawberry Mansion,,0,0,4260000
421010151021003,1288,Strawberry Mansion,,53,57,4260000
421010151021004,1288,Strawberry Mansion,,45,26,4260000
421010151021005,1288,Strawberry Mansion,,145,57,4260000
421010151021006,1288,Strawberry Mansion,,18,9,4260000
421010151021007,1288,Strawberry Mansion,,37,24,4260000
421010151021008,1288,Strawberry Mansion,,0,0,4260000
421010151021009,1288,Strawberry Mansion,,24,18,4260000
421010151021010,1288,Strawberry Mansion,,49,25,4260000
421010151021011,1288,Strawberry Mansion,,0,0,4260000
421010151021012,1288,Strawberry Mansion,,82,67,4260000
421010151022000,1288,Strawberry Mansion,,82,36,4260000
421010151022001,1288,Strawberry Mansion,,105,49,4260000
421010151022002,1288,Strawberry Mansion,,65,22,4260000
421010151022003,1288,Strawberry Mansion,,32,9,4260000
421010151022004,1288,Strawberry Mansion,,0,0,4260000
421010151022005,1288,Strawberry Mansion,,151,66,4260000
421010151022006,1288,Strawberry Mansion,,18,11,4260000
421010151022007,1288,Strawberry Mansion,,94,48,4260000
421010151022008,1288,Strawberry Mansion,,55,25,4260000
421010151022009,1288,Strawberry Mansion,,76,27,4260000
421010151022010,1288,Strawberry Mansion,,0,0,4260000
421010151022011,1288,Strawberry Mansion,,0,0,4260000
421010151022012,1288,Strawberry Mansion,,14,9,4260000
421010151022013,1288,Strawberry Mansion,,55,27,4260000
421010151023000,1288,Strawberry Mansion,,78,48,4260000
421010151023001,1288,Strawberry Mansion,,104,53,4260000
421010151023002,1288,Strawberry Mansion,,47,71,4260000
421010151023003,1288,Strawberry Mansion,,81,37,4260000
421010151023004,1288,Strawberry Mansion,,85,46,4260000
421010151023005,1288,Strawberry Mansion,,64,41,4260000
421010151023006,1288,Strawberry Mansion,,50,18,4260000
421010151023007,1288,Strawberry Mansion,,51,19,4260000
421010151023008,1288,Strawberry Mansion,,106,45,4260000
421010151023009,1288,Strawberry Mansion,,30,23,4260000
421010151023010,1288,Strawberry Mansion,,23,20,4260000
421010151023011,1288,Strawberry Mansion,,74,44,4260000
421010151023012,1288,Strawberry Mansion,,63,38,4260000
421010151023013,1288,Strawberry Mansion,,77,50,4260000
421010151023014,1288,Strawberry Mansion,,105,44,4260000
421010151023015,1288,Strawberry Mansion,,107,52,4260000
421010151023016,1288,Strawberry Mansion,,110,49,4260000
421010152002001,1288,Strawberry Mansion,,0,0,4260000
421010152002002,1288,Strawberry Mansion,,0,0,4260000
421010152002003,1288,Strawberry Mansion,,0,0,4260000
421010152002004,1288,Strawberry Mansion,,0,0,4260000
421010152002005,1288,Strawberry Mansion,,0,0,4260000
421010152002006,1288,Strawberry Mansion,,0,0,4260000
421010152002007,1288,Strawberry Mansion,,0,0,4260000
421010152002008,1288,Strawberry Mansion,,0,0,4260000
421010152002009,1288,Strawberry Mansion,,0,0,4260000
421010152002010,1288,Strawberry Mansion,,0,0,4260000
421010167011001,1288,Strawberry Mansion,,0,0,4260000
421010167012000,1288,Strawberry Mansion,,0,0,4260000
421010167012001,1288,Strawberry Mansion,,0,0,4260000
421010167012002,1288,Strawberry Mansion,,0,0,4260000
421010168001000,1288,Strawberry Mansion,,86,36,4260000
421010168001001,1288,Strawberry Mansion,,122,52,4260000
421010168001002,1288,Strawberry Mansion,,84,48,4260000
421010168001003,1288,Strawberry Mansion,,20,7,4260000
421010168001004,1288,Strawberry Mansion,,55,19,4260000
421010168001005,1288,Strawberry Mansion,,26,14,4260000
421010168001006,1288,Strawberry Mansion,,0,0,4260000
421010168001007,1288,Strawberry Mansion,,0,0,4260000
421010168001008,1288,Strawberry Mansion,,0,0,4260000
421010168001009,1288,Strawberry Mansion,,6,2,4260000
421010168001010,1288,Strawberry Mansion,,0,0,4260000
421010168001015,1288,Strawberry Mansion,,56,28,4260000
421010168001016,1288,Strawberry Mansion,,3,3,4260000
421010168001017,1288,Strawberry Mansion,,0,0,4260000
421010168001018,1288,Strawberry Mansion,,0,0,4260000
421010168002000,1288,Strawberry Mansion,,89,43,4260000
421010168002001,1288,Strawberry Mansion,,73,32,4260000
421010168002002,1288,Strawberry Mansion,,99,46,4260000
421010168002003,1288,Strawberry Mansion,,118,50,4260000
421010168002004,1288,Strawberry Mansion,,96,50,4260000
421010168002005,1288,Strawberry Mansion,,64,39,4260000
421010168005000,1288,Strawberry Mansion,,135,56,4260000
421010168005001,1288,Strawberry Mansion,,9,0,4260000
421010168005002,1288,Strawberry Mansion,,127,55,4260000
421010168005003,1288,Strawberry Mansion,,112,57,4260000
421010168005004,1288,Strawberry Mansion,,117,59,4260000
421010168005005,1288,Strawberry Mansion,,126,56,4260000
421010168006000,1288,Strawberry Mansion,,0,0,4260000
421010168006001,1288,Strawberry Mansion,,0,0,4260000
421010168006002,1288,Strawberry Mansion,,34,13,4260000
421010168006003,1288,Strawberry Mansion,,0,0,4260000
421010168006004,1288,Strawberry Mansion,,0,0,4260000
421010168006005,1288,Strawberry Mansion,,0,0,4260000
421010168006016,1288,Strawberry Mansion,,0,0,4260000
421010169011000,1288,Strawberry Mansion,,126,44,4260000
421010169011001,1288,Strawberry Mansion,,73,36,4260000
421010169011002,1288,Strawberry Mansion,,79,46,4260000
421010169011003,1288,Strawberry Mansion,,37,21,4260000
421010169011004,1288,Strawberry Mansion,,32,21,4260000
421010169011005,1288,Strawberry Mansion,,68,46,4260000
421010169011006,1288,Strawberry Mansion,,111,56,4260000
421010169011007,1288,Strawberry Mansion,,42,25,4260000
421010169011008,1288,Strawberry Mansion,,24,13,4260000
421010169011009,1288,Strawberry Mansion,,13,10,4260000
421010169011010,1288,Strawberry Mansion,,0,2,4260000
421010169011011,1288,Strawberry Mansion,,31,16,4260000
421010169011012,1288,Strawberry Mansion,,60,22,4260000
421010169011013,1288,Strawberry Mansion,,83,30,4260000
421010169011014,1288,Strawberry Mansion,,92,48,4260000
421010169011015,1288,Strawberry Mansion,,94,42,4260000
421010169011016,1288,Strawberry Mansion,,0,0,4260000
421010169011017,1288,Strawberry Mansion,,100,49,4260000
421010169011018,1288,Strawberry Mansion,,100,53,4260000
421010169012000,1288,Strawberry Mansion,,138,58,4260000
421010169012001,1288,Strawberry Mansion,,134,59,4260000
421010169012002,1288,Strawberry Mansion,,79,38,4260000
421010169012003,1288,Strawberry Mansion,,48,21,4260000
421010169012004,1288,Strawberry Mansion,,57,25,4260000
421010169012005,1288,Strawberry Mansion,,42,33,4260000
421010169012006,1288,Strawberry Mansion,,24,12,4260000
421010169012007,1288,Strawberry Mansion,,55,29,4260000
421010169012008,1288,Strawberry Mansion,,57,38,4260000
421010169012009,1288,Strawberry Mansion,,136,66,4260000
421010169012010,1288,Strawberry Mansion,,76,36,4260000
421010169012011,1288,Strawberry Mansion,,67,38,4260000
421010169012012,1288,Strawberry Mansion,,42,20,4260000
421010169012013,1288,Strawberry Mansion,,15,12,4260000
421010169012014,1288,Strawberry Mansion,,0,0,4260000
421010169012015,1288,Strawberry Mansion,,0,0,4260000
421010169013000,1288,Strawberry Mansion,,79,44,4260000
421010169013001,1288,Strawberry Mansion,,19,14,4260000
421010169013002,1288,Strawberry Mansion,,34,16,4260000
421010169013003,1288,Strawberry Mansion,,80,48,4260000
421010169013004,1288,Strawberry Mansion,,100,40,4260000
421010169013005,1288,Strawberry Mansion,,43,24,4260000
421010169013006,1288,Strawberry Mansion,,81,37,4260000
421010169013007,1288,Strawberry Mansion,,116,48,4260000
421010169013008,1288,Strawberry Mansion,,93,47,4260000
421010169013009,1288,Strawberry Mansion,,101,58,4260000
421010169013010,1288,Strawberry Mansion,,134,57,4260000
421010169013011,1288,Strawberry Mansion,,66,37,4260000
421010169013012,1288,Strawberry Mansion,,49,39,4260000
421010169013013,1288,Strawberry Mansion,,87,63,4260000
421010169013014,1288,Strawberry Mansion,,84,50,4260000
421010169013015,1288,Strawberry Mansion,,12,15,4260000
421010169013016,1288,Strawberry Mansion,,42,35,4260000
421010169013017,1288,Strawberry Mansion,,4,5,4260000
421010169013018,1288,Strawberry Mansion,,22,19,4260000
421010169013019,1288,Strawberry Mansion,,0,0,4260000
421010169013020,1288,Strawberry Mansion,,0,0,4260000
421010169013021,1288,Strawberry Mansion,,5,2,4260000
421010169013022,1288,Strawberry Mansion,,80,28,4260000
421010169021000,1288,Strawberry Mansion,,79,41,4260000
421010169021001,1288,Strawberry Mansion,,102,34,4260000
421010169021002,1288,Strawberry Mansion,,168,63,4260000
421010169021003,1288,Strawberry Mansion,,82,41,4260000
421010169021004,1288,Strawberry Mansion,,70,35,4260000
421010169021005,1288,Strawberry Mansion,,98,46,4260000
421010169021006,1288,Strawberry Mansion,,73,41,4260000
421010169021007,1288,Strawberry Mansion,,83,41,4260000
421010169021008,1288,Strawberry Mansion,,107,37,4260000
421010169021009,1288,Strawberry Mansion,,125,56,4260000
421010169021010,1288,Strawberry Mansion,,119,56,4260000
421010169021011,1288,Strawberry Mansion,,129,61,4260000
421010169021012,1288,Strawberry Mansion,,126,69,4260000
421010169021013,1288,Strawberry Mansion,,48,39,4260000
421010169021014,1288,Strawberry Mansion,,123,54,4260000
421010169021015,1288,Strawberry Mansion,,67,38,4260000
421010169022000,1288,Strawberry Mansion,,16,14,4260000
421010169022001,1288,Strawberry Mansion,,10,5,4260000
421010169022002,1288,Strawberry Mansion,,105,45,4260000
421010169022003,1288,Strawberry Mansion,,74,44,4260000
421010169022004,1288,Strawberry Mansion,,29,17,4260000
421010169022005,1288,Strawberry Mansion,,22,9,4260000
421010169022006,1288,Strawberry Mansion,,0,0,4260000
421010169022007,1288,Strawberry Mansion,,156,80,4260000
421010169022008,1288,Strawberry Mansion,,34,20,4260000
421010169022009,1288,Strawberry Mansion,,11,8,4260000
421010169022010,1288,Strawberry Mansion,,0,0,4260000
421010169022011,1288,Strawberry Mansion,,36,24,4260000
421010169022012,1288,Strawberry Mansion,,16,14,4260000
421010169022013,1288,Strawberry Mansion,,24,9,4260000
421010169022014,1288,Strawberry Mansion,,97,56,4260000
421010169022015,1288,Strawberry Mansion,,58,24,4260000
421010169022016,1288,Strawberry Mansion,,23,12,4260000
421010169022017,1288,Strawberry Mansion,,45,28,4260000
421010169022018,1288,Strawberry Mansion,,20,19,4260000
421010169022019,1288,Strawberry Mansion,,0,0,4260000
421010169023000,1288,Strawberry Mansion,,127,62,4260000
421010169023001,1288,Strawberry Mansion,,141,60,4260000
421010169023002,1288,Strawberry Mansion,,105,57,4260000
421010169023003,1288,Strawberry Mansion,,82,46,4260000
421010169023004,1288,Strawberry Mansion,,63,41,4260000
421010169023005,1288,Strawberry Mansion,,113,50,4260000
421010169023006,1288,Strawberry Mansion,,106,47,4260000
421010169023007,1288,Strawberry Mansion,,99,56,4260000
421010169023008,1288,Strawberry Mansion,,121,51,4260000
421010169023009,1288,Strawberry Mansion,,83,44,4260000
421010169023010,1288,Strawberry Mansion,,89,53,4260000
421010169023011,1288,Strawberry Mansion,,114,58,4260000
421010169023012,1288,Strawberry Mansion,,133,58,4260000
421010169023013,1288,Strawberry Mansion,,1,1,4260000
421010169023014,1288,Strawberry Mansion,,90,33,4260000
421010169023015,1288,Strawberry Mansion,,20,22,4260000
421010169023016,1288,Strawberry Mansion,,10,13,4260000
421010169023017,1288,Strawberry Mansion,,16,12,4260000
421010169023018,1288,Strawberry Mansion,,34,38,4260000
421010169023019,1288,Strawberry Mansion,,85,44,4260000
421010169023020,1288,Strawberry Mansion,,5,8,4260000
421010169023021,1288,Strawberry Mansion,,59,31,4260000
421010169023022,1288,Strawberry Mansion,,16,14,4260000
421010169024000,1288,Strawberry Mansion,,53,28,4260000
421010169024001,1288,Strawberry Mansion,,66,34,4260000
421010169024002,1288,Strawberry Mansion,,86,50,4260000
421010169024003,1288,Strawberry Mansion,,125,47,4260000
421010169024004,1288,Strawberry Mansion,,58,27,4260000
421010169024005,1288,Strawberry Mansion,,120,60,4260000
421010169024006,1288,Strawberry Mansion,,104,56,4260000
421010169024007,1288,Strawberry Mansion,,142,66,4260000
421010169024008,1288,Strawberry Mansion,,45,31,4260000
421010169024009,1288,Strawberry Mansion,,50,21,4260000
421010169024010,1288,Strawberry Mansion,,90,58,4260000
421010169024011,1288,Strawberry Mansion,,114,46,4260000
421010169024012,1288,Strawberry Mansion,,51,27,4260000
421010169024013,1288,Strawberry Mansion,,79,39,4260000
421010169024014,1288,Strawberry Mansion,,87,48,4260000
421010169024015,1288,Strawberry Mansion,,77,48,4260000
421010169024016,1288,Strawberry Mansion,,90,49,4260000
421019800001053,1288,Strawberry Mansion,,0,0,4260000
421010125003003,1289,East Park,,0,0,4260000
421019800001032,1289,East Park,,0,0,4260000
421019800001033,1289,East Park,,0,0,4260000
421019800001034,1289,East Park,,0,0,4260000
421019800001035,1289,East Park,,0,0,4260000
421019800001043,1289,East Park,,0,0,4260000
421019800001044,1289,East Park,,0,0,4260000
421019800001045,1289,East Park,,0,0,4260000
421019800001046,1289,East Park,,0,0,4260000
421019800001047,1289,East Park,,0,0,4260000
421019800001048,1289,East Park,,0,0,4260000
421019800001049,1289,East Park,,0,0,4260000
421019800001050,1289,East Park,,0,0,4260000
421019800001051,1289,East Park,,0,0,4260000
421019800001052,1289,East Park,,0,0,4260000
421019800001054,1289,East Park,,0,0,4260000
421019800001055,1289,East Park,,0,0,4260000
421019800001056,1289,East Park,,0,0,4260000
421019800001057,1289,East Park,,0,0,4260000
421019800001058,1289,East Park,,0,0,4260000
421019800001136,1289,East Park,,0,0,4260000
421019800001137,1289,East Park,,0,0,4260000
421019800001138,1289,East Park,,0,0,4260000
421019800001139,1289,East Park,,0,0,4260000
421019800001140,1289,East Park,,0,0,4260000
421019800001141,1289,East Park,,0,0,4260000
421019800001142,1289,East Park,,0,0,4260000
421019800001143,1289,East Park,,0,0,4260000
421019800001144,1289,East Park,,0,0,4260000
421019800001145,1289,East Park,,0,0,4260000
421019800001167,1289,East Park,,0,0,4260000
421019800001168,1289,East Park,,0,0,4260000
421019800001169,1289,East Park,,0,0,4260000
421019800001170,1289,East Park,,0,0,4260000
421019800001171,1289,East Park,,0,0,4260000
421019800001172,1289,East Park,,0,0,4260000
421019800001173,1289,East Park,,0,0,4260000
421019800001174,1289,East Park,,0,0,4260000
421019800001175,1289,East Park,,0,0,4260000
421019800001176,1289,East Park,,0,0,4260000
421019800001177,1289,East Park,,0,0,4260000
421019800001182,1289,East Park,,0,0,4260000
421019800001184,1289,East Park,,26,19,4260000
421019800001185,1289,East Park,,0,0,4260000
421019800001186,1289,East Park,,20,12,4260000
421019800001187,1289,East Park,,0,0,4260000
421019800001188,1289,East Park,,36,20,4260000
421019800001189,1289,East Park,,0,0,4260000
421019800001223,1289,East Park,,0,0,4260000
421019800001224,1289,East Park,,0,0,4260000
421019800001225,1289,East Park,,0,0,4260000
421019800001226,1289,East Park,,0,0,4260000
421019800001235,1289,East Park,,0,0,4260000
421019800001236,1289,East Park,,0,0,4260000
421019800001238,1289,East Park,,0,0,4260000
421019800001239,1289,East Park,,31,18,4260000
421010114006000,1290,Wynnefield,,17,8,4260000
421010114006001,1290,Wynnefield,,0,0,4260000
421010118001000,1290,Wynnefield,,0,0,4260000
421010118001001,1290,Wynnefield,,122,41,4260000
421010118001002,1290,Wynnefield,,129,50,4260000
421010118001003,1290,Wynnefield,,139,52,4260000
421010118001004,1290,Wynnefield,,134,56,4260000
421010118001005,1290,Wynnefield,,132,58,4260000
421010118001006,1290,Wynnefield,,125,49,4260000
421010118002000,1290,Wynnefield,,147,62,4260000
421010118002001,1290,Wynnefield,,185,75,4260000
421010118002002,1290,Wynnefield,,188,75,4260000
421010118002003,1290,Wynnefield,,165,67,4260000
421010118002004,1290,Wynnefield,,188,75,4260000
421010118002005,1290,Wynnefield,,190,76,4260000
421010118003000,1290,Wynnefield,,244,104,4260000
421010118003001,1290,Wynnefield,,226,103,4260000
421010118003002,1290,Wynnefield,,200,87,4260000
421010118003003,1290,Wynnefield,,233,95,4260000
421010118003004,1290,Wynnefield,,0,0,4260000
421010118003005,1290,Wynnefield,,198,95,4260000
421010118003006,1290,Wynnefield,,0,0,4260000
421010118004000,1290,Wynnefield,,177,71,4260000
421010118004001,1290,Wynnefield,,82,35,4260000
421010118004002,1290,Wynnefield,,20,10,4260000
421010118004003,1290,Wynnefield,,80,31,4260000
421010118004004,1290,Wynnefield,,48,22,4260000
421010118004005,1290,Wynnefield,,0,0,4260000
421010118004006,1290,Wynnefield,,203,79,4260000
421010118005000,1290,Wynnefield,,147,61,4260000
421010118005001,1290,Wynnefield,,222,99,4260000
421010118005002,1290,Wynnefield,,97,40,4260000
421010118005003,1290,Wynnefield,,104,39,4260000
421010118005004,1290,Wynnefield,,106,41,4260000
421010118005005,1290,Wynnefield,,143,61,4260000
421010118005006,1290,Wynnefield,,140,55,4260000
421010118005007,1290,Wynnefield,,132,57,4260000
421010118005008,1290,Wynnefield,,102,43,4260000
421010118005009,1290,Wynnefield,,0,0,4260000
421010118005010,1290,Wynnefield,,85,41,4260000
421010118005011,1290,Wynnefield,,29,17,4260000
421010118005012,1290,Wynnefield,,36,19,4260000
421010118006000,1290,Wynnefield,,0,0,4260000
421010118006001,1290,Wynnefield,,150,59,4260000
421010118006002,1290,Wynnefield,,125,51,4260000
421010118006003,1290,Wynnefield,,98,41,4260000
421010118006004,1290,Wynnefield,,101,42,4260000
421010118006005,1290,Wynnefield,,150,58,4260000
421010118006006,1290,Wynnefield,,99,48,4260000
421010119001000,1290,Wynnefield,,89,31,4260000
421010119001001,1290,Wynnefield,,8,0,4260000
421010119001002,1290,Wynnefield,,55,26,4260000
421010119001003,1290,Wynnefield,,84,40,4260000
421010119001004,1290,Wynnefield,,123,50,4260000
421010119001005,1290,Wynnefield,,86,43,4260000
421010119001006,1290,Wynnefield,,90,36,4260000
421010119001007,1290,Wynnefield,,141,67,4260000
421010119001008,1290,Wynnefield,,128,55,4260000
421010119001009,1290,Wynnefield,,122,56,4260000
421010119001010,1290,Wynnefield,,67,31,4260000
421010119001011,1290,Wynnefield,,71,27,4260000
421010119001012,1290,Wynnefield,,119,58,4260000
421010119002000,1290,Wynnefield,,294,170,4260000
421010119002001,1290,Wynnefield,,190,72,4260000
421010119002002,1290,Wynnefield,,186,77,4260000
421010119002003,1290,Wynnefield,,164,64,4260000
421010119002004,1290,Wynnefield,,117,46,4260000
421010119002005,1290,Wynnefield,,58,26,4260000
421010119002006,1290,Wynnefield,,90,52,4260000
421010119002007,1290,Wynnefield,,287,149,4260000
421010119002008,1290,Wynnefield,,98,38,4260000
421010119002009,1290,Wynnefield,,168,76,4260000
421010119003000,1290,Wynnefield,,0,0,4260000
421010119003001,1290,Wynnefield,,0,0,4260000
421010119003002,1290,Wynnefield,,207,89,4260000
421010119003003,1290,Wynnefield,,142,57,4260000
421010119003004,1290,Wynnefield,,130,57,4260000
421010119003005,1290,Wynnefield,,42,29,4260000
421010119003006,1290,Wynnefield,,72,42,4260000
421010119003007,1290,Wynnefield,,169,70,4260000
421010119003008,1290,Wynnefield,,83,51,4260000
421010119003009,1290,Wynnefield,,60,26,4260000
421010119003010,1290,Wynnefield,,60,27,4260000
421010119004000,1290,Wynnefield,,297,231,4260000
421010119004001,1290,Wynnefield,,217,118,4260000
421010119004002,1290,Wynnefield,,48,16,4260000
421010119004003,1290,Wynnefield,,47,12,4260000
421010119004004,1290,Wynnefield,,51,17,4260000
421010119004005,1290,Wynnefield,,37,10,4260000
421010119004006,1290,Wynnefield,,42,25,4260000
421010119005000,1290,Wynnefield,,189,82,4260000
421010119005001,1290,Wynnefield,,108,45,4260000
421010119005002,1290,Wynnefield,,85,27,4260000
421010119005003,1290,Wynnefield,,88,28,4260000
421010119005004,1290,Wynnefield,,73,32,4260000
421010119005005,1290,Wynnefield,,113,50,4260000
421010120001000,1290,Wynnefield,,243,131,4260000
421010120001001,1290,Wynnefield,,115,55,4260000
421010120001002,1290,Wynnefield,,37,14,4260000
421010120001003,1290,Wynnefield,,78,51,4260000
421010120001004,1290,Wynnefield,,15,6,4260000
421010120001005,1290,Wynnefield,,17,6,4260000
421010120001006,1290,Wynnefield,,30,12,4260000
421010120002000,1290,Wynnefield,,266,175,4260000
421010121001000,1290,Wynnefield,,269,166,4260000
421010121001001,1290,Wynnefield,,55,285,4260000
421010121001002,1290,Wynnefield,,70,34,4260000
421010121001003,1290,Wynnefield,,114,45,4260000
421010121001004,1290,Wynnefield,,126,53,4260000
421010121001005,1290,Wynnefield,,158,77,4260000
421010121001006,1290,Wynnefield,,392,271,4260000
421010121001007,1290,Wynnefield,,74,40,4260000
421010121002000,1290,Wynnefield,,520,117,4260000
421010121002001,1290,Wynnefield,,86,36,4260000
421010121002002,1290,Wynnefield,,202,192,4260000
421010121002003,1290,Wynnefield,,351,192,4260000
421010121002004,1290,Wynnefield,,49,46,4260000
421010121002005,1290,Wynnefield,,56,22,4260000
421010121002006,1290,Wynnefield,,25,12,4260000
421019800001087,1290,Wynnefield,,0,0,4260000
421019800001088,1290,Wynnefield,,0,0,4260000
421019800001092,1290,Wynnefield,,0,0,4260000
421010122011000,1291,West Park,,0,0,4260000
421010207004025,1291,West Park,,0,0,4260000
421019800001000,1291,West Park,,0,0,4260000
421019800001001,1291,West Park,,0,0,4260000
421019800001002,1291,West Park,,0,0,4260000
421019800001004,1291,West Park,,0,0,4260000
421019800001005,1291,West Park,,0,0,4260000
421019800001006,1291,West Park,,0,0,4260000
421019800001007,1291,West Park,,0,0,4260000
421019800001008,1291,West Park,,0,0,4260000
421019800001009,1291,West Park,,0,0,4260000
421019800001010,1291,West Park,,0,0,4260000
421019800001011,1291,West Park,,0,0,4260000
421019800001012,1291,West Park,,0,0,4260000
421019800001013,1291,West Park,,0,0,4260000
421019800001014,1291,West Park,,0,0,4260000
421019800001015,1291,West Park,,0,0,4260000
421019800001016,1291,West Park,,3,2,4260000
421019800001017,1291,West Park,,0,0,4260000
421019800001018,1291,West Park,,0,0,4260000
421019800001019,1291,West Park,,0,0,4260000
421019800001020,1291,West Park,,0,0,4260000
421019800001021,1291,West Park,,0,0,4260000
421019800001022,1291,West Park,,0,0,4260000
421019800001023,1291,West Park,,0,0,4260000
421019800001024,1291,West Park,,0,0,4260000
421019800001025,1291,West Park,,0,0,4260000
421019800001026,1291,West Park,,0,0,4260000
421019800001027,1291,West Park,,0,0,4260000
421019800001028,1291,West Park,,0,0,4260000
421019800001029,1291,West Park,,0,0,4260000
421019800001030,1291,West Park,,0,0,4260000
421019800001031,1291,West Park,,0,0,4260000
421019800001036,1291,West Park,,0,0,4260000
421019800001037,1291,West Park,,0,0,4260000
421019800001038,1291,West Park,,0,0,4260000
421019800001039,1291,West Park,,0,0,4260000
421019800001040,1291,West Park,,0,0,4260000
421019800001041,1291,West Park,,0,0,4260000
421019800001042,1291,West Park,,0,0,4260000
421019800001059,1291,West Park,,0,0,4260000
421019800001060,1291,West Park,,0,0,4260000
421019800001061,1291,West Park,,0,0,4260000
421019800001062,1291,West Park,,0,0,4260000
421019800001063,1291,West Park,,0,0,4260000
421019800001064,1291,West Park,,0,0,4260000
421019800001065,1291,West Park,,12,9,4260000
421019800001066,1291,West Park,,0,0,4260000
421019800001067,1291,West Park,,0,0,4260000
421019800001068,1291,West Park,,0,0,4260000
421019800001069,1291,West Park,,0,0,4260000
421019800001070,1291,West Park,,90,0,4260000
421019800001071,1291,West Park,,0,0,4260000
421019800001072,1291,West Park,,0,0,4260000
421019800001073,1291,West Park,,0,0,4260000
421019800001074,1291,West Park,,0,0,4260000
421019800001075,1291,West Park,,0,0,4260000
421019800001076,1291,West Park,,0,0,4260000
421019800001077,1291,West Park,,0,0,4260000
421019800001078,1291,West Park,,0,0,4260000
421019800001079,1291,West Park,,0,0,4260000
421019800001080,1291,West Park,,0,0,4260000
421019800001081,1291,West Park,,0,0,4260000
421019800001082,1291,West Park,,0,0,4260000
421019800001083,1291,West Park,,0,0,4260000
421019800001084,1291,West Park,,0,0,4260000
421019800001085,1291,West Park,,0,0,4260000
421019800001086,1291,West Park,,0,0,4260000
421019800001089,1291,West Park,,0,0,4260000
421019800001090,1291,West Park,,0,0,4260000
421019800001091,1291,West Park,,0,0,4260000
421019800001093,1291,West Park,,0,0,4260000
421019800001094,1291,West Park,,0,0,4260000
421019800001095,1291,West Park,,0,0,4260000
421019800001096,1291,West Park,,0,0,4260000
421019800001097,1291,West Park,,0,0,4260000
421019800001098,1291,West Park,,0,0,4260000
421019800001099,1291,West Park,,0,0,4260000
421019800001100,1291,West Park,,0,0,4260000
421019800001101,1291,West Park,,0,0,4260000
421019800001102,1291,West Park,,0,0,4260000
421019800001103,1291,West Park,,0,0,4260000
421019800001104,1291,West Park,,0,0,4260000
421019800001105,1291,West Park,,0,0,4260000
421019800001106,1291,West Park,,0,0,4260000
421019800001107,1291,West Park,,0,0,4260000
421019800001108,1291,West Park,,0,0,4260000
421019800001109,1291,West Park,,0,0,4260000
421019800001110,1291,West Park,,0,0,4260000
421019800001111,1291,West Park,,0,0,4260000
421019800001112,1291,West Park,,0,0,4260000
421019800001113,1291,West Park,,0,0,4260000
421019800001114,1291,West Park,,0,0,4260000
421019800001115,1291,West Park,,0,0,4260000
421019800001116,1291,West Park,,0,0,4260000
421019800001117,1291,West Park,,0,0,4260000
421019800001118,1291,West Park,,0,0,4260000
421019800001119,1291,West Park,,0,0,4260000
421019800001120,1291,West Park,,0,0,4260000
421019800001121,1291,West Park,,0,0,4260000
421019800001122,1291,West Park,,0,0,4260000
421019800001123,1291,West Park,,0,0,4260000
421019800001124,1291,West Park,,0,0,4260000
421019800001125,1291,West Park,,0,0,4260000
421019800001126,1291,West Park,,0,0,4260000
421019800001127,1291,West Park,,0,0,4260000
421019800001128,1291,West Park,,0,0,4260000
421019800001129,1291,West Park,,0,0,4260000
421019800001130,1291,West Park,,0,0,4260000
421019800001131,1291,West Park,,0,0,4260000
421019800001132,1291,West Park,,0,0,4260000
421019800001133,1291,West Park,,0,0,4260000
421019800001134,1291,West Park,,0,0,4260000
421019800001135,1291,West Park,,0,0,4260000
421019800001152,1291,West Park,,0,0,4260000
421019800001153,1291,West Park,,0,0,4260000
421019800001154,1291,West Park,,0,0,4260000
421019800001155,1291,West Park,,0,0,4260000
421019800001156,1291,West Park,,0,0,4260000
421019800001157,1291,West Park,,0,0,4260000
421019800001197,1291,West Park,,0,0,4260000
421019800001198,1291,West Park,,0,0,4260000
421019800001237,1291,West Park,,0,0,4260000
421010361001000,1292,Normandy Village,,0,0,4260000
421010361001001,1292,Normandy Village,,0,0,4260000
421010361001002,1292,Normandy Village,,0,0,4260000
421010361001005,1292,Normandy Village,,0,0,4260000
421010361001006,1292,Normandy Village,,58,20,4260000
421010361001007,1292,Normandy Village,,111,34,4260000
421010361001008,1292,Normandy Village,,0,0,4260000
421010361001009,1292,Normandy Village,,0,0,4260000
421010361002000,1292,Normandy Village,,0,0,4260000
421010361002001,1292,Normandy Village,,0,0,4260000
421010361002002,1292,Normandy Village,,0,0,4260000
421010361002003,1292,Normandy Village,,65,22,4260000
421010361002004,1292,Normandy Village,,127,49,4260000
421010361002005,1292,Normandy Village,,74,35,4260000
421010361002006,1292,Normandy Village,,75,24,4260000
421010361002007,1292,Normandy Village,,0,0,4260000
421010361002008,1292,Normandy Village,,0,0,4260000
421010361002009,1292,Normandy Village,,178,64,4260000
421010361002010,1292,Normandy Village,,152,58,4260000
421010361002011,1292,Normandy Village,,153,55,4260000
421010361002012,1292,Normandy Village,,86,31,4260000
421010361002013,1292,Normandy Village,,76,25,4260000
421010361002014,1292,Normandy Village,,103,42,4260000
421010364001033,1292,Normandy Village,,0,0,4260000
421010364001034,1292,Normandy Village,,0,0,4260000
421010050001001,1293,Stadium District,,0,0,4260000
421010050001003,1293,Stadium District,,0,0,4260000
421010372001000,1293,Stadium District,,85,40,4260000
421010372001001,1293,Stadium District,,66,28,4260000
421010372001002,1293,Stadium District,,93,43,4260000
421010372001003,1293,Stadium District,,0,0,4260000
421010372001005,1293,Stadium District,,75,47,4260000
421010372001006,1293,Stadium District,,91,47,4260000
421010372001007,1293,Stadium District,,51,28,4260000
421010372001008,1293,Stadium District,,0,0,4260000
421010372001009,1293,Stadium District,,102,53,4260000
421010372001010,1293,Stadium District,,83,40,4260000
421010372001011,1293,Stadium District,,45,25,4260000
421010372001012,1293,Stadium District,,129,53,4260000
421010372001013,1293,Stadium District,,129,53,4260000
421010372001014,1293,Stadium District,,0,0,4260000
421010372001015,1293,Stadium District,,0,0,4260000
421010372001016,1293,Stadium District,,0,0,4260000
421010372001017,1293,Stadium District,,0,0,4260000
421010372001018,1293,Stadium District,,0,0,4260000
421010372001019,1293,Stadium District,,0,0,4260000
421010372002000,1293,Stadium District,,102,44,4260000
421010372002001,1293,Stadium District,,84,30,4260000
421010372002002,1293,Stadium District,,104,50,4260000
421010372002003,1293,Stadium District,,121,44,4260000
421010372002004,1293,Stadium District,,0,0,4260000
421010372002005,1293,Stadium District,,78,37,4260000
421010372002006,1293,Stadium District,,51,31,4260000
421010372002007,1293,Stadium District,,69,35,4260000
421010372002008,1293,Stadium District,,79,45,4260000
421010372002009,1293,Stadium District,,89,45,4260000
421010372002010,1293,Stadium District,,87,37,4260000
421010372002011,1293,Stadium District,,82,43,4260000
421010372002012,1293,Stadium District,,80,30,4260000
421010372002013,1293,Stadium District,,0,0,4260000
421010372002014,1293,Stadium District,,47,30,4260000
421010372002015,1293,Stadium District,,42,20,4260000
421010372002016,1293,Stadium District,,56,23,4260000
421010372002017,1293,Stadium District,,120,53,4260000
421010372002018,1293,Stadium District,,121,49,4260000
421010372002019,1293,Stadium District,,0,0,4260000
421010372003000,1293,Stadium District,,101,46,4260000
421010372003001,1293,Stadium District,,59,25,4260000
421010372003002,1293,Stadium District,,75,42,4260000
421010372003003,1293,Stadium District,,85,45,4260000
421010372003004,1293,Stadium District,,101,47,4260000
421010372003005,1293,Stadium District,,70,31,4260000
421010372003006,1293,Stadium District,,8,4,4260000
421010372003007,1293,Stadium District,,98,47,4260000
421010372003008,1293,Stadium District,,98,51,4260000
421010372004000,1293,Stadium District,,0,0,4260000
421010372004001,1293,Stadium District,,0,0,4260000
421010372004002,1293,Stadium District,,0,0,4260000
421010372004003,1293,Stadium District,,129,43,4260000
421010372004004,1293,Stadium District,,128,51,4260000
421010372004005,1293,Stadium District,,126,49,4260000
421010372004006,1293,Stadium District,,121,48,4260000
421010372004007,1293,Stadium District,,137,47,4260000
421010372004008,1293,Stadium District,,133,50,4260000
421010372004009,1293,Stadium District,,138,52,4260000
421010372004010,1293,Stadium District,,140,49,4260000
421010372004011,1293,Stadium District,,136,52,4260000
421010372004012,1293,Stadium District,,0,0,4260000
421010372004013,1293,Stadium District,,0,0,4260000
421010372004014,1293,Stadium District,,0,0,4260000
421010372004015,1293,Stadium District,,0,0,4260000
421010372004016,1293,Stadium District,,0,0,4260000
421010372004017,1293,Stadium District,,0,0,4260000
421010372004018,1293,Stadium District,,0,0,4260000
421010372004019,1293,Stadium District,,0,0,4260000
421010372004020,1293,Stadium District,,0,0,4260000
421010372004021,1293,Stadium District,,0,0,4260000
421010373001000,1293,Stadium District,,0,0,4260000
421010373001015,1293,Stadium District,,0,0,4260000
421010373001016,1293,Stadium District,,0,0,4260000
421010373001017,1293,Stadium District,,0,0,4260000
421010373001032,1293,Stadium District,,0,0,4260000
421010373001033,1293,Stadium District,,102,49,4260000
421010373001034,1293,Stadium District,,96,45,4260000
421010373001035,1293,Stadium District,,96,46,4260000
421010373001036,1293,Stadium District,,81,39,4260000
421010373001037,1293,Stadium District,,94,44,4260000
421010373001038,1293,Stadium District,,0,0,4260000
421010373003000,1293,Stadium District,,0,0,4260000
421019806001000,1293,Stadium District,,0,0,4260000
421019806001001,1293,Stadium District,,0,0,4260000
421019806001002,1293,Stadium District,,0,0,4260000
421019806001003,1293,Stadium District,,0,0,4260000
421019806001004,1293,Stadium District,,0,0,4260000
421019806001005,1293,Stadium District,,0,0,4260000
421019806001006,1293,Stadium District,,0,0,4260000
421019806001007,1293,Stadium District,,0,0,4260000
421019806001011,1293,Stadium District,,0,0,4260000
421019806001012,1293,Stadium District,,0,0,4260000
421019806001013,1293,Stadium District,,0,0,4260000
421019806001014,1293,Stadium District,,0,0,4260000
421019807001052,1293,Stadium District,,0,0,4260000
421019807001070,1293,Stadium District,,0,0,4260000
421019807001071,1293,Stadium District,,0,0,4260000
421019807001072,1293,Stadium District,,0,0,4260000
421019807001073,1293,Stadium District,,0,0,4260000
421019807001074,1293,Stadium District,,0,0,4260000
421019807001075,1293,Stadium District,,0,0,4260000
421019807001076,1293,Stadium District,,0,0,4260000
421019807001077,1293,Stadium District,,0,0,4260000
421019807001078,1293,Stadium District,,0,0,4260000
421019807001079,1293,Stadium District,,0,0,4260000
421019807001080,1293,Stadium District,,0,0,4260000
421019807001081,1293,Stadium District,,0,0,4260000
421019807001082,1293,Stadium District,,0,0,4260000
421019807001083,1293,Stadium District,,0,0,4260000
421019807001084,1293,Stadium District,,0,0,4260000
421019807001085,1293,Stadium District,,0,0,4260000
421019807001086,1293,Stadium District,,0,0,4260000
421019807001087,1293,Stadium District,,4,0,4260000
421019807001088,1293,Stadium District,,0,0,4260000
421019807001096,1293,Stadium District,,0,0,4260000
421019807001099,1293,Stadium District,,0,0,4260000
421019807001100,1293,Stadium District,,0,0,4260000
421019807001105,1293,Stadium District,,0,0,4260000
421019807001106,1293,Stadium District,,0,0,4260000
421019807001107,1293,Stadium District,,0,0,4260000
421010373001002,1299,Packer Park,,0,0,4260000
421010373001003,1299,Packer Park,,0,0,4260000
421010373001004,1299,Packer Park,,0,0,4260000
421010373001005,1299,Packer Park,,0,0,4260000
421010373001006,1299,Packer Park,,0,0,4260000
421010373001007,1299,Packer Park,,0,0,4260000
421010373001008,1299,Packer Park,,0,0,4260000
421010373001009,1299,Packer Park,,0,0,4260000
421010373001010,1299,Packer Park,,32,12,4260000
421010373001011,1299,Packer Park,,24,14,4260000
421010373001012,1299,Packer Park,,45,19,4260000
421010373001013,1299,Packer Park,,0,0,4260000
421010373001014,1299,Packer Park,,0,0,4260000
421010373001018,1299,Packer Park,,0,0,4260000
421010373001019,1299,Packer Park,,0,0,4260000
421010373001020,1299,Packer Park,,208,116,4260000
421010373001021,1299,Packer Park,,35,14,4260000
421010373001022,1299,Packer Park,,147,65,4260000
421010373001023,1299,Packer Park,,175,73,4260000
421010373001024,1299,Packer Park,,34,20,4260000
421010373001025,1299,Packer Park,,86,35,4260000
421010373001026,1299,Packer Park,,111,45,4260000
421010373001027,1299,Packer Park,,95,34,4260000
421010373001028,1299,Packer Park,,2,1,4260000
421010373001029,1299,Packer Park,,83,29,4260000
421010373001030,1299,Packer Park,,73,26,4260000
421010373001031,1299,Packer Park,,64,28,4260000
421010373001039,1299,Packer Park,,0,0,4260000
421010373001040,1299,Packer Park,,0,0,4260000
421010373001041,1299,Packer Park,,5,3,4260000
421010373001042,1299,Packer Park,,0,0,4260000
421010373001043,1299,Packer Park,,45,14,4260000
421010373001044,1299,Packer Park,,0,0,4260000
421010373002007,1299,Packer Park,,5,21,4260000
421010373002008,1299,Packer Park,,0,14,4260000
421010373002011,1299,Packer Park,,0,0,4260000
421010373002012,1299,Packer Park,,0,0,4260000
421010373002013,1299,Packer Park,,0,0,4260000
421010373002014,1299,Packer Park,,0,1,4260000
421010373002015,1299,Packer Park,,0,0,4260000
421010373002018,1299,Packer Park,,23,11,4260000
421010373002019,1299,Packer Park,,116,54,4260000
421010373002020,1299,Packer Park,,140,56,4260000
421010373002021,1299,Packer Park,,2,2,4260000
421010373002022,1299,Packer Park,,0,0,4260000
421010373002023,1299,Packer Park,,0,0,4260000
421010373002024,1299,Packer Park,,0,0,4260000
421010373002025,1299,Packer Park,,0,3,4260000
421010373002026,1299,Packer Park,,0,0,4260000
421010373002027,1299,Packer Park,,7,10,4260000
421010373002028,1299,Packer Park,,12,28,4260000
421010373002030,1299,Packer Park,,0,0,4260000
421010373002031,1299,Packer Park,,0,0,4260000
421010373002032,1299,Packer Park,,0,0,4260000
421010373002033,1299,Packer Park,,0,0,4260000
421010373002034,1299,Packer Park,,0,0,4260000
421010373002035,1299,Packer Park,,0,0,4260000
421010373002036,1299,Packer Park,,0,0,4260000
421010373002037,1299,Packer Park,,0,0,4260000
421010373002038,1299,Packer Park,,0,0,4260000
421010373002039,1299,Packer Park,,68,35,4260000
421010373002040,1299,Packer Park,,0,0,4260000
421010373002041,1299,Packer Park,,109,47,4260000
421010373002042,1299,Packer Park,,227,101,4260000
421010373002043,1299,Packer Park,,0,0,4260000
421010373002044,1299,Packer Park,,346,150,4260000
421010373002045,1299,Packer Park,,3,2,4260000
421010373002046,1299,Packer Park,,5,4,4260000
421010373002047,1299,Packer Park,,585,225,4260000
421010373002048,1299,Packer Park,,249,159,4260000
421010373002049,1299,Packer Park,,354,115,4260000
421010373003001,1299,Packer Park,,0,0,4260000
421010373003002,1299,Packer Park,,0,0,4260000
421010373003003,1299,Packer Park,,0,0,4260000
421010373003004,1299,Packer Park,,0,0,4260000
421010373003005,1299,Packer Park,,0,0,4260000
421010373003006,1299,Packer Park,,382,306,4260000
421010373003007,1299,Packer Park,,0,0,4260000
421010373003008,1299,Packer Park,,0,0,4260000
421010373003009,1299,Packer Park,,0,0,4260000
421010373003010,1299,Packer Park,,0,0,4260000
421010373003011,1299,Packer Park,,0,0,4260000
421010373003012,1299,Packer Park,,0,0,4260000
421010373003013,1299,Packer Park,,0,0,4260000
421010373003014,1299,Packer Park,,0,0,4260000
421010373003016,1299,Packer Park,,0,0,4260000
421010373003017,1299,Packer Park,,459,335,4260000
421010373003018,1299,Packer Park,,46,0,4260000
421010373003019,1299,Packer Park,,266,175,4260000
421010373003023,1299,Packer Park,,0,0,4260000
421019806001008,1299,Packer Park,,0,0,4260000
421019806001009,1299,Packer Park,,0,0,4260000
421019806001010,1299,Packer Park,,0,0,4260000
421010050001000,1294,Navy Yard,,0,0,4260000
421010050001002,1294,Navy Yard,,0,0,4260000
421010050001004,1294,Navy Yard,,0,0,4260000
421010050001005,1294,Navy Yard,,0,0,4260000
421010050001006,1294,Navy Yard,,0,0,4260000
421010050001007,1294,Navy Yard,,0,0,4260000
421010050001008,1294,Navy Yard,,0,0,4260000
421010050001009,1294,Navy Yard,,0,0,4260000
421010050001010,1294,Navy Yard,,0,0,4260000
421010050001011,1294,Navy Yard,,0,0,4260000
421010050001012,1294,Navy Yard,,0,0,4260000
421010050001013,1294,Navy Yard,,0,0,4260000
421010050001014,1294,Navy Yard,,0,0,4260000
421010050001015,1294,Navy Yard,,0,0,4260000
421010050001016,1294,Navy Yard,,4,1,4260000
421010050001017,1294,Navy Yard,,0,0,4260000
421010050001018,1294,Navy Yard,,0,0,4260000
421010050001019,1294,Navy Yard,,0,0,4260000
421010050001020,1294,Navy Yard,,0,0,4260000
421010050001021,1294,Navy Yard,,0,0,4260000
421010050001022,1294,Navy Yard,,0,0,4260000
421010050001023,1294,Navy Yard,,0,0,4260000
421010050001025,1294,Navy Yard,,0,0,4260000
421010050001026,1294,Navy Yard,,0,0,4260000
421010050001027,1294,Navy Yard,,0,0,4260000
421010050001028,1294,Navy Yard,,0,0,4260000
421010050001029,1294,Navy Yard,,0,0,4260000
421010050001030,1294,Navy Yard,,0,0,4260000
421010050001031,1294,Navy Yard,,0,0,4260000
421010050001032,1294,Navy Yard,,0,0,4260000
421010050001033,1294,Navy Yard,,0,0,4260000
421010050001034,1294,Navy Yard,,0,0,4260000
421010050001035,1294,Navy Yard,,0,0,4260000
421010050001036,1294,Navy Yard,,0,0,4260000
421010050001037,1294,Navy Yard,,0,0,4260000
421010050001038,1294,Navy Yard,,0,0,4260000
421010050001039,1294,Navy Yard,,0,0,4260000
421010050001040,1294,Navy Yard,,0,0,4260000
421010050001041,1294,Navy Yard,,0,0,4260000
421010050001042,1294,Navy Yard,,0,0,4260000
421010050001043,1294,Navy Yard,,0,0,4260000
421010050001044,1294,Navy Yard,,0,0,4260000
421010050001045,1294,Navy Yard,,0,0,4260000
421010050001046,1294,Navy Yard,,0,0,4260000
421010050001047,1294,Navy Yard,,0,0,4260000
421010050001048,1294,Navy Yard,,0,0,4260000
421010050001049,1294,Navy Yard,,0,0,4260000
421010050001050,1294,Navy Yard,,0,0,4260000
421010050001051,1294,Navy Yard,,0,0,4260000
421010050001052,1294,Navy Yard,,0,0,4260000
421010050001053,1294,Navy Yard,,0,0,4260000
421010050001054,1294,Navy Yard,,0,0,4260000
421010050001055,1294,Navy Yard,,0,0,4260000
421010050001056,1294,Navy Yard,,0,0,4260000
421010050001057,1294,Navy Yard,,0,0,4260000
421010050001058,1294,Navy Yard,,0,0,4260000
421010050001059,1294,Navy Yard,,0,0,4260000
421010050001060,1294,Navy Yard,,0,0,4260000
421010050001061,1294,Navy Yard,,0,0,4260000
421010050001062,1294,Navy Yard,,0,0,4260000
421010050001063,1294,Navy Yard,,0,0,4260000
421010050001064,1294,Navy Yard,,0,0,4260000
421010050001065,1294,Navy Yard,,0,0,4260000
421010050001066,1294,Navy Yard,,0,0,4260000
421010050001067,1294,Navy Yard,,0,0,4260000
421010050001068,1294,Navy Yard,,0,0,4260000
421010050001069,1294,Navy Yard,,0,0,4260000
421010050001070,1294,Navy Yard,,0,0,4260000
421010050001071,1294,Navy Yard,,0,0,4260000
421010050001072,1294,Navy Yard,,0,0,4260000
421010050001073,1294,Navy Yard,,0,0,4260000
421010050001074,1294,Navy Yard,,0,0,4260000
421010050001075,1294,Navy Yard,,0,0,4260000
421010050001076,1294,Navy Yard,,0,0,4260000
421010050001077,1294,Navy Yard,,9,0,4260000
421010050001078,1294,Navy Yard,,0,0,4260000
421010050001079,1294,Navy Yard,,0,0,4260000
421010050001080,1294,Navy Yard,,0,0,4260000
421010050001081,1294,Navy Yard,,0,0,4260000
421010050001082,1294,Navy Yard,,0,0,4260000
421010050001083,1294,Navy Yard,,0,0,4260000
421010050001084,1294,Navy Yard,,0,0,4260000
421010050001085,1294,Navy Yard,,0,0,4260000
421010050001086,1294,Navy Yard,,0,0,4260000
421010050001087,1294,Navy Yard,,0,0,4260000
421010050001088,1294,Navy Yard,,0,0,4260000
421010050001089,1294,Navy Yard,,0,0,4260000
421010050001090,1294,Navy Yard,,0,0,4260000
421010373003015,1294,Navy Yard,,0,0,4260000
421010373003022,1294,Navy Yard,,0,0,4260000
421019809001141,1294,Navy Yard,,0,0,4260000
421010161001000,1295,East Kensington,,0,0,4260000
421010161001001,1295,East Kensington,,1,2,4260000
421010161001002,1295,East Kensington,,29,16,4260000
421010161001003,1295,East Kensington,,47,15,4260000
421010161001004,1295,East Kensington,,43,10,4260000
421010161001005,1295,East Kensington,,19,8,4260000
421010161001006,1295,East Kensington,,0,0,4260000
421010161001007,1295,East Kensington,,33,14,4260000
421010161001008,1295,East Kensington,,46,22,4260000
421010161001009,1295,East Kensington,,8,1,4260000
421010161001010,1295,East Kensington,,1,1,4260000
421010161001011,1295,East Kensington,,41,18,4260000
421010161001012,1295,East Kensington,,0,0,4260000
421010161001013,1295,East Kensington,,63,29,4260000
421010161001014,1295,East Kensington,,95,43,4260000
421010161001015,1295,East Kensington,,72,35,4260000
421010161001016,1295,East Kensington,,97,39,4260000
421010161001017,1295,East Kensington,,81,34,4260000
421010161001018,1295,East Kensington,,56,24,4260000
421010161001019,1295,East Kensington,,86,50,4260000
421010161001020,1295,East Kensington,,62,26,4260000
421010161001021,1295,East Kensington,,104,46,4260000
421010161001022,1295,East Kensington,,14,11,4260000
421010161001023,1295,East Kensington,,61,30,4260000
421010161001024,1295,East Kensington,,86,31,4260000
421010161001025,1295,East Kensington,,96,35,4260000
421010161001026,1295,East Kensington,,27,9,4260000
421010161001027,1295,East Kensington,,105,25,4260000
421010161001028,1295,East Kensington,,17,14,4260000
421010161001029,1295,East Kensington,,32,18,4260000
421010161001030,1295,East Kensington,,17,9,4260000
421010161001031,1295,East Kensington,,13,9,4260000
421010161001032,1295,East Kensington,,63,27,4260000
421010161001033,1295,East Kensington,,19,9,4260000
421010161001034,1295,East Kensington,,64,30,4260000
421010161001035,1295,East Kensington,,0,0,4260000
421010161001036,1295,East Kensington,,70,19,4260000
421010161001037,1295,East Kensington,,56,28,4260000
421010161001038,1295,East Kensington,,35,12,4260000
421010161001039,1295,East Kensington,,37,16,4260000
421010161001040,1295,East Kensington,,11,6,4260000
421010161001041,1295,East Kensington,,10,5,4260000
421010161001042,1295,East Kensington,,52,26,4260000
421010161001043,1295,East Kensington,,3,2,4260000
421010161001044,1295,East Kensington,,28,17,4260000
421010161001045,1295,East Kensington,,19,11,4260000
421010161001046,1295,East Kensington,,33,16,4260000
421010161001047,1295,East Kensington,,20,9,4260000
421010161001048,1295,East Kensington,,0,0,4260000
421010161002000,1295,East Kensington,,99,33,4260000
421010161002001,1295,East Kensington,,102,39,4260000
421010161002002,1295,East Kensington,,100,54,4260000
421010161002003,1295,East Kensington,,25,7,4260000
421010161002004,1295,East Kensington,,40,16,4260000
421010161002005,1295,East Kensington,,85,32,4260000
421010161002006,1295,East Kensington,,93,38,4260000
421010161002007,1295,East Kensington,,166,53,4260000
421010161002008,1295,East Kensington,,204,68,4260000
421010161002009,1295,East Kensington,,171,74,4260000
421010161002010,1295,East Kensington,,118,70,4260000
421010161002011,1295,East Kensington,,46,39,4260000
421010161002012,1295,East Kensington,,98,34,4260000
421010161002013,1295,East Kensington,,50,18,4260000
421010161002014,1295,East Kensington,,50,19,4260000
421010161002015,1295,East Kensington,,25,17,4260000
421010161002016,1295,East Kensington,,40,13,4260000
421010161002017,1295,East Kensington,,8,5,4260000
421010161002018,1295,East Kensington,,37,15,4260000
421010161002019,1295,East Kensington,,26,20,4260000
421010161002020,1295,East Kensington,,0,0,4260000
421010161002021,1295,East Kensington,,60,30,4260000
421010161002022,1295,East Kensington,,53,25,4260000
421010161002023,1295,East Kensington,,37,17,4260000
421010161002024,1295,East Kensington,,22,11,4260000
421010161003000,1295,East Kensington,,126,38,4260000
421010161003001,1295,East Kensington,,97,38,4260000
421010161003002,1295,East Kensington,,0,0,4260000
421010161003003,1295,East Kensington,,0,0,4260000
421010161003004,1295,East Kensington,,164,50,4260000
421010161003005,1295,East Kensington,,31,12,4260000
421010161003006,1295,East Kensington,,133,43,4260000
421010161003007,1295,East Kensington,,113,33,4260000
421010161003008,1295,East Kensington,,102,43,4260000
421010161003009,1295,East Kensington,,116,46,4260000
421010161003010,1295,East Kensington,,59,24,4260000
421010161004000,1295,East Kensington,,133,49,4260000
421010161004001,1295,East Kensington,,66,19,4260000
421010161004002,1295,East Kensington,,90,45,4260000
421010161004003,1295,East Kensington,,58,20,4260000
421010161004004,1295,East Kensington,,109,44,4260000
421010161004005,1295,East Kensington,,88,29,4260000
421010161004006,1295,East Kensington,,30,13,4260000
421010161004007,1295,East Kensington,,154,19,4260000
421010161004008,1295,East Kensington,,28,8,4260000
421010161004009,1295,East Kensington,,37,27,4260000
421010161004010,1295,East Kensington,,129,37,4260000
421010055001017,1296,Elmwood,,0,0,4260000
421010060003000,1296,Elmwood,,146,54,4260000
421010060003001,1296,Elmwood,,140,54,4260000
421010060003002,1296,Elmwood,,129,46,4260000
421010060003007,1296,Elmwood,,50,18,4260000
421010060003008,1296,Elmwood,,44,15,4260000
421010060004000,1296,Elmwood,,47,15,4260000
421010060004001,1296,Elmwood,,58,17,4260000
421010060004002,1296,Elmwood,,0,0,4260000
421010060004003,1296,Elmwood,,82,28,4260000
421010060004004,1296,Elmwood,,184,55,4260000
421010060004005,1296,Elmwood,,106,47,4260000
421010060004006,1296,Elmwood,,87,30,4260000
421010060004007,1296,Elmwood,,9,10,4260000
421010060004008,1296,Elmwood,,52,20,4260000
421010060004009,1296,Elmwood,,154,49,4260000
421010060004011,1296,Elmwood,,112,37,4260000
421010060004012,1296,Elmwood,,72,25,4260000
421010060005000,1296,Elmwood,,76,24,4260000
421010060005001,1296,Elmwood,,174,64,4260000
421010060005002,1296,Elmwood,,200,66,4260000
421010060005003,1296,Elmwood,,176,64,4260000
421010060005004,1296,Elmwood,,9,7,4260000
421010060005005,1296,Elmwood,,131,54,4260000
421010061001001,1296,Elmwood,,140,62,4260000
421010061001002,1296,Elmwood,,78,22,4260000
421010061001003,1296,Elmwood,,0,0,4260000
421010061001004,1296,Elmwood,,216,91,4260000
421010061001005,1296,Elmwood,,140,55,4260000
421010061001006,1296,Elmwood,,231,73,4260000
421010061001007,1296,Elmwood,,195,73,4260000
421010061001008,1296,Elmwood,,171,66,4260000
421010061001009,1296,Elmwood,,158,64,4260000
421010061001010,1296,Elmwood,,170,58,4260000
421010061001011,1296,Elmwood,,452,191,4260000
421010061001012,1296,Elmwood,,0,0,4260000
421010061001013,1296,Elmwood,,92,40,4260000
421010061001014,1296,Elmwood,,0,0,4260000
421010061001016,1296,Elmwood,,6,3,4260000
421010061001017,1296,Elmwood,,0,0,4260000
421010061001018,1296,Elmwood,,25,13,4260000
421010061002000,1296,Elmwood,,166,58,4260000
421010061002001,1296,Elmwood,,143,56,4260000
421010061002002,1296,Elmwood,,98,44,4260000
421010061002003,1296,Elmwood,,0,0,4260000
421010061002004,1296,Elmwood,,57,24,4260000
421010061002005,1296,Elmwood,,169,62,4260000
421010061002006,1296,Elmwood,,162,65,4260000
421010061002007,1296,Elmwood,,117,44,4260000
421010061002008,1296,Elmwood,,137,49,4260000
421010061002009,1296,Elmwood,,0,0,4260000
421010062001000,1296,Elmwood,,122,44,4260000
421010062001001,1296,Elmwood,,132,50,4260000
421010062001002,1296,Elmwood,,184,65,4260000
421010062001003,1296,Elmwood,,205,64,4260000
421010062001004,1296,Elmwood,,175,63,4260000
421010062001005,1296,Elmwood,,199,65,4260000
421010062002000,1296,Elmwood,,194,65,4260000
421010062002001,1296,Elmwood,,157,57,4260000
421010062002002,1296,Elmwood,,155,57,4260000
421010062002003,1296,Elmwood,,148,57,4260000
421010062002004,1296,Elmwood,,168,56,4260000
421010062002005,1296,Elmwood,,206,62,4260000
421010062003000,1296,Elmwood,,95,33,4260000
421010062003001,1296,Elmwood,,144,56,4260000
421010062003002,1296,Elmwood,,168,58,4260000
421010062003003,1296,Elmwood,,181,64,4260000
421010062003004,1296,Elmwood,,143,57,4260000
421010062003005,1296,Elmwood,,157,56,4260000
421010062004000,1296,Elmwood,,0,0,4260000
421010062004001,1296,Elmwood,,133,51,4260000
421010062004002,1296,Elmwood,,154,51,4260000
421010062004003,1296,Elmwood,,153,54,4260000
421010062004004,1296,Elmwood,,134,50,4260000
421010062004005,1296,Elmwood,,0,0,4260000
421010062004006,1296,Elmwood,,33,19,4260000
421010062004007,1296,Elmwood,,0,0,4260000
421010062004008,1296,Elmwood,,89,33,4260000
421010062004009,1296,Elmwood,,177,55,4260000
421010062004010,1296,Elmwood,,66,16,4260000
421010062004011,1296,Elmwood,,112,36,4260000
421010062004012,1296,Elmwood,,171,62,4260000
421010062004013,1296,Elmwood,,142,61,4260000
421010062004014,1296,Elmwood,,125,38,4260000
421010062004015,1296,Elmwood,,102,37,4260000
421010063003006,1296,Elmwood,,66,32,4260000
421010063004004,1296,Elmwood,,0,0,4260000
421010063004005,1296,Elmwood,,0,0,4260000
421010067001000,1296,Elmwood,,0,0,4260000
421010067001002,1296,Elmwood,,64,27,4260000
421010067001003,1296,Elmwood,,181,69,4260000
421010067001004,1296,Elmwood,,82,32,4260000
421010067001006,1296,Elmwood,,93,28,4260000
421010067001007,1296,Elmwood,,102,33,4260000
421010067001008,1296,Elmwood,,115,33,4260000
421010067001009,1296,Elmwood,,72,27,4260000
421010067001010,1296,Elmwood,,94,37,4260000
421010067002000,1296,Elmwood,,126,38,4260000
421010067002001,1296,Elmwood,,41,13,4260000
421010067002002,1296,Elmwood,,0,0,4260000
421010067002003,1296,Elmwood,,96,26,4260000
421010067002004,1296,Elmwood,,33,17,4260000
421010067002005,1296,Elmwood,,95,42,4260000
421010067002006,1296,Elmwood,,147,49,4260000
421010067002007,1296,Elmwood,,161,52,4260000
421010067002008,1296,Elmwood,,0,0,4260000
421010067002009,1296,Elmwood,,141,52,4260000
421010067003000,1296,Elmwood,,150,65,4260000
421010067003001,1296,Elmwood,,9,0,4260000
421010067003002,1296,Elmwood,,154,58,4260000
421010067003003,1296,Elmwood,,42,25,4260000
421010067003004,1296,Elmwood,,71,26,4260000
421010067003005,1296,Elmwood,,152,53,4260000
421010067003006,1296,Elmwood,,150,51,4260000
421010067003007,1296,Elmwood,,152,53,4260000
421010067004000,1296,Elmwood,,67,29,4260000
421010067004001,1296,Elmwood,,48,19,4260000
421010067004002,1296,Elmwood,,145,50,4260000
421010067004003,1296,Elmwood,,165,61,4260000
421010067004004,1296,Elmwood,,184,56,4260000
421010067004005,1296,Elmwood,,64,32,4260000
421010067004006,1296,Elmwood,,71,32,4260000
421010067004007,1296,Elmwood,,59,30,4260000
421010067004008,1296,Elmwood,,123,51,4260000
421010067004009,1296,Elmwood,,0,0,4260000
421010067005000,1296,Elmwood,,190,75,4260000
421010067005001,1296,Elmwood,,220,75,4260000
421010067005002,1296,Elmwood,,232,73,4260000
421010067005003,1296,Elmwood,,231,76,4260000
421010067005004,1296,Elmwood,,146,60,4260000
421010067005005,1296,Elmwood,,87,29,4260000
421010067005006,1296,Elmwood,,147,59,4260000
421010067005007,1296,Elmwood,,166,56,4260000
421010067005008,1296,Elmwood,,54,20,4260000
421010067005009,1296,Elmwood,,42,15,4260000
421010067005010,1296,Elmwood,,0,0,4260000
421010067005011,1296,Elmwood,,144,54,4260000
421010067005012,1296,Elmwood,,37,14,4260000
421010067006000,1296,Elmwood,,152,58,4260000
421010067006001,1296,Elmwood,,126,47,4260000
421010067006002,1296,Elmwood,,155,48,4260000
421010067006003,1296,Elmwood,,138,51,4260000
421010067006004,1296,Elmwood,,0,0,4260000
421010067006005,1296,Elmwood,,160,59,4260000
421010067006006,1296,Elmwood,,66,24,4260000
421010067006007,1296,Elmwood,,36,24,4260000
421010067006008,1296,Elmwood,,95,28,4260000
421010067006009,1296,Elmwood,,36,12,4260000
421010067006010,1296,Elmwood,,0,0,4260000
421010067006011,1296,Elmwood,,0,0,4260000
421010067007002,1296,Elmwood,,68,27,4260000
421010067007003,1296,Elmwood,,161,69,4260000
421010067007004,1296,Elmwood,,67,31,4260000
421010067007010,1296,Elmwood,,22,8,4260000
421010067007011,1296,Elmwood,,94,34,4260000
421010067007012,1296,Elmwood,,170,69,4260000
421010067007013,1296,Elmwood,,165,58,4260000
421010067007014,1296,Elmwood,,98,34,4260000
421010067007015,1296,Elmwood,,127,51,4260000
421010067007016,1296,Elmwood,,0,0,4260000
421010067007017,1296,Elmwood,,0,0,4260000
421010038001000,1297,Girard Estates,,109,53,4260000
421010038001001,1297,Girard Estates,,115,48,4260000
421010038001002,1297,Girard Estates,,125,56,4260000
421010038001003,1297,Girard Estates,,131,55,4260000
421010038001004,1297,Girard Estates,,56,21,4260000
421010038001005,1297,Girard Estates,,91,32,4260000
421010038001006,1297,Girard Estates,,88,38,4260000
421010038001007,1297,Girard Estates,,52,18,4260000
421010038001008,1297,Girard Estates,,129,57,4260000
421010038001009,1297,Girard Estates,,87,36,4260000
421010038002000,1297,Girard Estates,,105,39,4260000
421010038002001,1297,Girard Estates,,0,0,4260000
421010038002002,1297,Girard Estates,,68,28,4260000
421010038002003,1297,Girard Estates,,11,6,4260000
421010038002004,1297,Girard Estates,,0,0,4260000
421010038002005,1297,Girard Estates,,60,30,4260000
421010038002006,1297,Girard Estates,,0,0,4260000
421010038002007,1297,Girard Estates,,0,0,4260000
421010038002009,1297,Girard Estates,,0,0,4260000
421010038002010,1297,Girard Estates,,53,20,4260000
421010038002011,1297,Girard Estates,,37,18,4260000
421010038002012,1297,Girard Estates,,0,0,4260000
421010038002013,1297,Girard Estates,,0,0,4260000
421010038002014,1297,Girard Estates,,38,16,4260000
421010038002015,1297,Girard Estates,,83,58,4260000
421010038002016,1297,Girard Estates,,0,0,4260000
421010038002017,1297,Girard Estates,,0,0,4260000
421010038002018,1297,Girard Estates,,121,51,4260000
421010038002019,1297,Girard Estates,,138,83,4260000
421010038002020,1297,Girard Estates,,0,0,4260000
421010038002021,1297,Girard Estates,,0,0,4260000
421010038002022,1297,Girard Estates,,89,39,4260000
421010038002023,1297,Girard Estates,,23,7,4260000
421010038002024,1297,Girard Estates,,0,0,4260000
421010038002025,1297,Girard Estates,,0,0,4260000
421010038002026,1297,Girard Estates,,58,22,4260000
421010038002027,1297,Girard Estates,,87,46,4260000
421010038002028,1297,Girard Estates,,2,2,4260000
421010038002029,1297,Girard Estates,,0,0,4260000
421010038002030,1297,Girard Estates,,0,0,4260000
421010038003000,1297,Girard Estates,,6,2,4260000
421010038003001,1297,Girard Estates,,85,45,4260000
421010038003002,1297,Girard Estates,,91,37,4260000
421010038003003,1297,Girard Estates,,90,31,4260000
421010038003004,1297,Girard Estates,,63,24,4260000
421010038003005,1297,Girard Estates,,129,59,4260000
421010038003006,1297,Girard Estates,,124,56,4260000
421010038003007,1297,Girard Estates,,62,26,4260000
421010038003008,1297,Girard Estates,,109,53,4260000
421010038003009,1297,Girard Estates,,116,58,4260000
421010038003010,1297,Girard Estates,,106,53,4260000
421010038004000,1297,Girard Estates,,50,25,4260000
421010038004001,1297,Girard Estates,,1,1,4260000
421010038004002,1297,Girard Estates,,104,43,4260000
421010038004003,1297,Girard Estates,,107,42,4260000
421010038004004,1297,Girard Estates,,150,55,4260000
421010038004005,1297,Girard Estates,,127,55,4260000
421010038004006,1297,Girard Estates,,138,57,4260000
421010038004007,1297,Girard Estates,,112,49,4260000
421010038004008,1297,Girard Estates,,88,36,4260000
421010038004009,1297,Girard Estates,,84,37,4260000
421010039012005,1297,Girard Estates,,123,75,4260000
421010039012006,1297,Girard Estates,,108,54,4260000
421010039012007,1297,Girard Estates,,117,53,4260000
421010039012008,1297,Girard Estates,,128,64,4260000
421010039012009,1297,Girard Estates,,68,51,4260000
421010039012010,1297,Girard Estates,,144,72,4260000
421010039013006,1297,Girard Estates,,104,54,4260000
421010039013007,1297,Girard Estates,,98,50,4260000
421010039013008,1297,Girard Estates,,100,47,4260000
421010039013009,1297,Girard Estates,,126,51,4260000
421010039013010,1297,Girard Estates,,137,57,4260000
421010039013011,1297,Girard Estates,,119,58,4260000
421010039013012,1297,Girard Estates,,130,53,4260000
421010039013013,1297,Girard Estates,,99,54,4260000
421010039013014,1297,Girard Estates,,130,55,4260000
421010039013015,1297,Girard Estates,,13,0,4260000
421010039013016,1297,Girard Estates,,68,31,4260000
421010039013017,1297,Girard Estates,,39,16,4260000
421010039021000,1297,Girard Estates,,90,63,4260000
421010039021001,1297,Girard Estates,,124,70,4260000
421010039021002,1297,Girard Estates,,71,39,4260000
421010039021003,1297,Girard Estates,,121,56,4260000
421010039021004,1297,Girard Estates,,139,62,4260000
421010039021005,1297,Girard Estates,,127,55,4260000
421010039021006,1297,Girard Estates,,107,60,4260000
421010039021007,1297,Girard Estates,,142,54,4260000
421010039021008,1297,Girard Estates,,114,58,4260000
421010039021009,1297,Girard Estates,,112,57,4260000
421010039021010,1297,Girard Estates,,110,58,4260000
421010039021011,1297,Girard Estates,,120,89,4260000
421010039022000,1297,Girard Estates,,41,20,4260000
421010039022001,1297,Girard Estates,,94,36,4260000
421010039022002,1297,Girard Estates,,115,46,4260000
421010039022003,1297,Girard Estates,,100,54,4260000
421010039022004,1297,Girard Estates,,95,57,4260000
421010039022005,1297,Girard Estates,,143,55,4260000
421010039022006,1297,Girard Estates,,0,1,4260000
421010039022007,1297,Girard Estates,,0,0,4260000
421010039022008,1297,Girard Estates,,0,0,4260000
421010039022009,1297,Girard Estates,,0,0,4260000
421010039022010,1297,Girard Estates,,21,12,4260000
421010039022011,1297,Girard Estates,,83,35,4260000
421010039022012,1297,Girard Estates,,0,0,4260000
421010039022013,1297,Girard Estates,,0,0,4260000
421010039022014,1297,Girard Estates,,0,0,4260000
421010039022015,1297,Girard Estates,,0,0,4260000
421010039022016,1297,Girard Estates,,0,0,4260000
421010039022017,1297,Girard Estates,,0,0,4260000
421010039022018,1297,Girard Estates,,121,55,4260000
421010039022019,1297,Girard Estates,,143,64,4260000
421010039022020,1297,Girard Estates,,0,0,4260000
421010039022021,1297,Girard Estates,,0,0,4260000
421010039022022,1297,Girard Estates,,89,51,4260000
421010039023000,1297,Girard Estates,,0,0,4260000
421010039023001,1297,Girard Estates,,91,42,4260000
421010039023002,1297,Girard Estates,,123,53,4260000
421010039023003,1297,Girard Estates,,137,56,4260000
421010039023004,1297,Girard Estates,,112,58,4260000
421010039023005,1297,Girard Estates,,121,57,4260000
421010039023006,1297,Girard Estates,,93,55,4260000
421010039023007,1297,Girard Estates,,50,31,4260000
421010039023008,1297,Girard Estates,,17,9,4260000
421010039023009,1297,Girard Estates,,0,0,4260000
421010039023010,1297,Girard Estates,,98,44,4260000
421010039023011,1297,Girard Estates,,77,43,4260000
421010039023012,1297,Girard Estates,,111,42,4260000
421010039023013,1297,Girard Estates,,58,30,4260000
421010039023014,1297,Girard Estates,,0,0,4260000
421010039023015,1297,Girard Estates,,0,0,4260000
421010039024000,1297,Girard Estates,,0,0,4260000
421010039024001,1297,Girard Estates,,99,51,4260000
421010039024002,1297,Girard Estates,,101,53,4260000
421010039024003,1297,Girard Estates,,113,47,4260000
421010039024004,1297,Girard Estates,,94,38,4260000
421010039024005,1297,Girard Estates,,124,57,4260000
421010039024006,1297,Girard Estates,,112,59,4260000
421010039024007,1297,Girard Estates,,119,58,4260000
421010039024008,1297,Girard Estates,,0,0,4260000
421010039024009,1297,Girard Estates,,0,0,4260000
421010039024010,1297,Girard Estates,,0,0,4260000
421010039024011,1297,Girard Estates,,0,0,4260000
421010039024012,1297,Girard Estates,,0,1,4260000
421010039024013,1297,Girard Estates,,108,56,4260000
421010039024014,1297,Girard Estates,,136,60,4260000
421010039024015,1297,Girard Estates,,100,55,4260000
421010039024016,1297,Girard Estates,,0,0,4260000
421010039024017,1297,Girard Estates,,0,0,4260000
421010039024018,1297,Girard Estates,,128,58,4260000
421010039024019,1297,Girard Estates,,34,13,4260000
421010039024020,1297,Girard Estates,,116,43,4260000
421010039024021,1297,Girard Estates,,137,57,4260000
421010039024022,1297,Girard Estates,,162,67,4260000
421010039024023,1297,Girard Estates,,10,4,4260000
421010039024024,1297,Girard Estates,,0,0,4260000
421010039024025,1297,Girard Estates,,0,0,4260000
421010039024026,1297,Girard Estates,,135,54,4260000
421010039024027,1297,Girard Estates,,0,0,4260000
421010039024028,1297,Girard Estates,,139,58,4260000
421010039024029,1297,Girard Estates,,2,1,4260000
421010039024030,1297,Girard Estates,,0,0,4260000
421010039024031,1297,Girard Estates,,28,13,4260000
421010040023006,1297,Girard Estates,,0,2,4260000
421010040023007,1297,Girard Estates,,0,0,4260000
421010040023008,1297,Girard Estates,,0,0,4260000
421010040023009,1297,Girard Estates,,0,0,4260000
421010040023017,1297,Girard Estates,,0,0,4260000
421010040023018,1297,Girard Estates,,0,0,4260000
421010040024002,1297,Girard Estates,,0,0,4260000
421010040024003,1297,Girard Estates,,0,0,4260000
421010040024004,1297,Girard Estates,,0,0,4260000
421010040024005,1297,Girard Estates,,3,2,4260000
421010372001004,1297,Girard Estates,,0,0,4260000
421010372001020,1297,Girard Estates,,0,0,4260000
421010373001001,1297,Girard Estates,,0,0,4260000
421010373002000,1297,Girard Estates,,0,0,4260000
421010373002001,1297,Girard Estates,,0,0,4260000
421010373002002,1297,Girard Estates,,0,0,4260000
421010373002003,1297,Girard Estates,,0,0,4260000
421010373002004,1297,Girard Estates,,0,0,4260000
421010373002005,1297,Girard Estates,,0,0,4260000
421010373002006,1297,Girard Estates,,0,0,4260000
421010373002009,1297,Girard Estates,,0,0,4260000
421010373002010,1297,Girard Estates,,0,0,4260000
421010373002016,1297,Girard Estates,,0,0,4260000
421010373002017,1297,Girard Estates,,0,0,4260000
421010054001000,1298,Eastwick,,2,1,4260000
421010054001001,1298,Eastwick,,0,0,4260000
421010054001002,1298,Eastwick,,0,0,4260000
421010054001003,1298,Eastwick,,0,0,4260000
421010054001004,1298,Eastwick,,0,0,4260000
421010054001005,1298,Eastwick,,842,486,4260000
421010054001006,1298,Eastwick,,433,181,4260000
421010054001007,1298,Eastwick,,14,7,4260000
421010054001008,1298,Eastwick,,0,0,4260000
421010054001009,1298,Eastwick,,3,2,4260000
421010054001010,1298,Eastwick,,15,10,4260000
421010054001011,1298,Eastwick,,1,0,4260000
421010054001012,1298,Eastwick,,0,0,4260000
421010054001013,1298,Eastwick,,0,0,4260000
421010054001014,1298,Eastwick,,4,2,4260000
421010054001015,1298,Eastwick,,0,0,4260000
421010054001016,1298,Eastwick,,0,0,4260000
421010054001017,1298,Eastwick,,0,0,4260000
421010055002009,1298,Eastwick,,194,102,4260000
421010055002010,1298,Eastwick,,27,17,4260000
421010055002011,1298,Eastwick,,41,21,4260000
421010055003000,1298,Eastwick,,578,313,4260000
421010055003001,1298,Eastwick,,62,32,4260000
421010055003002,1298,Eastwick,,12,6,4260000
421010055003003,1298,Eastwick,,273,111,4260000
421010055003004,1298,Eastwick,,54,25,4260000
421010055003005,1298,Eastwick,,645,313,4260000
421010055003006,1298,Eastwick,,409,178,4260000
421010055003007,1298,Eastwick,,0,0,4260000
421010055003008,1298,Eastwick,,182,73,4260000
421010055003009,1298,Eastwick,,216,80,4260000
421010055003010,1298,Eastwick,,0,0,4260000
421010055003011,1298,Eastwick,,0,0,4260000
421010055003012,1298,Eastwick,,0,0,4260000
421010055003013,1298,Eastwick,,0,0,4260000
421010055003014,1298,Eastwick,,111,71,4260000
421010055003015,1298,Eastwick,,0,0,4260000
421010055003016,1298,Eastwick,,0,0,4260000
421010055003017,1298,Eastwick,,148,57,4260000
421010055003018,1298,Eastwick,,0,0,4260000
421010056001000,1298,Eastwick,,0,0,4260000
421010056001001,1298,Eastwick,,0,0,4260000
421010056001002,1298,Eastwick,,0,0,4260000
421010056001003,1298,Eastwick,,203,82,4260000
421010056001004,1298,Eastwick,,0,0,4260000
421010056001005,1298,Eastwick,,27,13,4260000
421010056001006,1298,Eastwick,,96,43,4260000
421010056001007,1298,Eastwick,,0,0,4260000
421010056001008,1298,Eastwick,,0,0,4260000
421010056001009,1298,Eastwick,,0,0,4260000
421010056001010,1298,Eastwick,,0,0,4260000
421010056001011,1298,Eastwick,,0,0,4260000
421010056001012,1298,Eastwick,,0,0,4260000
421010056001013,1298,Eastwick,,0,0,4260000
421010056001014,1298,Eastwick,,0,0,4260000
421010056001015,1298,Eastwick,,261,107,4260000
421010056001016,1298,Eastwick,,20,9,4260000
421010056001017,1298,Eastwick,,462,310,4260000
421010056001018,1298,Eastwick,,42,23,4260000
421010060001018,1298,Eastwick,,0,0,4260000
421010060001019,1298,Eastwick,,0,0,4260000
421010060001021,1298,Eastwick,,0,0,4260000
421010060001024,1298,Eastwick,,0,0,4260000
421010060001025,1298,Eastwick,,0,0,4260000
421010060001026,1298,Eastwick,,0,0,4260000
421010060001027,1298,Eastwick,,0,0,4260000
421019809001073,1298,Eastwick,,0,0,4260000
421019809001083,1298,Eastwick,,0,0,4260000
421019809001084,1298,Eastwick,,0,0,4260000
421019809001085,1298,Eastwick,,0,0,4260000
421019809001086,1298,Eastwick,,0,0,4260000
421019809001087,1298,Eastwick,,0,0,4260000
421019809001088,1298,Eastwick,,0,0,4260000
421019809001089,1298,Eastwick,,0,0,4260000
421019809001090,1298,Eastwick,,0,0,4260000
421019809001091,1298,Eastwick,,0,0,4260000
421019809001092,1298,Eastwick,,0,0,4260000
421019809001093,1298,Eastwick,,0,0,4260000
421019809001094,1298,Eastwick,,0,0,4260000
421019809001095,1298,Eastwick,,0,0,4260000
421019809001096,1298,Eastwick,,0,0,4260000
421019809001097,1298,Eastwick,,0,0,4260000
421019809001098,1298,Eastwick,,0,0,4260000
421019809001099,1298,Eastwick,,0,0,4260000
421019809001100,1298,Eastwick,,0,0,4260000
421019809001101,1298,Eastwick,,0,0,4260000
421019809001102,1298,Eastwick,,0,0,4260000
421019809001103,1298,Eastwick,,0,0,4260000
421019809001104,1298,Eastwick,,0,0,4260000
421019809001105,1298,Eastwick,,0,0,4260000
421019809001107,1298,Eastwick,,0,0,4260000
421019809001108,1298,Eastwick,,0,0,4260000
421019809001109,1298,Eastwick,,0,0,4260000
421019809001114,1298,Eastwick,,0,0,4260000
421019809001115,1298,Eastwick,,0,0,4260000
421019809001175,1298,Eastwick,,0,0,4260000
421019809001176,1298,Eastwick,,0,0,4260000
421019809001177,1298,Eastwick,,0,0,4260000
421019809001178,1298,Eastwick,,0,0,4260000
421019809001179,1298,Eastwick,,0,0,4260000
421019809001180,1298,Eastwick,,0,0,4260000
421019809001181,1298,Eastwick,,0,0,4260000
421019809001193,1298,Eastwick,,0,0,4260000
421019809001200,1298,Eastwick,,0,0,4260000
421019809001201,1298,Eastwick,,0,0,4260000
421019809001202,1298,Eastwick,,0,0,4260000
421019809001203,1298,Eastwick,,8,6,4260000
421019809001204,1298,Eastwick,,1,1,4260000
421019809001205,1298,Eastwick,,4,4,4260000
421019809001206,1298,Eastwick,,8,3,4260000
421019809001207,1298,Eastwick,,0,0,4260000
421019809001208,1298,Eastwick,,0,0,4260000
421019809001211,1298,Eastwick,,0,0,4260000
421019809001212,1298,Eastwick,,0,0,4260000
421019809001213,1298,Eastwick,,0,0,4260000
421019809001230,1298,Eastwick,,0,0,4260000
421010025001008,1300,Pennsport,,4,1,4260000
421010025001009,1300,Pennsport,,8,5,4260000
421010025001010,1300,Pennsport,,41,23,4260000
421010025001011,1300,Pennsport,,29,16,4260000
421010025001012,1300,Pennsport,,49,29,4260000
421010025001013,1300,Pennsport,,65,29,4260000
421010025002005,1300,Pennsport,,5,2,4260000
421010025002006,1300,Pennsport,,63,29,4260000
421010025002007,1300,Pennsport,,39,30,4260000
421010025002008,1300,Pennsport,,97,51,4260000
421010025002009,1300,Pennsport,,36,19,4260000
421010025002010,1300,Pennsport,,51,35,4260000
421010025002011,1300,Pennsport,,51,26,4260000
421010025002012,1300,Pennsport,,10,3,4260000
421010025002013,1300,Pennsport,,38,22,4260000
421010025002014,1300,Pennsport,,64,32,4260000
421010025002015,1300,Pennsport,,39,18,4260000
421010025002016,1300,Pennsport,,12,8,4260000
421010025002017,1300,Pennsport,,0,0,4260000
421010025002018,1300,Pennsport,,24,8,4260000
421010025003000,1300,Pennsport,,112,56,4260000
421010025003007,1300,Pennsport,,64,37,4260000
421010025003008,1300,Pennsport,,102,52,4260000
421010027021000,1300,Pennsport,,12,6,4260000
421010027021001,1300,Pennsport,,27,14,4260000
421010027021002,1300,Pennsport,,35,18,4260000
421010027021003,1300,Pennsport,,9,8,4260000
421010027021004,1300,Pennsport,,15,5,4260000
421010027021005,1300,Pennsport,,36,19,4260000
421010027021006,1300,Pennsport,,13,13,4260000
421010027021007,1300,Pennsport,,0,0,4260000
421010027021008,1300,Pennsport,,64,28,4260000
421010027021009,1300,Pennsport,,119,67,4260000
421010027021010,1300,Pennsport,,56,38,4260000
421010027021011,1300,Pennsport,,9,5,4260000
421010027021012,1300,Pennsport,,0,0,4260000
421010027021013,1300,Pennsport,,127,72,4260000
421010027021014,1300,Pennsport,,21,19,4260000
421010027021015,1300,Pennsport,,93,49,4260000
421010027021016,1300,Pennsport,,105,61,4260000
421010027021017,1300,Pennsport,,52,27,4260000
421010027021018,1300,Pennsport,,101,61,4260000
421010027021019,1300,Pennsport,,13,10,4260000
421010027021020,1300,Pennsport,,9,6,4260000
421010027021021,1300,Pennsport,,0,0,4260000
421010027021022,1300,Pennsport,,53,29,4260000
421010027021023,1300,Pennsport,,15,10,4260000
421010027021024,1300,Pennsport,,102,47,4260000
421010027021025,1300,Pennsport,,32,26,4260000
421010027022000,1300,Pennsport,,101,50,4260000
421010027022001,1300,Pennsport,,92,51,4260000
421010027022002,1300,Pennsport,,62,42,4260000
421010027022003,1300,Pennsport,,89,54,4260000
421010027022004,1300,Pennsport,,115,51,4260000
421010027022005,1300,Pennsport,,75,34,4260000
421010027022006,1300,Pennsport,,108,50,4260000
421010027022007,1300,Pennsport,,123,69,4260000
421010027022008,1300,Pennsport,,143,74,4260000
421010027023000,1300,Pennsport,,138,58,4260000
421010027023001,1300,Pennsport,,94,54,4260000
421010027023002,1300,Pennsport,,76,43,4260000
421010027023003,1300,Pennsport,,106,54,4260000
421010027023004,1300,Pennsport,,73,32,4260000
421010027023005,1300,Pennsport,,0,0,4260000
421010027023006,1300,Pennsport,,75,38,4260000
421010027023007,1300,Pennsport,,124,62,4260000
421010027023008,1300,Pennsport,,54,25,4260000
421010027024000,1300,Pennsport,,138,61,4260000
421010027024001,1300,Pennsport,,86,37,4260000
421010027024002,1300,Pennsport,,51,35,4260000
421010027024003,1300,Pennsport,,61,34,4260000
421010027024004,1300,Pennsport,,44,28,4260000
421010027024005,1300,Pennsport,,94,57,4260000
421010027024006,1300,Pennsport,,42,23,4260000
421010027024007,1300,Pennsport,,37,20,4260000
421010027024008,1300,Pennsport,,140,65,4260000
421010027024009,1300,Pennsport,,107,56,4260000
421010042011002,1300,Pennsport,,0,0,4260000
421010042011003,1300,Pennsport,,144,50,4260000
421010042011004,1300,Pennsport,,97,51,4260000
421010042011005,1300,Pennsport,,127,50,4260000
421010042011006,1300,Pennsport,,119,51,4260000
421010042011007,1300,Pennsport,,0,0,4260000
421010042011010,1300,Pennsport,,120,55,4260000
421010042011011,1300,Pennsport,,110,56,4260000
421010042014000,1300,Pennsport,,109,46,4260000
421010042014001,1300,Pennsport,,62,29,4260000
421010042014002,1300,Pennsport,,129,55,4260000
421010042014003,1300,Pennsport,,124,56,4260000
421010042014009,1300,Pennsport,,68,37,4260000
421010042014010,1300,Pennsport,,106,63,4260000
421010042014011,1300,Pennsport,,66,36,4260000
421010042014012,1300,Pennsport,,97,41,4260000
421010042014013,1300,Pennsport,,116,59,4260000
421010042014014,1300,Pennsport,,125,61,4260000
